freq_0_data,Syy_0_data,freq_1_data,Syy_1_data,freq_2_data,Syy_2_data,freq_3_data,Syy_3_data,freq_4_data,Syy_4_data,freq_5_data,Syy_5_data,freq_0_fit,Syy_0_fit,freq_1_fit,Syy_1_fit,freq_2_fit,Syy_2_fit,freq_3_fit,Syy_3_fit,freq_4_fit,Syy_4_fit,freq_5_fit,Syy_5_fit
-9.99572618765593,2.19E-34,-9.99088805761374,3.61E-34,-9.98619082967983,5.53E-34,-9.99405425498774,1.54E-33,-9.98673841561493,6.06E-33,-10.0068277012507,1.67E-32,-9.99780879348209,2.29E-34,-9.99777071144018,3.29E-34,-9.99771302990187,6.28E-34,-9.99765607600595,1.51E-33,-9.99778031103401,5.75E-33,-9.99770969507072,1.58E-32
-9.93572618765593,2.05E-34,-9.93088805761374,3.15E-34,-9.95619082967983,6.13E-34,-9.96405425498774,1.63E-33,-9.95673841561493,6.46E-33,-9.97682770125078,1.64E-32,-9.99300874548154,2.29E-34,-9.99297066343974,3.29E-34,-9.99291298190133,6.28E-34,-9.99285602800556,1.51E-33,-9.99298026303347,5.75E-33,-9.99290964707033,1.58E-32
-9.87572618765593,2.13E-34,-9.87088805761374,2.86E-34,-9.92619082967983,5.95E-34,-9.93405425498774,1.50E-33,-9.92673841561493,7.61E-33,-9.94682770125079,1.70E-32,-9.98820869748109,2.29E-34,-9.98817061543919,3.29E-34,-9.98811293390085,6.28E-34,-9.98805598000496,1.51E-33,-9.98818021503308,5.75E-33,-9.98810959906984,1.58E-32
-9.81572618765593,2.23E-34,-9.81088805761374,3.28E-34,-9.89619082967983,5.65E-34,-9.90405425498774,1.47E-33,-9.89673841561493,5.80E-33,-9.91682770125079,1.59E-32,-9.98340864948068,2.29E-34,-9.98337056743875,3.29E-34,-9.98331288590046,6.28E-34,-9.98325593200452,1.51E-33,-9.98338016703255,5.75E-33,-9.98330955106929,1.58E-32
-9.75572618765593,2.19E-34,-9.75088805761374,3.32E-34,-9.86619082967983,5.62E-34,-9.87405425498774,1.39E-33,-9.86673841561493,5.17E-33,-9.88682770125079,1.64E-32,-9.97860860148007,2.29E-34,-9.97857051943833,3.29E-34,-9.97851283789987,6.28E-34,-9.97845588400411,1.51E-33,-9.97858011903202,5.75E-33,-9.9785095030689,1.58E-32
-9.69572618765593,2.10E-34,-9.69088805761374,2.97E-34,-9.83619082967983,5.62E-34,-9.84405425498774,1.46E-33,-9.83673841561493,5.52E-33,-9.85682770125079,1.66E-32,-9.97380855347966,2.29E-34,-9.97377047143772,3.29E-34,-9.97371278989942,6.28E-34,-9.97365583600352,1.51E-33,-9.97378007103165,5.75E-33,-9.97370945506839,1.58E-32
-9.63572618765593,2.19E-34,-9.63088805761374,3.08E-34,-9.80619082967983,6.32E-34,-9.81405425498774,1.69E-33,-9.80673841561493,6.24E-33,-9.82682770125079,1.82E-32,-9.96900850547927,2.29E-34,-9.96897042343731,3.29E-34,-9.96891274189904,6.28E-34,-9.96885578800311,1.51E-33,-9.96898002303111,5.75E-33,-9.96890940706785,1.58E-32
-9.57572618765593,2.22E-34,-9.57088805761374,3.29E-34,-9.77619082967983,6.05E-34,-9.78405425498774,1.56E-33,-9.77673841561493,6.17E-33,-9.79682770125079,1.81E-32,-9.9642084574786,2.29E-34,-9.96417037543692,3.29E-34,-9.9641126938984,6.28E-34,-9.96405574000263,1.51E-33,-9.96417997503059,5.75E-33,-9.96410935906747,1.58E-32
-9.51572618765593,2.07E-34,-9.51088805761374,3.02E-34,-9.74619082967983,6.21E-34,-9.75405425498774,1.36E-33,-9.74673841561493,6.31E-33,-9.76682770125079,1.60E-32,-9.95940840947822,2.29E-34,-9.95937032743626,3.29E-34,-9.95931264589799,6.28E-34,-9.95925569200209,1.51E-33,-9.95937992703021,5.75E-33,-9.95930931106695,1.58E-32
-9.45572618765593,2.17E-34,-9.45088805761374,3.03E-34,-9.71619082967983,5.97E-34,-9.72405425498774,1.50E-33,-9.71673841561493,6.11E-33,-9.73682770125078,1.68E-32,-9.9546083614778,2.29E-34,-9.95457027943588,3.29E-34,-9.95451259789758,6.28E-34,-9.9544556440017,1.51E-33,-9.95457987902965,5.75E-33,-9.95450926306641,1.58E-32
-9.39572618765593,2.17E-34,-9.39088805761374,3.16E-34,-9.68619082967983,6.41E-34,-9.69405425498774,1.69E-33,-9.68673841561493,5.58E-33,-9.70682770125079,1.65E-32,-9.94980831347719,2.29E-34,-9.94977023143545,3.29E-34,-9.94971254989696,6.28E-34,-9.94965559600117,1.51E-33,-9.94977983102916,5.75E-33,-9.94970921506603,1.58E-32
-9.33572618765593,2.25E-34,-9.33088805761374,3.14E-34,-9.65619082967983,5.73E-34,-9.66405425498774,1.56E-33,-9.65673841561493,5.59E-33,-9.67682770125079,1.72E-32,-9.94500826547679,2.29E-34,-9.94497018343485,3.29E-34,-9.94491250189655,6.28E-34,-9.94485554800065,1.51E-33,-9.94497978302878,5.75E-33,-9.94490916706548,1.58E-32
-9.27572618765593,2.20E-34,-9.27088805761374,2.79E-34,-9.62619082967983,6.18E-34,-9.63405425498774,1.49E-33,-9.62673841561493,4.71E-33,-9.64682770125078,1.50E-32,-9.94020821747633,2.29E-34,-9.94017013543444,3.29E-34,-9.94011245389612,6.28E-34,-9.94005550000026,1.51E-33,-9.94017973502819,5.75E-33,-9.94010911906499,1.58E-32
-9.21572618765593,2.29E-34,-9.21088805761374,3.30E-34,-9.59619082967983,5.55E-34,-9.60405425498774,1.50E-33,-9.59673841561493,5.46E-33,-9.61682770125079,1.63E-32,-9.93540816947578,2.29E-34,-9.93537008743399,3.29E-34,-9.93531240589555,6.28E-34,-9.93525545199972,1.51E-33,-9.93537968702775,5.75E-33,-9.9353090710646,1.58E-32
-9.15572618765593,2.43E-34,-9.15088805761374,3.27E-34,-9.56619082967983,5.81E-34,-9.57405425498774,1.52E-33,-9.56673841561493,5.57E-33,-9.58682770125079,1.66E-32,-9.93060812147535,2.29E-34,-9.93057003943343,3.29E-34,-9.93051235789512,6.28E-34,-9.93045540399922,1.51E-33,-9.93057963902734,5.75E-33,-9.93050902306403,1.58E-32
-9.09572618765593,2.17E-34,-9.09088805761374,3.08E-34,-9.53619082967983,6.01E-34,-9.54405425498774,1.41E-33,-9.53673841561493,5.50E-33,-9.55682770125079,1.53E-32,-9.92580807347485,2.29E-34,-9.92576999143301,3.29E-34,-9.92571230989464,6.28E-34,-9.92565535599883,1.51E-33,-9.92577959102673,5.75E-33,-9.92570897506358,1.58E-32
-9.03572618765593,2.10E-34,-9.03088805761374,3.16E-34,-9.50619082967983,6.09E-34,-9.51405425498774,1.62E-33,-9.50673841561493,5.65E-33,-9.52682770125079,1.49E-32,-9.92100802547436,2.29E-34,-9.92096994343251,3.29E-34,-9.92091226189412,6.28E-34,-9.92085530799827,1.51E-33,-9.92097954302634,5.75E-33,-9.92090892706317,1.58E-32
-8.97572618765593,2.17E-34,-8.97088805761374,3.07E-34,-9.47619082967983,6.19E-34,-9.48405425498774,1.44E-33,-9.47673841561493,5.72E-33,-9.49682770125079,1.46E-32,-9.91620797747392,2.29E-34,-9.91616989543201,3.30E-34,-9.91611221389371,6.28E-34,-9.91605525999779,1.51E-33,-9.91617949502586,5.75E-33,-9.91610887906256,1.58E-32
-8.91572618765593,2.25E-34,-8.91088805761374,3.11E-34,-9.44619082967983,6.51E-34,-9.45405425498774,1.52E-33,-9.44673841561493,5.76E-33,-9.46682770125079,1.52E-32,-9.91140792947339,2.29E-34,-9.91136984743158,3.30E-34,-9.91131216589318,6.28E-34,-9.9112552119974,1.51E-33,-9.91137944702529,5.75E-33,-9.91130883106217,1.58E-32
-8.85572618765593,2.19E-34,-8.85088805761374,3.01E-34,-9.41619082967983,5.86E-34,-9.42405425498774,1.60E-33,-9.41673841561493,5.07E-33,-9.43682770125079,1.47E-32,-9.90660788147291,2.29E-34,-9.90656979943105,3.30E-34,-9.90651211789269,6.28E-34,-9.90645516399682,1.51E-33,-9.90657939902491,5.75E-33,-9.9065087830617,1.58E-32
-8.79572618765593,2.21E-34,-8.79088805761374,3.02E-34,-9.38619082967983,6.23E-34,-9.39405425498774,1.69E-33,-9.38673841561493,5.77E-33,-9.40682770125078,1.56E-32,-9.90180783347251,2.29E-34,-9.90176975143057,3.30E-34,-9.9017120698923,6.28E-34,-9.90165511599636,1.51E-33,-9.90177935102442,5.75E-33,-9.90170873506111,1.58E-32
-8.73572618765593,2.12E-34,-8.73088805761374,3.21E-34,-9.35619082967983,6.06E-34,-9.36405425498774,1.55E-33,-9.35673841561493,6.20E-33,-9.37682770125079,1.54E-32,-9.89700778547193,2.29E-34,-9.89696970343017,3.30E-34,-9.89691202189171,6.28E-34,-9.89685506799596,1.51E-33,-9.89697930302386,5.75E-33,-9.89690868706073,1.58E-32
-8.67572618765593,2.30E-34,-8.67088805761374,3.40E-34,-9.32619082967983,6.13E-34,-9.33405425498774,1.38E-33,-9.32673841561493,5.66E-33,-9.34682770125079,1.73E-32,-9.89220773747148,2.29E-34,-9.89216965542958,3.30E-34,-9.89211197389125,6.28E-34,-9.89205501999534,1.51E-33,-9.89217925502348,5.75E-33,-9.89210863906026,1.58E-32
-8.61572618765593,2.36E-34,-8.61088805761374,3.15E-34,-9.29619082967983,6.15E-34,-9.30405425498774,1.35E-33,-9.29673841561493,5.98E-33,-9.31682770125078,1.68E-32,-9.8874076894711,2.29E-34,-9.88736960742914,3.30E-34,-9.88731192589086,6.28E-34,-9.88725497199494,1.51E-33,-9.88737920702296,5.75E-33,-9.88730859105968,1.58E-32
-8.55572618765593,2.17E-34,-8.55088805761374,3.08E-34,-9.26619082967983,5.45E-34,-9.27405425498774,1.47E-33,-9.26673841561493,5.59E-33,-9.28682770125079,1.79E-32,-9.88260764147045,2.29E-34,-9.88256955942876,3.30E-34,-9.88251187789026,6.28E-34,-9.88245492399448,1.51E-33,-9.88257915902243,5.75E-33,-9.8825085430593,1.58E-32
-8.49572618765593,2.47E-34,-8.49088805761374,3.02E-34,-9.23619082967983,6.19E-34,-9.24405425498774,1.32E-33,-9.23673841561493,5.85E-33,-9.25682770125079,1.61E-32,-9.87780759347004,2.29E-34,-9.8777695114281,3.30E-34,-9.87771182988982,6.28E-34,-9.87765487599391,1.51E-33,-9.87777911102204,5.75E-33,-9.87770849505881,1.58E-32
-8.43572618765593,2.28E-34,-8.43088805761374,3.41E-34,-9.20619082967983,6.42E-34,-9.21405425498774,1.65E-33,-9.20673841561493,5.32E-33,-9.22682770125078,1.76E-32,-9.87300754546965,2.29E-34,-9.8729694634277,3.30E-34,-9.87291178188943,6.28E-34,-9.87285482799353,1.51E-33,-9.87297906302151,5.75E-33,-9.87290844705825,1.58E-32
-8.37572618765593,2.17E-34,-8.37088805761374,2.94E-34,-9.17619082967983,6.23E-34,-9.18405425498774,1.62E-33,-9.17673841561493,5.24E-33,-9.19682770125079,1.73E-32,-9.86820749746903,2.29E-34,-9.86816941542731,3.30E-34,-9.86811173388882,6.28E-34,-9.86805477999303,1.51E-33,-9.86817901502099,5.75E-33,-9.86810839905786,1.58E-32
-8.31572618765593,2.13E-34,-8.31088805761374,3.08E-34,-9.14619082967983,5.63E-34,-9.15405425498774,1.61E-33,-9.14673841561493,5.52E-33,-9.16682770125079,1.65E-32,-9.86340744946861,2.29E-34,-9.86336936742668,3.30E-34,-9.86331168588839,6.28E-34,-9.86325473199248,1.51E-33,-9.8633789670206,5.75E-33,-9.86330835105734,1.58E-32
-8.25572618765593,2.27E-34,-8.25088805761374,3.21E-34,-9.11619082967983,6.82E-34,-9.12405425498774,1.33E-33,-9.11673841561493,5.96E-33,-9.13682770125079,1.60E-32,-9.85860740146819,2.29E-34,-9.85856931942627,3.30E-34,-9.85851163788797,6.28E-34,-9.8584546839921,1.51E-33,-9.85857891902005,5.75E-33,-9.85850830305682,1.58E-32
-8.19572618765593,2.21E-34,-8.19088805761374,2.83E-34,-9.08619082967983,6.04E-34,-9.09405425498774,1.53E-33,-9.08673841561493,5.29E-33,-9.10682770125079,1.56E-32,-9.85380735346762,2.29E-34,-9.85376927142584,3.30E-34,-9.85371158988738,6.28E-34,-9.85365463599158,1.51E-33,-9.85377887101958,5.75E-33,-9.85370825505642,1.58E-32
-8.13572618765593,2.36E-34,-8.13088805761374,3.18E-34,-9.05619082967983,6.14E-34,-9.06405425498774,1.53E-33,-9.05673841561493,5.50E-33,-9.07682770125079,1.61E-32,-9.84900730546718,2.29E-34,-9.84896922342527,3.30E-34,-9.84891154188695,6.28E-34,-9.84885458799104,1.51E-33,-9.84897882301917,5.75E-33,-9.84890820705588,1.58E-32
-8.07572618765593,2.24E-34,-8.07088805761374,2.95E-34,-9.02619082967983,6.23E-34,-9.03405425498774,1.35E-33,-9.02673841561493,5.44E-33,-9.04682770125079,1.74E-32,-9.84420725746671,2.29E-34,-9.84416917542483,3.30E-34,-9.84411149388649,6.28E-34,-9.84405453999066,1.51E-33,-9.84417877501858,5.75E-33,-9.84410815905541,1.58E-32
-8.01572618765593,2.16E-34,-8.01088805761374,3.22E-34,-8.99619082967983,6.49E-34,-9.00405425498774,1.42E-33,-8.99673841561493,5.49E-33,-9.01682770125079,1.55E-32,-9.83940720946618,2.29E-34,-9.83936912742436,3.30E-34,-9.83931144588594,6.28E-34,-9.83925449199012,1.51E-33,-9.83937872701817,5.75E-33,-9.83930811105499,1.58E-32
-7.95572618765593,2.44E-34,-7.95088805761374,3.38E-34,-8.96619082967983,6.29E-34,-8.97405425498774,1.54E-33,-8.96673841561493,6.34E-33,-8.98682770125078,1.56E-32,-9.83460716146577,2.29E-34,-9.83456907942384,3.30E-34,-9.83451139788554,6.28E-34,-9.83445444398961,1.51E-33,-9.83457867901771,5.75E-33,-9.83450806305442,1.58E-32
-7.89572618765593,2.56E-34,-7.89088805761374,3.31E-34,-8.93619082967983,6.13E-34,-8.94405425498774,1.46E-33,-8.93673841561493,5.63E-33,-8.95682770125079,1.58E-32,-9.82980711346525,2.29E-34,-9.82976903142342,3.30E-34,-9.82971134988504,6.28E-34,-9.82965439598923,1.51E-33,-9.82977863101713,5.75E-33,-9.82970801505399,1.58E-32
-7.83572618765593,2.16E-34,-7.83088805761374,3.11E-34,-8.90619082967983,6.77E-34,-8.91405425498774,1.52E-33,-8.90673841561493,5.44E-33,-8.92682770125079,1.51E-32,-9.82500706546475,2.29E-34,-9.82496898342291,3.30E-34,-9.82491130188451,6.28E-34,-9.82485434798867,1.51E-33,-9.82497858301674,5.75E-33,-9.82490796705355,1.58E-32
-7.77572618765593,2.17E-34,-7.77088805761374,3.11E-34,-8.87619082967983,6.17E-34,-8.88405425498774,1.55E-33,-8.87673841561493,5.75E-33,-8.89682770125078,1.61E-32,-9.82020701746436,2.29E-34,-9.8201689354224,3.30E-34,-9.82011125388413,6.28E-34,-9.8200542999882,1.51E-33,-9.82017853501628,5.75E-33,-9.82010791905295,1.58E-32
-7.71572618765593,2.27E-34,-7.71088805761374,3.52E-34,-8.84619082967983,5.60E-34,-8.85405425498774,1.61E-33,-8.84673841561493,5.30E-33,-8.86682770125079,1.60E-32,-9.81540696946377,2.29E-34,-9.81536888742201,3.30E-34,-9.81531120588357,6.28E-34,-9.8152542519878,1.51E-33,-9.81537848701569,5.75E-33,-9.81530787105256,1.58E-32
-7.65572618765593,2.43E-34,-7.65088805761374,3.12E-34,-8.81619082967983,6.35E-34,-8.82405425498774,1.67E-33,-8.81673841561493,6.19E-33,-8.83682770125079,1.60E-32,-9.81060692146331,2.29E-34,-9.81056883942143,3.30E-34,-9.81051115788308,6.28E-34,-9.8104542039872,1.51E-33,-9.8105784390153,5.75E-33,-9.81050782305212,1.58E-32
-7.59572618765593,2.61E-34,-7.59088805761374,3.51E-34,-8.78619082967983,5.78E-34,-8.79405425498774,1.74E-33,-8.78673841561493,6.09E-33,-8.80682770125079,1.63E-32,-9.80580687346292,2.29E-34,-9.80576879142097,3.30E-34,-9.8057111098827,6.28E-34,-9.80565415598679,1.51E-33,-9.80577839101483,5.75E-33,-9.80570777505152,1.58E-32
-7.53572618765593,2.31E-34,-7.53088805761374,3.15E-34,-8.75619082967983,6.13E-34,-8.76405425498774,1.65E-33,-8.75673841561493,5.77E-33,-8.77682770125079,1.69E-32,-9.80100682546231,2.29E-34,-9.80096874342058,3.30E-34,-9.80091106188211,6.28E-34,-9.80085410798634,1.51E-33,-9.80097834301426,5.75E-33,-9.80090772705113,1.58E-32
-7.47572618765593,2.37E-34,-7.47088805761374,3.39E-34,-8.72619082967983,6.04E-34,-8.73405425498774,1.57E-33,-8.72673841561493,5.89E-33,-8.74682770125079,1.50E-32,-9.79620677746188,2.29E-34,-9.79616869541996,3.30E-34,-9.79611101388164,6.28E-34,-9.79605405998575,1.51E-33,-9.79617829501387,5.75E-33,-9.79610767905068,1.58E-32
-7.41572618765593,2.40E-34,-7.41088805761374,3.48E-34,-8.69619082967983,5.72E-34,-8.70405425498774,1.52E-33,-8.69673841561493,6.21E-33,-8.71682770125079,1.50E-32,-9.79140672946149,2.29E-34,-9.79136864741954,3.30E-34,-9.79131096588127,6.28E-34,-9.79125401198537,1.51E-33,-9.79137824701337,5.75E-33,-9.79130763105008,1.58E-32
-7.35572618765593,2.32E-34,-7.35088805761374,3.46E-34,-8.66619082967983,5.70E-34,-8.67405425498774,1.43E-33,-8.66673841561493,5.99E-33,-8.68682770125079,1.79E-32,-9.78660668146087,2.30E-34,-9.78656859941915,3.30E-34,-9.78651091788068,6.28E-34,-9.78645396398488,1.51E-33,-9.78657819901284,5.75E-33,-9.78650758304969,1.58E-32
-7.29572618765593,2.41E-34,-7.29088805761374,3.16E-34,-8.63619082967983,6.17E-34,-8.64405425498774,1.49E-33,-8.63673841561493,6.16E-33,-8.65682770125078,1.62E-32,-9.78180663346045,2.30E-34,-9.78176855141853,3.30E-34,-9.78171086988021,6.28E-34,-9.78165391598431,1.51E-33,-9.78177815101244,5.75E-33,-9.7817075350492,1.58E-32
-7.23572618765593,2.41E-34,-7.23088805761374,3.21E-34,-8.60619082967983,6.08E-34,-8.61405425498774,1.56E-33,-8.60673841561493,6.48E-33,-8.62682770125079,1.63E-32,-9.77700658546003,2.30E-34,-9.7769685034181,3.30E-34,-9.77691082187983,6.28E-34,-9.77685386798392,1.51E-33,-9.7769781030119,5.75E-33,-9.77690748704867,1.58E-32
-7.17572618765593,2.34E-34,-7.17088805761374,3.27E-34,-8.57619082967983,6.85E-34,-8.58405425498774,1.38E-33,-8.57673841561493,6.32E-33,-8.59682770125079,1.63E-32,-9.77220653745945,2.30E-34,-9.77216845541769,3.30E-34,-9.77211077387921,6.28E-34,-9.77205381998344,1.51E-33,-9.77217805501142,5.75E-33,-9.77210743904826,1.58E-32
-7.11572618765593,2.28E-34,-7.11088805761374,3.30E-34,-8.54619082967983,5.93E-34,-8.55405425498774,1.43E-33,-8.54673841561493,5.99E-33,-8.56682770125078,1.65E-32,-9.76740648945901,2.30E-34,-9.76736840741711,3.30E-34,-9.7673107258788,6.28E-34,-9.76725377198288,1.51E-33,-9.767378007011,5.75E-33,-9.76730739104773,1.58E-32
-7.05572618765593,2.25E-34,-7.05088805761374,3.37E-34,-8.51619082967983,6.46E-34,-8.52405425498774,1.56E-33,-8.51673841561493,6.06E-33,-8.53682770125079,1.69E-32,-9.76260644145855,2.30E-34,-9.76256835941667,3.30E-34,-9.76251067787835,6.28E-34,-9.76245372398249,1.51E-33,-9.76257795901043,5.75E-33,-9.76250734304725,1.58E-32
-6.99572618765593,2.18E-34,-6.99088805761374,3.22E-34,-8.48619082967983,6.26E-34,-8.49405425498774,1.43E-33,-8.48673841561493,5.33E-33,-8.50682770125079,1.47E-32,-9.75780639345802,2.30E-34,-9.75776831141621,3.30E-34,-9.75771062987778,6.28E-34,-9.75765367598198,1.51E-33,-9.75777791101001,5.75E-33,-9.75770729504682,1.58E-32
-6.93572618765593,2.24E-34,-6.93088805761374,3.18E-34,-8.45619082967983,6.28E-34,-8.46405425498774,1.43E-33,-8.45673841561493,6.69E-33,-8.47682770125078,1.42E-32,-9.7530063454576,2.30E-34,-9.75296826341567,3.30E-34,-9.75291058187739,6.28E-34,-9.75285362798144,1.51E-33,-9.75297786300957,5.75E-33,-9.75290724704626,1.58E-32
-6.87572618765593,2.55E-34,-6.87088805761374,3.19E-34,-8.42619082967983,5.70E-34,-8.43405425498774,1.75E-33,-8.42673841561493,6.10E-33,-8.44682770125079,1.51E-32,-9.7482062974571,2.30E-34,-9.74816821541526,3.30E-34,-9.74811053387688,6.28E-34,-9.74805357998105,1.51E-33,-9.74817781500895,5.75E-33,-9.74810719904583,1.58E-32
-6.81572618765593,2.41E-34,-6.81088805761374,3.04E-34,-8.39619082967983,7.19E-34,-8.40405425498774,1.35E-33,-8.39673841561493,6.36E-33,-8.41682770125079,1.59E-32,-9.74340624945658,2.30E-34,-9.74336816741475,3.30E-34,-9.74331048587635,6.28E-34,-9.74325353198053,1.51E-33,-9.74337776700857,5.75E-33,-9.7433071510454,1.58E-32
-6.75572618765593,2.25E-34,-6.75088805761374,3.27E-34,-8.36619082967983,6.01E-34,-8.37405425498774,1.55E-33,-8.36673841561493,6.48E-33,-8.38682770125079,1.52E-32,-9.73860620145619,2.30E-34,-9.73856811941424,3.30E-34,-9.73851043787596,6.28E-34,-9.73845348398003,1.51E-33,-9.73857771900814,5.75E-33,-9.73850710304478,1.58E-32
-6.69572618765593,2.42E-34,-6.69088805761374,2.91E-34,-8.33619082967983,5.95E-34,-8.34405425498774,1.52E-33,-8.33673841561493,5.75E-33,-8.35682770125079,1.78E-32,-9.73380615345563,2.30E-34,-9.73376807141385,3.30E-34,-9.73371038987543,6.28E-34,-9.73365343597962,1.51E-33,-9.73377767100752,5.75E-33,-9.73370705504439,1.58E-32
-6.63572618765593,2.33E-34,-6.63088805761374,3.24E-34,-8.30619082967983,5.54E-34,-8.31405425498774,1.55E-33,-8.30673841561493,5.52E-33,-8.32682770125079,1.42E-32,-9.72900610545515,2.30E-34,-9.72896802341329,3.30E-34,-9.72891034187491,6.28E-34,-9.72885338797906,1.51E-33,-9.72897762300714,5.75E-33,-9.72890700704398,1.58E-32
-6.57572618765593,2.36E-34,-6.57088805761374,3.03E-34,-8.27619082967983,5.62E-34,-8.28405425498774,1.46E-33,-8.27673841561493,5.68E-33,-8.29682770125079,1.52E-32,-9.72420605745476,2.30E-34,-9.7241679754128,3.30E-34,-9.72411029387452,6.28E-34,-9.72405333997862,1.51E-33,-9.72417757500669,5.75E-33,-9.72410695904334,1.58E-32
-6.51572618765593,2.23E-34,-6.51088805761374,2.96E-34,-8.24619082967983,5.67E-34,-8.25405425498774,1.36E-33,-8.24673841561493,5.89E-33,-8.26682770125079,1.51E-32,-9.71940600945417,2.30E-34,-9.71936792741241,3.30E-34,-9.71931024587397,6.28E-34,-9.71925329197819,1.51E-33,-9.71937752700608,5.75E-33,-9.71930691104296,1.58E-32
-6.45572618765593,2.40E-34,-6.45088805761374,3.13E-34,-8.21619082967983,5.99E-34,-8.22405425498774,1.45E-33,-8.21673841561493,5.69E-33,-8.23682770125078,1.76E-32,-9.71460596145371,2.30E-34,-9.71456787941183,3.30E-34,-9.71451019787348,6.28E-34,-9.71445324397758,1.51E-33,-9.7145774790057,5.75E-33,-9.71450686304252,1.58E-32
-6.39572618765593,2.55E-34,-6.39088805761374,3.32E-34,-8.18619082967983,6.68E-34,-8.19405425498774,1.64E-33,-8.18673841561493,6.09E-33,-8.20682770125079,1.72E-32,-9.70980591345332,2.30E-34,-9.70976783141137,3.30E-34,-9.70971014987309,6.28E-34,-9.70965319597719,1.51E-33,-9.70977743100521,5.75E-33,-9.70970681504192,1.58E-32
-6.33572618765593,2.35E-34,-6.33088805761374,3.45E-34,-8.15619082967983,5.92E-34,-8.16405425498774,1.61E-33,-8.15673841561493,5.88E-33,-8.17682770125079,1.73E-32,-9.70500586545273,2.30E-34,-9.70496778341098,3.30E-34,-9.70491010187254,6.28E-34,-9.70485314797674,1.51E-33,-9.70497738300467,5.75E-33,-9.70490676704153,1.58E-32
-6.27572618765593,2.46E-34,-6.27088805761374,3.01E-34,-8.12619082967983,5.82E-34,-8.13405425498774,1.45E-33,-8.12673841561493,4.52E-33,-8.14682770125078,1.67E-32,-9.70020581745227,2.30E-34,-9.70016773541038,3.30E-34,-9.70011005387204,6.28E-34,-9.70005309997615,1.51E-33,-9.70017733500427,5.75E-33,-9.70010671904104,1.58E-32
-6.21572618765593,2.49E-34,-6.21088805761374,2.78E-34,-8.09619082967983,6.47E-34,-8.10405425498774,1.49E-33,-8.09673841561493,5.72E-33,-8.11682770125079,1.58E-32,-9.69540576945189,2.30E-34,-9.69536768740993,3.30E-34,-9.69531000587165,6.28E-34,-9.69525305197576,1.51E-33,-9.69537728700374,5.75E-33,-9.6953066710405,1.58E-32
-6.15572618765593,2.55E-34,-6.15088805761374,3.04E-34,-8.06619082967983,6.41E-34,-8.07405425498774,1.51E-33,-8.06673841561493,5.90E-33,-8.08682770125079,1.60E-32,-9.69060572145127,2.30E-34,-9.69056763940955,3.30E-34,-9.69050995787107,6.28E-34,-9.69045300397531,1.51E-33,-9.69057723900326,5.75E-33,-9.69050662304009,1.58E-32
-6.09572618765593,2.49E-34,-6.09088805761374,3.16E-34,-8.03619082967983,5.77E-34,-8.04405425498774,1.42E-33,-8.03673841561493,6.21E-33,-8.05682770125079,1.71E-32,-9.68580567345085,2.30E-34,-9.68576759140893,3.30E-34,-9.68570990987063,6.28E-34,-9.68565295597471,1.51E-33,-9.68577719100284,5.75E-33,-9.68570657503958,1.58E-32
-6.03572618765593,2.34E-34,-6.03088805761374,3.48E-34,-8.00619082967983,6.04E-34,-8.01405425498774,1.64E-33,-8.00673841561493,5.74E-33,-8.02682770125079,1.49E-32,-9.68100562545041,2.30E-34,-9.6809675434085,3.30E-34,-9.6809098618702,6.28E-34,-9.68085290797432,1.51E-33,-9.68097714300229,5.75E-33,-9.68090652703909,1.58E-32
-5.97572618765593,2.60E-34,-5.97088805761374,3.65E-34,-7.97619082967983,5.90E-34,-7.98405425498774,1.58E-33,-7.97673841561493,5.91E-33,-7.99682770125079,1.60E-32,-9.67620557744984,2.30E-34,-9.67616749540807,3.30E-34,-9.67610981386961,6.28E-34,-9.67605285997383,1.51E-33,-9.67617709500184,5.75E-33,-9.67610647903866,1.58E-32
-5.91572618765593,2.54E-34,-5.91088805761374,2.99E-34,-7.94619082967983,5.90E-34,-7.95405425498774,1.47E-33,-7.94673841561493,5.92E-33,-7.96682770125078,1.43E-32,-9.67140552944944,2.30E-34,-9.6713674474075,3.30E-34,-9.67130976586922,6.29E-34,-9.67125281197328,1.51E-33,-9.6713770470014,5.75E-33,-9.67130643103812,1.58E-32
-5.85572618765593,2.48E-34,-5.85088805761374,3.60E-34,-7.91619082967983,6.47E-34,-7.92405425498774,1.48E-33,-7.91673841561493,5.47E-33,-7.93682770125079,1.68E-32,-9.66660548144896,2.30E-34,-9.66656739940709,3.30E-34,-9.66650971786873,6.29E-34,-9.66645276397289,1.51E-33,-9.66657699900081,5.75E-33,-9.66650638303766,1.58E-32
-5.79572618765593,2.61E-34,-5.79088805761374,3.71E-34,-7.88619082967983,5.87E-34,-7.89405425498774,1.39E-33,-7.88673841561493,6.31E-33,-7.90682770125079,1.64E-32,-9.66180543344841,2.30E-34,-9.66176735140661,3.30E-34,-9.66170966986818,6.29E-34,-9.66165271597236,1.51E-33,-9.6617769510004,5.75E-33,-9.66170633503724,1.58E-32
-5.73572618765593,2.32E-34,-5.73088805761374,3.34E-34,-7.85619082967983,6.38E-34,-7.86405425498774,1.68E-33,-7.85673841561493,6.16E-33,-7.87682770125078,1.65E-32,-9.65700538544803,2.30E-34,-9.65696730340606,3.30E-34,-9.65690962186779,6.29E-34,-9.65685266797187,1.51E-33,-9.65697690299998,5.75E-33,-9.65690628703664,1.58E-32
-5.67572618765593,2.64E-34,-5.67088805761374,3.92E-34,-7.82619082967983,6.24E-34,-7.83405425498774,1.56E-33,-7.82673841561493,5.77E-33,-7.84682770125079,1.66E-32,-9.65220533744749,2.30E-34,-9.65216725540568,3.30E-34,-9.6521095738673,6.29E-34,-9.65205261997146,1.51E-33,-9.65217685499935,5.75E-33,-9.65210623903622,1.58E-32
-5.61572618765593,2.56E-34,-5.61088805761374,3.64E-34,-7.79619082967983,6.62E-34,-7.80405425498774,1.47E-33,-7.79673841561493,5.28E-33,-7.81682770125079,1.69E-32,-9.64740528944697,2.30E-34,-9.64736720740514,3.30E-34,-9.64730952586675,6.29E-34,-9.64725257197091,1.51E-33,-9.64737680699896,5.75E-33,-9.64730619103583,1.58E-32
-5.55572618765593,2.53E-34,-5.55088805761374,3.18E-34,-7.76619082967983,6.11E-34,-7.77405425498774,1.27E-33,-7.76673841561493,5.76E-33,-7.78682770125079,1.62E-32,-9.64260524144659,2.30E-34,-9.64256715940463,3.30E-34,-9.64250947786636,6.29E-34,-9.64245252397046,1.51E-33,-9.64257675899855,5.75E-33,-9.64250614303517,1.58E-32
-5.49572618765593,2.58E-34,-5.49088805761374,3.30E-34,-7.73619082967983,6.41E-34,-7.74405425498774,1.53E-33,-7.73673841561493,5.52E-33,-7.75682770125078,1.50E-32,-9.63780519344603,2.30E-34,-9.63776711140425,3.30E-34,-9.63770942986583,6.29E-34,-9.63765247597002,1.51E-33,-9.63777671099792,5.75E-33,-9.63770609503478,1.58E-32
-5.43572618765593,2.60E-34,-5.43088805761374,3.21E-34,-7.70619082967983,5.35E-34,-7.71405425498774,1.39E-33,-7.70673841561493,5.82E-33,-7.72682770125079,1.55E-32,-9.63300514544554,2.30E-34,-9.63296706340369,3.30E-34,-9.6329093818653,6.29E-34,-9.63285242796943,1.51E-33,-9.63297666299753,5.75E-33,-9.63290604703438,1.58E-32
-5.37572618765593,2.55E-34,-5.37088805761374,3.20E-34,-7.67619082967983,6.02E-34,-7.68405425498774,1.67E-33,-7.67673841561493,6.01E-33,-7.69682770125079,1.44E-32,-9.62820509744516,2.30E-34,-9.62816701540319,3.30E-34,-9.62810933386492,6.29E-34,-9.62805237996902,1.51E-33,-9.62817661499707,5.75E-33,-9.62810599903375,1.58E-32
-5.31572618765593,2.63E-34,-5.31088805761374,3.64E-34,-7.64619082967983,6.15E-34,-7.65405425498774,1.27E-33,-7.64673841561493,6.28E-33,-7.66682770125078,1.70E-32,-9.62340504944459,2.30E-34,-9.62336696740282,3.30E-34,-9.62330928586437,6.29E-34,-9.6232523319686,1.51E-33,-9.62337656699651,5.75E-33,-9.62330595103335,1.58E-32
-5.25572618765593,2.51E-34,-5.25088805761374,3.23E-34,-7.61619082967983,6.55E-34,-7.62405425498774,1.51E-33,-7.61673841561493,6.00E-33,-7.63682770125078,1.48E-32,-9.61860500144411,2.30E-34,-9.61856691940224,3.30E-34,-9.61850923786388,6.29E-34,-9.61845228396797,1.51E-33,-9.61857651899609,5.75E-33,-9.6185059030329,1.58E-32
-5.19572618765593,2.39E-34,-5.19088805761374,3.36E-34,-7.58619082967983,5.97E-34,-7.59405425498774,1.51E-33,-7.58673841561493,5.88E-33,-7.60682770125079,1.66E-32,-9.61380495344373,2.30E-34,-9.61376687140176,3.31E-34,-9.61370918986349,6.29E-34,-9.61365223596759,1.51E-33,-9.6137764709956,5.75E-33,-9.61370585503234,1.58E-32
-5.13572618765593,2.67E-34,-5.13088805761374,3.02E-34,-7.55619082967983,5.95E-34,-7.56405425498774,1.53E-33,-7.55673841561493,6.57E-33,-7.57682770125079,1.69E-32,-9.60900490544313,2.30E-34,-9.60896682340138,3.31E-34,-9.60890914186292,6.29E-34,-9.60885218796717,1.51E-33,-9.6089764229951,5.75E-33,-9.60890580703192,1.58E-32
-5.07572618765593,2.65E-34,-5.07088805761374,3.30E-34,-7.52619082967983,6.29E-34,-7.53405425498774,1.58E-33,-7.52673841561493,5.75E-33,-7.54682770125078,1.59E-32,-9.6042048574427,2.30E-34,-9.60416677540079,3.31E-34,-9.60410909386247,6.29E-34,-9.60405213996654,1.51E-33,-9.60417637499466,5.75E-33,-9.60410575903143,1.58E-32
-5.01572618765593,2.81E-34,-5.01088805761374,3.52E-34,-7.49619082967983,6.22E-34,-7.50405425498774,1.49E-33,-7.49673841561493,5.72E-33,-7.51682770125079,1.51E-32,-9.59940480944226,2.30E-34,-9.59936672740035,3.31E-34,-9.59930904586206,6.29E-34,-9.59925209196616,1.51E-33,-9.59937632699415,5.75E-33,-9.59930571103092,1.58E-32
-4.95572618765593,2.77E-34,-4.95088805761374,3.40E-34,-7.46619082967983,5.28E-34,-7.47405425498774,1.48E-33,-7.46673841561493,6.21E-33,-7.48682770125079,1.40E-32,-9.59460476144167,2.30E-34,-9.59456667939991,3.31E-34,-9.59450899786144,6.29E-34,-9.59445204396569,1.51E-33,-9.59457627899366,5.75E-33,-9.59450566303049,1.58E-32
-4.89572618765593,3.01E-34,-4.89088805761374,3.45E-34,-7.43619082967983,5.55E-34,-7.44405425498774,1.59E-33,-7.43673841561493,6.45E-33,-7.45682770125078,1.49E-32,-9.58980471344127,2.30E-34,-9.58976663139933,3.31E-34,-9.58970894986106,6.29E-34,-9.58965199596513,1.51E-33,-9.58977623099325,5.75E-33,-9.58970561502998,1.58E-32
-4.83572618765593,2.39E-34,-4.83088805761374,3.48E-34,-7.40619082967983,6.22E-34,-7.41405425498774,1.41E-33,-7.40673841561493,6.05E-33,-7.42682770125078,1.60E-32,-9.58500466544079,2.31E-34,-9.58496658339893,3.31E-34,-9.58490890186059,6.29E-34,-9.58485194796471,1.51E-33,-9.58497618299267,5.75E-33,-9.58490556702949,1.58E-32
-4.77572618765593,2.81E-34,-4.77088805761374,3.61E-34,-7.37619082967983,5.85E-34,-7.38405425498774,1.53E-33,-7.37673841561493,6.13E-33,-7.39682770125079,1.49E-32,-9.58020461744024,2.31E-34,-9.58016653539845,3.31E-34,-9.58010885386,6.29E-34,-9.58005189996422,1.51E-33,-9.58017613499223,5.75E-33,-9.58010551902908,1.58E-32
-4.71572618765593,2.99E-34,-4.71088805761374,3.79E-34,-7.34619082967983,5.87E-34,-7.35405425498774,1.43E-33,-7.34673841561493,4.90E-33,-7.36682770125079,1.58E-32,-9.57540456943985,2.31E-34,-9.5753664873979,3.31E-34,-9.57530880585963,6.29E-34,-9.5752518519637,1.51E-33,-9.57537608699183,5.75E-33,-9.5753054710285,1.58E-32
-4.65572618765593,2.87E-34,-4.65088805761374,3.48E-34,-7.31619082967983,6.14E-34,-7.32405425498774,1.60E-33,-7.31673841561493,5.82E-33,-7.33682770125078,1.50E-32,-9.57060452143935,2.31E-34,-9.57056643939751,3.31E-34,-9.57050875785915,6.29E-34,-9.57045180396328,1.51E-33,-9.57057603899119,5.75E-33,-9.57050542302805,1.58E-32
-4.59572618765593,2.72E-34,-4.59088805761374,3.22E-34,-7.28619082967983,5.91E-34,-7.29405425498774,1.66E-33,-7.28673841561493,5.99E-33,-7.30682770125079,1.38E-32,-9.56580447343881,2.31E-34,-9.565766391397,3.31E-34,-9.56570870985857,6.29E-34,-9.56565175596276,1.51E-33,-9.5657759909908,5.75E-33,-9.56570537502766,1.58E-32
-4.53572618765593,2.71E-34,-4.53088805761374,3.34E-34,-7.25619082967983,6.66E-34,-7.26405425498774,1.56E-33,-7.25673841561493,5.22E-33,-7.27682770125079,1.60E-32,-9.56100442543842,2.31E-34,-9.56096634339646,3.31E-34,-9.56090866185819,6.29E-34,-9.56085170796228,1.51E-33,-9.5609759429904,5.75E-33,-9.56090532702702,1.58E-32
-4.47572618765593,3.09E-34,-4.47088805761374,3.56E-34,-7.22619082967983,6.66E-34,-7.23405425498774,1.63E-33,-7.22673841561493,5.36E-33,-7.24682770125079,1.74E-32,-9.55620437743789,2.31E-34,-9.55616629539607,3.31E-34,-9.5561086138577,6.29E-34,-9.55605165996186,1.51E-33,-9.55617589498975,5.75E-33,-9.55610527902662,1.58E-32
-4.41572618765593,2.93E-34,-4.41088805761374,3.83E-34,-7.19619082967983,6.17E-34,-7.20405425498774,1.59E-33,-7.19673841561493,5.74E-33,-7.21682770125078,1.47E-32,-9.55140432943737,2.31E-34,-9.55136624739555,3.31E-34,-9.55130856585714,6.29E-34,-9.55125161196128,1.51E-33,-9.55137584698936,5.75E-33,-9.55130523102623,1.58E-32
-4.35572618765593,2.80E-34,-4.35088805761374,3.86E-34,-7.16619082967983,5.95E-34,-7.17405425498774,1.40E-33,-7.16673841561493,5.55E-33,-7.18682770125079,1.45E-32,-9.54660428143698,2.31E-34,-9.54656619939503,3.31E-34,-9.54650851785675,6.29E-34,-9.54645156396085,1.51E-33,-9.54657579898892,5.75E-33,-9.54650518302559,1.58E-32
-4.29572618765593,2.93E-34,-4.29088805761374,3.51E-34,-7.13619082967983,6.54E-34,-7.14405425498774,1.34E-33,-7.13673841561493,5.48E-33,-7.15682770125079,1.43E-32,-9.54180423343644,2.31E-34,-9.54176615139464,3.31E-34,-9.54170846985623,6.29E-34,-9.54165151596045,1.51E-33,-9.54177575098834,5.75E-33,-9.54170513502518,1.58E-32
-4.23572618765593,3.22E-34,-4.23088805761374,3.41E-34,-7.10619082967983,6.78E-34,-7.11405425498774,1.61E-33,-7.10673841561493,5.84E-33,-7.12682770125078,1.36E-32,-9.53700418543594,2.31E-34,-9.5369661033941,3.31E-34,-9.53690842185571,6.29E-34,-9.53685146795982,1.51E-33,-9.53697570298793,5.75E-33,-9.53690508702475,1.58E-32
-4.17572618765593,3.06E-34,-4.17088805761374,3.77E-34,-7.07619082967983,6.81E-34,-7.08405425498774,1.69E-33,-7.07673841561493,5.29E-33,-7.09682770125079,1.45E-32,-9.53220413743555,2.31E-34,-9.5321660553936,3.31E-34,-9.53210837385531,6.29E-34,-9.53205141995942,1.51E-33,-9.53217565498745,5.75E-33,-9.53210503902417,1.58E-32
-4.11572618765593,3.13E-34,-4.11088805761374,3.36E-34,-7.04619082967983,6.46E-34,-7.05405425498774,1.42E-33,-7.04673841561493,5.20E-33,-7.06682770125079,1.53E-32,-9.52740408943499,2.31E-34,-9.5273660073932,3.31E-34,-9.52730832585478,6.29E-34,-9.52725137195902,1.51E-33,-9.52737560698693,5.75E-33,-9.52730499102375,1.58E-32
-4.05572618765593,2.92E-34,-4.05088805761374,4.16E-34,-7.01619082967983,5.82E-34,-7.02405425498774,1.45E-33,-7.01673841561493,4.91E-33,-7.03682770125079,1.50E-32,-9.52260404143453,2.31E-34,-9.52256595939264,3.31E-34,-9.5225082778543,6.29E-34,-9.52245132395837,1.51E-33,-9.5225755589865,5.75E-33,-9.52250494302328,1.58E-32
-3.99572618765593,3.07E-34,-3.99088805761374,3.64E-34,-6.98619082967983,5.66E-34,-6.99405425498774,1.35E-33,-6.98673841561493,5.25E-33,-7.00682770125078,1.58E-32,-9.51780399343412,2.31E-34,-9.51776591139218,3.31E-34,-9.51770822985388,6.29E-34,-9.51765127595798,1.51E-33,-9.51777551098599,5.75E-33,-9.51770489502275,1.58E-32
-3.93572618765593,3.43E-34,-3.93088805761374,3.96E-34,-6.95619082967983,5.55E-34,-6.96405425498774,1.47E-33,-6.95673841561493,5.74E-33,-6.97682770125079,1.55E-32,-9.51300394543351,2.31E-34,-9.51296586339177,3.31E-34,-9.5129081818533,6.29E-34,-9.51285122795755,1.51E-33,-9.5129754629855,5.75E-33,-9.51290484702233,1.58E-32
-3.87572618765593,3.23E-34,-3.87088805761374,4.00E-34,-6.92619082967983,6.14E-34,-6.93405425498774,1.61E-33,-6.92673841561493,5.51E-33,-6.94682770125079,1.68E-32,-9.50820389743311,2.31E-34,-9.50816581539117,3.31E-34,-9.50810813385288,6.29E-34,-9.50805117995696,1.51E-33,-9.50817541498509,5.75E-33,-9.50810479902182,1.58E-32
-3.81572618765593,3.24E-34,-3.81088805761374,4.01E-34,-6.89619082967983,5.65E-34,-6.90405425498774,1.52E-33,-6.89673841561493,5.62E-33,-6.91682770125078,1.53E-32,-9.50340384943265,2.31E-34,-9.50336576739076,3.31E-34,-9.50330808585245,6.29E-34,-9.50325113195655,1.51E-33,-9.50337536698451,5.75E-33,-9.50330475102132,1.58E-32
-3.75572618765593,3.67E-34,-3.75088805761374,3.67E-34,-6.86619082967983,5.96E-34,-6.87405425498774,1.71E-33,-6.86673841561493,4.93E-33,-6.88682770125078,1.62E-32,-9.49860380143206,2.31E-34,-9.4985657193903,3.31E-34,-9.49850803785184,6.29E-34,-9.49845108395608,1.51E-33,-9.49857531898407,5.75E-33,-9.49850470302092,1.58E-32
-3.69572618765593,3.28E-34,-3.69088805761374,3.63E-34,-6.83619082967983,6.60E-34,-6.84405425498774,1.52E-33,-6.83673841561493,5.34E-33,-6.85682770125079,1.76E-32,-9.49380375343168,2.31E-34,-9.49376567138972,3.31E-34,-9.49370798985145,6.29E-34,-9.49365103595555,1.51E-33,-9.49377527098368,5.75E-33,-9.49370465502034,1.58E-32
-3.63572618765593,3.62E-34,-3.63088805761374,3.83E-34,-6.80619082967983,6.18E-34,-6.81405425498774,1.32E-33,-6.80673841561493,5.24E-33,-6.82682770125079,1.63E-32,-9.4890037054312,2.31E-34,-9.48896562338934,3.31E-34,-9.48890794185101,6.29E-34,-9.48885098795511,1.51E-33,-9.48897522298304,5.75E-33,-9.48890460701989,1.58E-32
-3.57572618765593,3.18E-34,-3.57088805761374,3.65E-34,-6.77619082967983,6.57E-34,-6.78405425498774,1.33E-33,-6.77673841561493,6.15E-33,-6.79682770125078,1.57E-32,-9.48420365743063,2.31E-34,-9.48416557538886,3.31E-34,-9.48410789385041,6.29E-34,-9.48405093995462,1.51E-33,-9.48417517498263,5.75E-33,-9.4841045590195,1.58E-32
-3.51572618765593,3.47E-34,-3.51088805761374,3.59E-34,-6.74619082967983,5.98E-34,-6.75405425498774,1.48E-33,-6.74673841561493,5.37E-33,-6.76682770125079,1.72E-32,-9.47940360943025,2.31E-34,-9.47936552738829,3.31E-34,-9.47930784585002,6.29E-34,-9.47925089195412,1.51E-33,-9.47937512698224,5.75E-33,-9.47930451101889,1.58E-32
-3.45572618765593,3.70E-34,-3.45088805761374,3.98E-34,-6.71619082967983,6.19E-34,-6.72405425498774,1.46E-33,-6.71673841561493,5.49E-33,-6.73682770125079,1.57E-32,-9.47460356142975,2.31E-34,-9.47456547938791,3.31E-34,-9.47450779784956,6.29E-34,-9.47445084395369,1.51E-33,-9.47457507898161,5.75E-33,-9.47450446301845,1.58E-32
-3.39572618765593,3.74E-34,-3.39088805761374,3.54E-34,-6.68619082967983,6.60E-34,-6.69405425498774,1.64E-33,-6.68673841561493,5.97E-33,-6.70682770125078,1.62E-32,-9.4698035134292,2.31E-34,-9.4697654313874,3.31E-34,-9.46970774984897,6.29E-34,-9.46965079595313,1.51E-33,-9.46977503098119,5.75E-33,-9.46970441501806,1.58E-32
-3.33572618765593,3.79E-34,-3.33088805761374,3.92E-34,-6.65619082967983,6.07E-34,-6.66405425498774,1.60E-33,-6.65673841561493,5.53E-33,-6.67682770125078,1.84E-32,-9.46500346542882,2.31E-34,-9.46496538338685,3.31E-34,-9.46490770184858,6.29E-34,-9.46485074795268,1.51E-33,-9.46497498298077,5.75E-33,-9.46490436701745,1.58E-32
-3.27572618765593,3.67E-34,-3.27088805761374,3.87E-34,-6.62619082967983,6.23E-34,-6.63405425498774,1.52E-33,-6.62673841561493,5.86E-33,-6.64682770125079,1.61E-32,-9.46020341742829,2.31E-34,-9.46016533538647,3.31E-34,-9.46010765384809,6.29E-34,-9.46005069995228,1.51E-33,-9.46017493498018,5.75E-33,-9.46010431901701,1.58E-32
-3.21572618765593,3.88E-34,-3.21088805761374,3.70E-34,-6.59619082967983,5.95E-34,-6.60405425498774,1.38E-33,-6.59673841561493,6.71E-33,-6.61682770125079,1.70E-32,-9.45540336942778,2.31E-34,-9.45536528738595,3.31E-34,-9.45530760584756,6.29E-34,-9.45525065195166,1.51E-33,-9.45537488697975,5.75E-33,-9.45530427101661,1.58E-32
-3.15572618765593,3.80E-34,-3.15088805761374,4.18E-34,-6.56619082967983,6.27E-34,-6.57405425498774,1.29E-33,-6.56673841561493,5.59E-33,-6.58682770125078,1.49E-32,-9.45060332142738,2.31E-34,-9.45056523938543,3.31E-34,-9.45050755784715,6.29E-34,-9.45045060395125,1.51E-33,-9.45057483897931,5.75E-33,-9.45050422301601,1.58E-32
-3.09572618765593,4.16E-34,-3.09088805761374,4.36E-34,-6.53619082967983,5.53E-34,-6.54405425498774,1.56E-33,-6.53673841561493,5.29E-33,-6.55682770125079,1.64E-32,-9.44580327342683,2.31E-34,-9.44576519138504,3.31E-34,-9.44570750984663,6.29E-34,-9.44565055595086,1.51E-33,-9.44577479097876,5.75E-33,-9.44570417501557,1.58E-32
-3.03572618765593,4.15E-34,-3.03088805761374,4.58E-34,-6.50619082967983,6.15E-34,-6.51405425498774,1.48E-33,-6.50673841561493,6.03E-33,-6.52682770125079,1.71E-32,-9.44100322542636,2.31E-34,-9.44096514338449,3.31E-34,-9.44090746184614,6.29E-34,-9.44085050795022,1.51E-33,-9.44097474297833,5.75E-33,-9.44090412701514,1.58E-32
-2.97572618765593,3.88E-34,-2.97088805761374,4.26E-34,-6.47619082967983,5.75E-34,-6.48405425498774,1.24E-33,-6.47673841561493,6.14E-33,-6.49682770125079,1.43E-32,-9.43620317742595,2.31E-34,-9.43616509538402,3.31E-34,-9.43610741384571,6.29E-34,-9.43605045994982,1.51E-33,-9.43617469497785,5.75E-33,-9.43610407901458,1.58E-32
-2.91572618765593,4.37E-34,-2.91088805761374,4.29E-34,-6.44619082967983,5.85E-34,-6.45405425498774,1.77E-33,-6.44673841561493,5.10E-33,-6.46682770125078,1.57E-32,-9.43140312942535,2.31E-34,-9.43136504738361,3.31E-34,-9.43130736584514,6.29E-34,-9.43125041194939,1.51E-33,-9.43137464697732,5.75E-33,-9.43130403101416,1.58E-32
-2.85572618765593,4.61E-34,-2.85088805761374,4.41E-34,-6.41619082967983,6.33E-34,-6.42405425498774,1.48E-33,-6.41673841561493,5.00E-33,-6.43682770125079,1.62E-32,-9.42660308142495,2.31E-34,-9.42656499938301,3.31E-34,-9.42650731784472,6.29E-34,-9.42645036394879,1.51E-33,-9.42657459897692,5.75E-33,-9.42650398301368,1.58E-32
-2.79572618765593,4.74E-34,-2.79088805761374,4.02E-34,-6.38619082967983,5.90E-34,-6.39405425498774,1.61E-33,-6.38673841561493,5.56E-33,-6.40682770125079,1.69E-32,-9.42180303342451,2.31E-34,-9.42176495138261,3.31E-34,-9.42170726984429,6.29E-34,-9.42165031594838,1.51E-33,-9.42177455097637,5.75E-33,-9.42170393501314,1.58E-32
-2.73572618765593,4.53E-34,-2.73088805761374,4.30E-34,-6.35619082967983,6.58E-34,-6.36405425498774,1.72E-33,-6.35673841561493,5.20E-33,-6.37682770125078,1.53E-32,-9.4170029854239,2.31E-34,-9.41696490338216,3.31E-34,-9.41690722184367,6.29E-34,-9.41685026794792,1.51E-33,-9.41697450297589,5.75E-33,-9.41690388701275,1.58E-32
-2.67572618765593,4.59E-34,-2.67088805761374,4.82E-34,-6.32619082967983,6.06E-34,-6.33405425498774,1.55E-33,-6.32673841561493,5.56E-33,-6.34682770125079,1.61E-32,-9.41220293742352,2.31E-34,-9.41216485538155,3.31E-34,-9.41210717384328,6.29E-34,-9.41205021994738,1.51E-33,-9.41217445497551,5.75E-33,-9.4121038390122,1.58E-32
-2.61572618765593,5.06E-34,-2.61088805761374,4.86E-34,-6.29619082967983,5.64E-34,-6.30405425498774,1.38E-33,-6.29673841561493,5.90E-33,-6.31682770125079,1.64E-32,-9.40740288942307,2.31E-34,-9.40736480738118,3.31E-34,-9.40730712584287,6.29E-34,-9.40725017194695,1.51E-33,-9.4073744069749,5.75E-33,-9.40730379101171,1.58E-32
-2.55572618765593,4.72E-34,-2.55088805761374,5.13E-34,-6.26619082967983,6.05E-34,-6.27405425498774,1.42E-33,-6.26673841561493,6.98E-33,-6.28682770125079,1.65E-32,-9.40260284142247,2.31E-34,-9.40256475938073,3.31E-34,-9.40250707784223,6.29E-34,-9.40245012394646,1.51E-33,-9.40257435897445,5.75E-33,-9.40250374301133,1.58E-32
-2.49572618765593,4.96E-34,-2.49088805761374,4.87E-34,-6.23619082967983,5.80E-34,-6.24405425498774,1.45E-33,-6.23673841561493,6.16E-33,-6.25682770125078,1.52E-32,-9.39780279342207,2.32E-34,-9.39776471138012,3.31E-34,-9.39770702984185,6.29E-34,-9.39765007594595,1.51E-33,-9.39777431097408,5.75E-33,-9.39770369501075,1.58E-32
-2.43572618765593,5.50E-34,-2.43088805761374,5.38E-34,-6.20619082967983,6.31E-34,-6.21405425498774,1.54E-33,-6.20673841561493,6.69E-33,-6.22682770125079,1.46E-32,-9.3930027454216,2.32E-34,-9.39296466337973,3.31E-34,-9.3929069818414,6.29E-34,-9.39285002794554,1.51E-33,-9.39297426297346,5.75E-33,-9.39290364701028,1.58E-32
-2.37572618765593,5.17E-34,-2.37088805761374,5.07E-34,-6.17619082967983,6.49E-34,-6.18405425498774,1.44E-33,-6.17673841561493,5.52E-33,-6.19682770125079,1.63E-32,-9.38820269742103,2.32E-34,-9.38816461537926,3.31E-34,-9.38810693384081,6.29E-34,-9.38804997994499,1.51E-33,-9.38817421497302,5.75E-33,-9.3881035990099,1.58E-32
-2.31572618765593,6.36E-34,-2.31088805761374,4.91E-34,-6.14619082967983,6.74E-34,-6.15405425498774,1.79E-33,-6.14673841561493,5.76E-33,-6.16682770125078,1.57E-32,-9.38340264942064,2.32E-34,-9.38336456737869,3.31E-34,-9.38330688584042,6.29E-34,-9.38324993194452,1.51E-33,-9.38337416697263,5.75E-33,-9.3833035510093,1.58E-32
-2.25572618765593,5.78E-34,-2.25088805761374,5.15E-34,-6.11619082967983,6.39E-34,-6.12405425498774,1.46E-33,-6.11673841561493,5.09E-33,-6.13682770125078,1.68E-32,-9.37860260142015,2.32E-34,-9.3785645193783,3.31E-34,-9.37850683783994,6.29E-34,-9.37844988394413,1.51E-33,-9.37857411897202,5.75E-33,-9.37850350300884,1.58E-32
-2.19572618765593,6.05E-34,-2.19088805761374,5.68E-34,-6.08619082967983,6.25E-34,-6.09405425498774,1.34E-33,-6.08673841561493,4.99E-33,-6.10682770125079,1.44E-32,-9.37380255341961,2.32E-34,-9.3737644713778,3.31E-34,-9.3737067898394,6.29E-34,-9.37364983594352,1.51E-33,-9.37377407097159,5.75E-33,-9.37370345500846,1.58E-32
-2.13572618765593,7.11E-34,-2.13088805761374,5.72E-34,-6.05619082967983,6.52E-34,-6.06405425498774,1.52E-33,-6.05673841561493,5.21E-33,-6.07682770125079,1.44E-32,-9.36900250541921,2.32E-34,-9.36896442337727,3.31E-34,-9.36890674183898,6.29E-34,-9.36884978794307,1.51E-33,-9.36897402297116,5.75E-33,-9.36890340700785,1.58E-32
-2.07572618765593,7.19E-34,-2.07088805761374,5.82E-34,-6.02619082967983,6.21E-34,-6.03405425498774,1.47E-33,-6.02673841561493,5.41E-33,-6.04682770125078,1.53E-32,-9.36420245741869,2.32E-34,-9.36416437537686,3.31E-34,-9.36410669383847,6.29E-34,-9.36404973994269,1.51E-33,-9.36417397497059,5.75E-33,-9.36410335900742,1.58E-32
-2.01572618765593,7.75E-34,-2.01088805761374,6.14E-34,-5.99619082967983,5.93E-34,-6.00405425498774,1.42E-33,-5.99673841561493,6.11E-33,-6.01682770125079,1.43E-32,-9.3594024094182,2.32E-34,-9.35936432737635,3.31E-34,-9.35930664583799,6.29E-34,-9.35924969194205,1.51E-33,-9.35937392697017,5.75E-33,-9.359303311007,1.58E-32
-1.95572618765593,7.68E-34,-1.95088805761374,6.33E-34,-5.96619082967983,5.81E-34,-5.97405425498774,1.68E-33,-5.96673841561493,5.81E-33,-5.98682770125079,1.57E-32,-9.35460236141778,2.32E-34,-9.35456427937586,3.31E-34,-9.35450659783755,6.29E-34,-9.35444964394164,1.51E-33,-9.35457387896967,5.75E-33,-9.35450326300641,1.58E-32
-1.89572618765593,8.37E-34,-1.89088805761374,6.56E-34,-5.93619082967983,5.57E-34,-5.94405425498774,1.56E-33,-5.93673841561493,6.12E-33,-5.95682770125078,1.84E-32,-9.34980231341721,2.32E-34,-9.34976423137543,3.31E-34,-9.349706549837,6.29E-34,-9.34964959594125,1.51E-33,-9.34977383096916,5.75E-33,-9.349703215006,1.58E-32
-1.83572618765593,8.13E-34,-1.83088805761374,6.53E-34,-5.90619082967983,5.59E-34,-5.91405425498774,1.46E-33,-5.90673841561493,6.30E-33,-5.92682770125078,1.76E-32,-9.34500226541678,2.32E-34,-9.34496418337487,3.31E-34,-9.34490650183655,6.29E-34,-9.34484954794063,1.51E-33,-9.34497378296876,5.75E-33,-9.3449031670055,1.58E-32
-1.77572618765593,9.56E-34,-1.77088805761374,7.53E-34,-5.87619082967983,6.12E-34,-5.88405425498774,1.44E-33,-5.87673841561493,5.78E-33,-5.89682770125079,1.76E-32,-9.34020221741635,2.32E-34,-9.34016413537443,3.32E-34,-9.34010645383614,6.29E-34,-9.34004949994021,1.51E-33,-9.34017373496822,5.75E-33,-9.34010311900498,1.58E-32
-1.71572618765593,8.31E-34,-1.71088805761374,7.24E-34,-5.84619082967983,6.12E-34,-5.85405425498774,1.34E-33,-5.84673841561493,6.00E-33,-5.86682770125079,1.60E-32,-9.33540216941575,2.32E-34,-9.33536408737401,3.32E-34,-9.33530640583553,6.29E-34,-9.33524945193978,1.51E-33,-9.33537368696772,5.75E-33,-9.33530307100459,1.58E-32
-1.65572618765593,9.38E-34,-1.65088805761374,7.68E-34,-5.81619082967983,5.70E-34,-5.82405425498774,1.39E-33,-5.81673841561493,6.02E-33,-5.83682770125078,1.67E-32,-9.33060212141534,2.32E-34,-9.3305640393734,3.32E-34,-9.33050635783511,6.29E-34,-9.33044940393921,1.51E-33,-9.33057363896733,5.75E-33,-9.33050302300405,1.58E-32
-1.59572618765593,1.01E-33,-1.59088805761374,7.56E-34,-5.78619082967983,5.43E-34,-5.79405425498774,1.41E-33,-5.78673841561493,5.63E-33,-5.80682770125079,1.43E-32,-9.32580207341492,2.32E-34,-9.325763991373,3.32E-34,-9.32570630983471,6.29E-34,-9.32564935593878,1.51E-33,-9.32577359096676,5.75E-33,-9.32570297500354,1.58E-32
-1.53572618765593,1.06E-33,-1.53088805761374,8.94E-34,-5.75619082967983,6.01E-34,-5.76405425498774,1.65E-33,-5.75673841561493,5.42E-33,-5.77682770125079,1.58E-32,-9.3210020254143,2.32E-34,-9.32096394337257,3.32E-34,-9.32090626183406,6.29E-34,-9.3208493079383,1.51E-33,-9.32097354296629,5.75E-33,-9.32090292700315,1.58E-32
-1.47572618765593,1.20E-33,-1.47088805761374,8.60E-34,-5.72619082967983,6.52E-34,-5.73405425498774,1.57E-33,-5.72673841561493,5.18E-33,-5.74682770125079,1.46E-32,-9.31620197741391,2.32E-34,-9.31616389537196,3.32E-34,-9.31610621383367,6.29E-34,-9.31604925993778,1.51E-33,-9.3161734949659,5.75E-33,-9.3161028790026,1.58E-32
-1.41572618765593,1.27E-33,-1.41088805761374,8.70E-34,-5.69619082967983,7.31E-34,-5.70405425498774,1.57E-33,-5.69673841561493,6.23E-33,-5.71682770125078,1.49E-32,-9.31140192941347,2.32E-34,-9.31136384737157,3.32E-34,-9.31130616583326,6.29E-34,-9.31124921193737,1.51E-33,-9.3113734469653,5.75E-33,-9.31130283100211,1.58E-32
-1.35572618765593,1.29E-33,-1.35088805761374,1.05E-33,-5.66619082967983,6.49E-34,-5.67405425498774,1.62E-33,-5.66673841561493,5.76E-33,-5.68682770125079,1.76E-32,-9.30660188141287,2.32E-34,-9.30656379937113,3.32E-34,-9.30650611783264,6.29E-34,-9.30644916393685,1.51E-33,-9.30657339896486,5.75E-33,-9.30650278300172,1.58E-32
-1.29572618765593,1.44E-33,-1.29088805761374,1.03E-33,-5.63619082967983,5.24E-34,-5.64405425498774,1.53E-33,-5.63673841561493,6.02E-33,-5.65682770125079,1.59E-32,-9.30180183341248,2.32E-34,-9.30176375137052,3.32E-34,-9.30170606983224,6.29E-34,-9.30164911593634,1.51E-33,-9.30177335096447,5.75E-33,-9.30170273500115,1.58E-32
-1.23572618765593,1.69E-33,-1.23088805761374,1.10E-33,-5.60619082967983,6.71E-34,-5.61405425498774,1.41E-33,-5.60673841561493,4.90E-33,-5.62682770125078,1.54E-32,-9.29700178541201,2.32E-34,-9.29696370337013,3.32E-34,-9.29690602183179,6.29E-34,-9.29684906793596,1.51E-33,-9.29697330296387,5.75E-33,-9.29690268700068,1.58E-32
-1.17572618765593,1.76E-33,-1.17088805761374,1.31E-33,-5.57619082967983,6.22E-34,-5.58405425498774,1.37E-33,-5.57673841561493,6.33E-33,-5.59682770125079,1.67E-32,-9.29220173741145,2.32E-34,-9.29216365536966,3.32E-34,-9.29210597383123,6.29E-34,-9.29204901993538,1.51E-33,-9.29217325496342,5.75E-33,-9.29210263900029,1.58E-32
-1.11572618765593,1.93E-33,-1.11088805761374,1.51E-33,-5.54619082967983,6.29E-34,-5.55405425498774,1.68E-33,-5.54673841561493,6.00E-33,-5.56682770125079,1.44E-32,-9.28740168941104,2.32E-34,-9.2873636073691,3.32E-34,-9.28730592583081,6.29E-34,-9.28724897193491,1.51E-33,-9.28737320696301,5.75E-33,-9.2873025909997,1.58E-32
-1.05572618765593,1.92E-33,-1.05088805761374,1.57E-33,-5.51619082967983,6.22E-34,-5.52405425498774,1.58E-33,-5.51673841561493,6.15E-33,-5.53682770125079,1.69E-32,-9.28260164141051,2.32E-34,-9.2825635593687,3.32E-34,-9.28250587783031,6.29E-34,-9.28244892393453,1.51E-33,-9.28257315896243,5.75E-33,-9.28250254299925,1.58E-32
-0.995726187655935,2.45E-33,-0.990888057613745,1.71E-33,-5.48619082967983,6.24E-34,-5.49405425498774,1.56E-33,-5.48673841561493,6.17E-33,-5.50682770125078,1.76E-32,-9.27780159341003,2.32E-34,-9.27776351136817,3.32E-34,-9.27770582982981,6.29E-34,-9.27764887593392,1.51E-33,-9.27777311096201,5.75E-33,-9.27770249499884,1.58E-32
-0.935726187655935,2.60E-33,-0.930888057613745,2.05E-33,-5.45619082967983,6.28E-34,-5.46405425498774,1.41E-33,-5.45673841561493,5.29E-33,-5.47682770125079,1.48E-32,-9.27300154540961,2.32E-34,-9.27296346336769,3.32E-34,-9.27290578182938,6.29E-34,-9.27284882793347,1.51E-33,-9.27297306296153,5.75E-33,-9.27290244699825,1.58E-32
-0.875726187655935,2.99E-33,-0.870888057613745,2.35E-33,-5.42619082967983,6.00E-34,-5.43405425498774,1.46E-33,-5.42673841561493,6.39E-33,-5.44682770125079,1.66E-32,-9.26820149740906,2.32E-34,-9.26816341536726,3.32E-34,-9.26810573382886,6.29E-34,-9.26804877993308,1.51E-33,-9.26817301496099,5.75E-33,-9.26810239899784,1.58E-32
-0.815726187655935,3.59E-33,-0.810888057613745,2.63E-33,-5.39619082967983,6.77E-34,-5.40405425498774,1.49E-33,-5.39673841561493,5.49E-33,-5.41682770125078,1.58E-32,-9.26340144940861,2.32E-34,-9.26336336736671,3.32E-34,-9.26330568582838,6.29E-34,-9.26324873193248,1.51E-33,-9.26337296696059,5.75E-33,-9.26330235099736,1.58E-32
-0.755726187655935,4.02E-33,-0.750888057613745,3.05E-33,-5.36619082967983,6.15E-34,-5.37405425498774,1.65E-33,-5.36673841561493,5.15E-33,-5.38682770125078,1.54E-32,-9.25860140140819,2.32E-34,-9.25856331936627,3.32E-34,-9.25850563782797,6.29E-34,-9.25844868393204,1.51E-33,-9.25857291896007,5.75E-33,-9.25850230299681,1.58E-32
-0.695726187655935,4.76E-33,-0.690888057613745,3.55E-33,-5.33619082967983,6.80E-34,-5.34405425498774,1.49E-33,-5.33673841561493,6.56E-33,-5.35682770125079,1.64E-32,-9.25380135340759,2.32E-34,-9.25376327136584,3.32E-34,-9.25370558982739,6.29E-34,-9.25364863593163,1.51E-33,-9.25377287095955,5.75E-33,-9.25370225499642,1.58E-32
-0.635726187655935,6.03E-33,-0.630888057613745,3.87E-33,-5.30619082967983,6.45E-34,-5.31405425498774,1.67E-33,-5.30673841561493,4.85E-33,-5.32682770125079,1.49E-32,-9.24900130540718,2.32E-34,-9.24896322336525,3.32E-34,-9.24890554182694,6.29E-34,-9.24884858793104,1.51E-33,-9.24897282295917,5.75E-33,-9.24890220699591,1.58E-32
-0.575726187655935,8.16E-33,-0.570888057613745,5.02E-33,-5.27619082967983,6.20E-34,-5.28405425498774,1.56E-33,-5.27673841561493,6.00E-33,-5.29682770125078,1.52E-32,-9.24420125740676,2.32E-34,-9.24416317536483,3.32E-34,-9.24410549382656,6.29E-34,-9.24404853993062,1.51E-33,-9.24417277495862,5.75E-33,-9.24410215899537,1.58E-32
-0.515726187655935,8.52E-33,-0.510888057613745,5.86E-33,-5.24619082967983,5.92E-34,-5.25405425498774,1.54E-33,-5.24673841561493,5.40E-33,-5.26682770125079,1.68E-32,-9.23940120940612,2.32E-34,-9.23936312736442,3.32E-34,-9.23930544582591,6.29E-34,-9.23924849193015,1.51E-33,-9.23937272695811,5.75E-33,-9.23930211099499,1.58E-32
-0.455726187655935,1.20E-32,-0.450888057613745,7.81E-33,-5.21619082967983,6.31E-34,-5.22405425498774,1.58E-33,-5.21673841561493,5.82E-33,-5.23682770125079,1.46E-32,-9.23460116140574,2.32E-34,-9.23456307936378,3.32E-34,-9.23450539782551,6.29E-34,-9.23444844392961,1.51E-33,-9.23457267895773,5.75E-33,-9.23450206299446,1.58E-32
-0.395726187655935,1.46E-32,-0.390888057613745,1.07E-32,-5.18619082967983,6.35E-34,-5.19405425498774,1.76E-33,-5.18673841561493,5.18E-33,-5.20682770125078,1.65E-32,-9.22980111340532,2.32E-34,-9.2297630313634,3.32E-34,-9.22970534982511,6.29E-34,-9.22964839592921,1.51E-33,-9.22977263095716,5.75E-33,-9.22970201499393,1.58E-32
-0.335726187655935,2.02E-32,-0.330888057613745,1.40E-32,-5.15619082967983,6.11E-34,-5.16405425498774,1.52E-33,-5.15673841561493,5.55E-33,-5.17682770125078,1.62E-32,-9.2250010654047,2.32E-34,-9.22496298336298,3.32E-34,-9.22490530182448,6.29E-34,-9.22484834792869,1.51E-33,-9.22497258295668,5.75E-33,-9.22490196699356,1.58E-32
-0.275726187655935,2.67E-32,-0.270888057613745,2.15E-32,-5.12619082967983,6.11E-34,-5.13405425498774,1.17E-33,-5.12673841561493,5.74E-33,-5.14682770125079,1.55E-32,-9.22020101740431,2.32E-34,-9.22016293536236,3.32E-34,-9.22010525382407,6.29E-34,-9.22004829992818,1.51E-33,-9.2201725349563,5.75E-33,-9.22010191899301,1.58E-32
-0.215726187655935,5.75E-32,-0.210888057613745,3.98E-32,-5.09619082967983,5.67E-34,-5.10405425498774,1.73E-33,-5.09673841561493,5.90E-33,-5.11682770125079,1.43E-32,-9.21540096940385,2.33E-34,-9.21536288736197,3.32E-34,-9.21530520582364,6.29E-34,-9.21524825192779,1.51E-33,-9.21537248695572,5.75E-33,-9.2153018709925,1.58E-32
-0.155726187655935,8.69E-32,-0.150888057613745,7.36E-32,-5.06619082967983,6.42E-34,-5.07405425498774,1.70E-33,-5.06673841561493,5.10E-33,-5.08682770125078,1.49E-32,-9.21060092140329,2.33E-34,-9.21056283936151,3.32E-34,-9.21050515782307,6.29E-34,-9.21044820392723,1.51E-33,-9.21057243895526,5.75E-33,-9.21050182299212,1.58E-32
-0.095726187655935,2.44E-31,-0.0908880576137453,2.03E-31,-5.03619082967983,6.17E-34,-5.04405425498774,1.57E-33,-5.03673841561493,5.98E-33,-5.05682770125079,1.61E-32,-9.20580087340288,2.33E-34,-9.20576279136095,3.32E-34,-9.20570510982264,6.29E-34,-9.20564815592674,1.51E-33,-9.20577239095487,5.75E-33,-9.20570177499155,1.58E-32
-0.035726187655935,8.19E-31,-0.0308880576137453,6.86E-31,-5.00619082967983,5.76E-34,-5.01405425498774,1.70E-33,-5.00673841561493,5.75E-33,-5.02682770125079,1.47E-32,-9.20100082540237,2.33E-34,-9.20096274336053,3.32E-34,-9.20090506182216,6.29E-34,-9.20084810792635,1.51E-33,-9.20097234295425,5.75E-33,-9.20090172699109,1.58E-32
0.0242738123440649,9.74E-31,0.0291119423862546,6.69E-31,-4.97619082967983,5.99E-34,-4.98405425498774,1.73E-33,-4.97673841561493,5.25E-33,-4.99682770125079,1.70E-32,-9.19620077740188,2.33E-34,-9.19616269536003,3.32E-34,-9.19610501382164,6.30E-34,-9.19604805992578,1.51E-33,-9.19617229495385,5.75E-33,-9.19610167899069,1.58E-32
0.0842738123440649,2.52E-31,0.0891119423862546,1.57E-31,-4.94619082967983,6.36E-34,-4.95405425498774,1.49E-33,-4.94673841561493,5.89E-33,-4.96682770125078,1.77E-32,-9.19140072940143,2.33E-34,-9.19136264735954,3.32E-34,-9.19130496582122,6.30E-34,-9.19124801192531,1.51E-33,-9.19137224695339,5.75E-33,-9.19130163099008,1.58E-32
0.144273812344064,9.54E-32,0.149111942386254,6.63E-32,-4.91619082967983,6.04E-34,-4.92405425498774,1.44E-33,-4.91673841561493,5.75E-33,-4.93682770125079,1.63E-32,-9.18660068140092,2.33E-34,-9.18656259935909,3.32E-34,-9.1865049178207,6.30E-34,-9.18644796392492,1.51E-33,-9.18657219895282,5.75E-33,-9.18650158298968,1.58E-32
0.204273812344064,5.11E-32,0.209111942386254,3.56E-32,-4.88619082967983,6.57E-34,-4.89405425498774,1.66E-33,-4.88673841561493,5.43E-33,-4.90682770125079,1.51E-32,-9.18180063340043,2.33E-34,-9.18176255135857,3.32E-34,-9.18170486982021,6.30E-34,-9.18164791592435,1.51E-33,-9.18177215095244,5.75E-33,-9.18170153498922,1.58E-32
0.264273812344064,3.46E-32,0.269111942386254,2.30E-32,-4.85619082967983,6.08E-34,-4.86405425498774,1.51E-33,-4.85673841561493,5.79E-33,-4.87682770125078,1.49E-32,-9.17700058540002,2.33E-34,-9.17696250335809,3.32E-34,-9.17690482181981,6.30E-34,-9.17684786792387,1.51E-33,-9.17697210295193,5.75E-33,-9.17690148698864,1.58E-32
0.324273812344064,2.06E-32,0.329111942386254,1.52E-32,-4.82619082967983,6.18E-34,-4.83405425498774,1.50E-33,-4.82673841561493,5.82E-33,-4.84682770125079,1.51E-32,-9.17220053739945,2.33E-34,-9.17216245535768,3.32E-34,-9.17210477381923,6.30E-34,-9.17204781992348,1.51E-33,-9.17217205495138,5.75E-33,-9.17210143898826,1.58E-32
0.384273812344064,1.48E-32,0.389111942386254,9.75E-33,-4.79619082967983,7.16E-34,-4.80405425498774,1.57E-33,-4.79673841561493,5.49E-33,-4.81682770125079,1.64E-32,-9.167400489399,2.33E-34,-9.1673624073571,3.32E-34,-9.16730472581878,6.30E-34,-9.16724777192287,1.51E-33,-9.167372006951,5.75E-33,-9.16730139098778,1.58E-32
0.444273812344064,1.25E-32,0.449111942386254,7.88E-33,-4.76619082967983,6.36E-34,-4.77405425498774,1.57E-33,-4.76673841561493,5.35E-33,-4.78682770125079,1.86E-32,-9.16260044139861,2.33E-34,-9.16256235935666,3.32E-34,-9.16250467781839,6.30E-34,-9.16244772392245,1.51E-33,-9.16257195895048,5.75E-33,-9.1625013429872,1.58E-32
0.504273812344065,8.75E-33,0.509111942386254,6.91E-33,-4.73619082967983,6.37E-34,-4.74405425498774,1.44E-33,-4.73673841561493,6.28E-33,-4.75682770125078,1.64E-32,-9.15780039339797,2.33E-34,-9.15776231135627,3.32E-34,-9.15770462981777,6.30E-34,-9.15764767592201,1.51E-33,-9.15777191094995,5.75E-33,-9.15770129498682,1.58E-32
0.564273812344064,6.54E-33,0.569111942386254,4.72E-33,-4.70619082967983,6.14E-34,-4.71405425498774,1.49E-33,-4.70673841561493,5.79E-33,-4.72682770125079,1.69E-32,-9.15300034539757,2.33E-34,-9.15296226335563,3.32E-34,-9.15290458181734,6.30E-34,-9.15284762792143,1.51E-33,-9.15297186294956,5.75E-33,-9.15290124698632,1.58E-32
0.624273812344065,6.23E-33,0.629111942386254,5.58E-33,-4.67619082967983,6.42E-34,-4.68405425498774,1.54E-33,-4.67673841561493,6.08E-33,-4.69682770125079,1.46E-32,-9.14820029739718,2.33E-34,-9.14816221535522,3.32E-34,-9.14810453381695,6.30E-34,-9.14804757992104,1.51E-33,-9.14817181494902,5.75E-33,-9.14810119898577,1.58E-32
0.684273812344064,5.06E-33,0.689111942386254,3.82E-33,-4.64619082967983,6.67E-34,-4.65405425498774,1.62E-33,-4.64673841561493,5.66E-33,-4.66682770125078,1.66E-32,-9.14340024939654,2.33E-34,-9.14336216735483,3.32E-34,-9.14330448581633,6.30E-34,-9.14324753192055,1.51E-33,-9.14337176694851,5.75E-33,-9.14330115098538,1.58E-32
0.744273812344065,4.04E-33,0.749111942386254,3.11E-33,-4.61619082967983,6.25E-34,-4.62405425498774,1.70E-33,-4.61673841561493,6.26E-33,-4.63682770125078,1.70E-32,-9.13860020139614,2.33E-34,-9.13856211935419,3.32E-34,-9.13850443781591,6.30E-34,-9.13844748392,1.51E-33,-9.13857171894812,5.75E-33,-9.13850110298486,1.58E-32
0.804273812344064,3.52E-33,0.809111942386254,2.83E-33,-4.58619082967983,6.05E-34,-4.59405425498774,1.45E-33,-4.58673841561493,5.30E-33,-4.60682770125079,1.78E-32,-9.13380015339571,2.33E-34,-9.13376207135379,3.32E-34,-9.1337043898155,6.30E-34,-9.13364743591962,1.51E-33,-9.13377167094757,5.75E-33,-9.13370105498434,1.58E-32
0.864273812344065,3.28E-33,0.869111942386254,2.43E-33,-4.55619082967983,6.67E-34,-4.56405425498774,1.54E-33,-4.55673841561493,5.54E-33,-4.57682770125079,1.52E-32,-9.12900010539513,2.33E-34,-9.12896202335337,3.32E-34,-9.1289043418149,6.30E-34,-9.12884738791909,1.51E-33,-9.12897162294709,5.75E-33,-9.12890100698394,1.58E-32
0.924273812344064,2.88E-33,0.929111942386254,2.14E-33,-4.52619082967983,6.60E-34,-4.53405425498774,1.56E-33,-4.52673841561493,5.77E-33,-4.54682770125078,1.53E-32,-9.1242000573947,2.33E-34,-9.12416197535278,3.32E-34,-9.12410429381446,6.30E-34,-9.12404733991857,1.51E-33,-9.12417157494669,5.75E-33,-9.12410095898341,1.58E-32
0.984273812344065,2.60E-33,0.989111942386254,1.91E-33,-4.49619082967983,6.02E-34,-4.50405425498774,1.75E-33,-4.49673841561493,5.31E-33,-4.51682770125079,1.47E-32,-9.11940000939423,2.33E-34,-9.11936192735236,3.32E-34,-9.11930424581402,6.30E-34,-9.11924729191819,1.51E-33,-9.11937152694611,5.75E-33,-9.11930091098292,1.58E-32
1.04427381234406,2.08E-33,1.04911194238625,1.75E-33,-4.46619082967983,5.83E-34,-4.47405425498774,1.45E-33,-4.46673841561493,6.64E-33,-4.48682770125079,1.54E-32,-9.1145999613937,2.33E-34,-9.11456187935189,3.32E-34,-9.11450419781347,6.30E-34,-9.11444724391764,1.51E-33,-9.11457147894568,5.75E-33,-9.11450086298251,1.58E-32
1.10427381234406,2.06E-33,1.10911194238625,1.72E-33,-4.43619082967983,5.60E-34,-4.44405425498774,1.62E-33,-4.43673841561493,5.52E-33,-4.45682770125078,1.58E-32,-9.10979991339328,2.33E-34,-9.10976183135136,3.32E-34,-9.10970414981305,6.30E-34,-9.10964719591713,1.51E-33,-9.10977143094523,5.75E-33,-9.10970081498194,1.58E-32
1.16427381234406,1.88E-33,1.16911194238625,1.74E-33,-4.40619082967983,6.56E-34,-4.41405425498774,1.79E-33,-4.40673841561493,5.71E-33,-4.42682770125078,1.54E-32,-9.10499986539277,2.33E-34,-9.10496178335093,3.32E-34,-9.10490410181256,6.30E-34,-9.10484714791675,1.51E-33,-9.10497138294465,5.75E-33,-9.10490076698151,1.58E-32
1.22427381234406,2.15E-33,1.22911194238625,1.69E-33,-4.37619082967983,6.06E-34,-4.38405425498774,1.49E-33,-4.37673841561493,5.67E-33,-4.39682770125079,1.62E-32,-9.10019981739227,2.33E-34,-9.10016173535043,3.32E-34,-9.10010405381203,6.30E-34,-9.10004709991619,1.51E-33,-9.10017133494426,5.75E-33,-9.10010071898107,1.58E-32
1.28427381234406,1.68E-33,1.28911194238625,1.43E-33,-4.34619082967983,6.30E-34,-4.35405425498774,1.53E-33,-4.34673841561493,5.95E-33,-4.36682770125079,1.54E-32,-9.09539976939187,2.33E-34,-9.09536168734993,3.32E-34,-9.09530400581164,6.30E-34,-9.09524705191571,1.51E-33,-9.09537128694379,5.75E-33,-9.09530067098047,1.58E-32
1.34427381234406,1.54E-33,1.34911194238625,1.36E-33,-4.31619082967983,6.32E-34,-4.32405425498774,1.61E-33,-4.31673841561493,6.28E-33,-4.33682770125078,1.39E-32,-9.0905997213913,2.33E-34,-9.09056163934952,3.33E-34,-9.09050395781109,6.30E-34,-9.09044700391532,1.51E-33,-9.09057123894322,5.75E-33,-9.09050062298008,1.58E-32
1.40427381234406,1.44E-33,1.40911194238625,1.24E-33,-4.28619082967983,6.03E-34,-4.29405425498774,1.34E-33,-4.28673841561493,5.21E-33,-4.30682770125079,1.68E-32,-9.08579967339084,2.33E-34,-9.08576159134895,3.33E-34,-9.0857039098106,6.30E-34,-9.08564695591473,1.51E-33,-9.08577119094283,5.75E-33,-9.08570057497963,1.58E-32
1.46427381234406,1.56E-33,1.46911194238625,1.29E-33,-4.25619082967983,6.08E-34,-4.26405425498774,1.44E-33,-4.25673841561493,5.37E-33,-4.27682770125079,1.81E-32,-9.08099962539045,2.33E-34,-9.08096154334849,3.33E-34,-9.08090386181022,6.30E-34,-9.0808469079143,1.51E-33,-9.08097114294235,5.75E-33,-9.08090052697904,1.58E-32
1.52427381234406,1.55E-33,1.52911194238625,1.22E-33,-4.22619082967983,6.53E-34,-4.23405425498774,1.72E-33,-4.22673841561493,6.30E-33,-4.24682770125079,1.71E-32,-9.07619957738982,2.33E-34,-9.0761614953481,3.33E-34,-9.07610381380963,6.30E-34,-9.07604685991386,1.51E-33,-9.07617109494178,5.75E-33,-9.07610047897865,1.58E-32
1.58427381234406,1.07E-33,1.58911194238625,1.03E-33,-4.19619082967983,6.75E-34,-4.20405425498774,1.68E-33,-4.19673841561493,6.19E-33,-4.21682770125078,1.73E-32,-9.0713995293894,2.33E-34,-9.07136144734747,3.33E-34,-9.07130376580917,6.30E-34,-9.07124681191327,1.51E-33,-9.07137104694139,5.75E-33,-9.07130043097819,1.58E-32
1.64427381234406,1.17E-33,1.64911194238625,9.25E-34,-4.16619082967983,5.68E-34,-4.17405425498774,1.45E-33,-4.16673841561493,6.21E-33,-4.18682770125079,1.58E-32,-9.06659948138901,2.33E-34,-9.06656139934706,3.33E-34,-9.06650371780879,6.30E-34,-9.06644676391289,1.51E-33,-9.06657099894089,5.75E-33,-9.0665003829776,1.58E-32
1.70427381234406,1.05E-33,1.70911194238625,1.05E-33,-4.13619082967983,6.59E-34,-4.14405425498774,1.48E-33,-4.13673841561493,5.02E-33,-4.15682770125079,1.42E-32,-9.06179943338838,2.33E-34,-9.06176135134667,3.33E-34,-9.06170366980819,6.30E-34,-9.06164671591238,1.51E-33,-9.06177095094035,5.75E-33,-9.06170033497721,1.58E-32
1.76427381234406,1.41E-33,1.76911194238625,1.11E-33,-4.10619082967983,6.51E-34,-4.11405425498774,1.46E-33,-4.10673841561493,5.89E-33,-4.12682770125078,1.34E-32,-9.05699938538797,2.33E-34,-9.05696130334604,3.33E-34,-9.05690362180773,6.30E-34,-9.05684666791183,1.51E-33,-9.05697090293996,5.75E-33,-9.05690028697672,1.58E-32
1.82427381234406,1.01E-33,1.82911194238625,8.81E-34,-4.07619082967983,6.08E-34,-4.08405425498774,1.44E-33,-4.07673841561493,5.80E-33,-4.09682770125079,1.54E-32,-9.05219933738756,2.33E-34,-9.05216125534562,3.33E-34,-9.05210357380735,6.30E-34,-9.05204661991144,1.51E-33,-9.05217085493941,5.75E-33,-9.05210023897618,1.58E-32
1.88427381234406,9.33E-34,1.88911194238625,8.17E-34,-4.04619082967983,6.82E-34,-4.05405425498774,1.68E-33,-4.04673841561493,5.43E-33,-4.06682770125079,1.70E-32,-9.04739928938696,2.34E-34,-9.04736120734521,3.33E-34,-9.04730352580674,6.30E-34,-9.04724657191095,1.51E-33,-9.04737080693893,5.75E-33,-9.04730019097578,1.58E-32
1.94427381234406,1.03E-33,1.94911194238625,9.46E-34,-4.01619082967983,6.16E-34,-4.02405425498774,1.72E-33,-4.01673841561493,5.28E-33,-4.03682770125079,1.52E-32,-9.04259924138654,2.34E-34,-9.04256115934462,3.33E-34,-9.04250347780631,6.30E-34,-9.0424465239104,1.51E-33,-9.04257075893853,5.75E-33,-9.04250014297524,1.58E-32
2.00427381234406,7.82E-34,2.00911194238625,8.10E-34,-3.98619082967983,6.71E-34,-3.99405425498774,1.59E-33,-3.98673841561493,6.36E-33,-4.00682770125078,1.56E-32,-9.03779919338608,2.34E-34,-9.03776111134419,3.33E-34,-9.03770342980587,6.30E-34,-9.03764647591001,1.51E-33,-9.03777071093795,5.75E-33,-9.03770009497476,1.58E-32
2.06427381234406,8.95E-34,2.06911194238625,8.29E-34,-3.95619082967983,6.66E-34,-3.96405425498774,1.57E-33,-3.95673841561493,5.16E-33,-3.97682770125078,1.49E-32,-9.03299914538554,2.34E-34,-9.03296106334373,3.33E-34,-9.0329033818053,6.30E-34,-9.03284642790949,1.51E-33,-9.03297066293752,5.75E-33,-9.03290004697435,1.58E-32
2.12427381234406,9.15E-34,2.12911194238625,7.93E-34,-3.92619082967983,6.35E-34,-3.93405425498774,1.61E-33,-3.92673841561493,5.91E-33,-3.94682770125078,1.50E-32,-9.02819909738511,2.34E-34,-9.02816101534319,3.33E-34,-9.0281033338049,6.30E-34,-9.02804637990897,1.51E-33,-9.02817061493709,5.75E-33,-9.02809999897379,1.58E-32
2.18427381234406,7.19E-34,2.18911194238625,7.11E-34,-3.89619082967983,6.44E-34,-3.90405425498774,1.72E-33,-3.89673841561493,5.19E-33,-3.91682770125078,1.94E-32,-9.02339904938462,2.34E-34,-9.02336096734277,3.33E-34,-9.02330328580439,6.30E-34,-9.02324633190858,1.51E-33,-9.02337056693647,5.75E-33,-9.02329995097335,1.58E-32
2.24427381234406,6.53E-34,2.24911194238625,6.31E-34,-3.86619082967983,6.83E-34,-3.87405425498774,1.53E-33,-3.86673841561493,6.01E-33,-3.88682770125078,1.64E-32,-9.0185990013841,2.34E-34,-9.01856091934228,3.33E-34,-9.01850323780387,6.30E-34,-9.01844628390804,1.51E-33,-9.01857051893609,5.75E-33,-9.01849990297291,1.58E-32
2.30427381234406,8.02E-34,2.30911194238625,7.08E-34,-3.83619082967983,6.66E-34,-3.84405425498774,1.46E-33,-3.83673841561493,6.19E-33,-3.85682770125079,1.49E-32,-9.0137989533837,2.34E-34,-9.01376087134176,3.33E-34,-9.01370318980348,6.30E-34,-9.01364623590754,1.51E-33,-9.01377047093564,5.75E-33,-9.01369985497231,1.58E-32
2.36427381234406,6.07E-34,2.36911194238625,5.83E-34,-3.80619082967983,6.09E-34,-3.81405425498774,1.51E-33,-3.80673841561493,6.27E-33,-3.82682770125078,1.66E-32,-9.00899890538315,2.34E-34,-9.00896082334136,3.33E-34,-9.00890314180294,6.30E-34,-9.00884618790714,1.51E-33,-9.00897042293504,5.75E-33,-9.00889980697192,1.58E-32
2.42427381234406,5.85E-34,2.42911194238625,6.71E-34,-3.77619082967983,5.99E-34,-3.78405425498774,1.48E-33,-3.77673841561493,5.38E-33,-3.79682770125079,1.46E-32,-9.00419885738267,2.34E-34,-9.00416077534081,3.33E-34,-9.00410309380243,6.30E-34,-9.00404613990658,1.51E-33,-9.00417037493466,5.75E-33,-9.00409975897148,1.58E-32
2.48427381234406,5.73E-34,2.48911194238625,5.75E-34,-3.74619082967983,6.43E-34,-3.75405425498774,1.51E-33,-3.74673841561493,5.62E-33,-3.76682770125078,1.35E-32,-8.99939880938228,2.34E-34,-8.99936072734033,3.33E-34,-8.99930304580204,6.30E-34,-8.99924609190613,1.51E-33,-8.9993703269342,5.75E-33,-8.99929971097086,1.58E-32
2.54427381234406,5.27E-34,2.54911194238625,5.74E-34,-3.71619082967983,7.40E-34,-3.72405425498774,1.50E-33,-3.71673841561493,5.47E-33,-3.73682770125079,1.43E-32,-8.99459876138169,2.34E-34,-8.99456067933994,3.33E-34,-8.99450299780148,6.30E-34,-8.99444604390571,1.51E-33,-8.99457027893361,5.75E-33,-8.99449966297048,1.58E-32
2.60427381234406,6.32E-34,2.60911194238625,7.31E-34,-3.68619082967983,6.67E-34,-3.69405425498774,1.60E-33,-3.68673841561493,5.94E-33,-3.70682770125078,1.56E-32,-8.98979871338124,2.34E-34,-8.98976063133934,3.33E-34,-8.989702949801,6.30E-34,-8.9896459959051,1.51E-33,-8.98977023093323,5.75E-33,-8.98969961497005,1.58E-32
2.66427381234406,5.77E-34,2.66911194238625,5.32E-34,-3.65619082967983,6.13E-34,-3.66405425498774,1.56E-33,-3.65673841561493,5.09E-33,-3.67682770125078,1.50E-32,-8.98499866538085,2.34E-34,-8.98496058333889,3.33E-34,-8.98490290180061,6.30E-34,-8.98484594790471,1.51E-33,-8.98497018293273,5.75E-33,-8.98489956696943,1.58E-32
2.72427381234406,5.39E-34,2.72911194238625,5.12E-34,-3.62619082967983,5.83E-34,-3.63405425498774,1.37E-33,-3.62673841561493,5.75E-33,-3.64682770125078,1.55E-32,-8.98019861738023,2.34E-34,-8.9801605353385,3.33E-34,-8.98010285380004,6.30E-34,-8.98004589990425,1.51E-33,-8.98017013493219,5.75E-33,-8.98009951896905,1.58E-32
2.78427381234406,5.09E-34,2.78911194238625,5.12E-34,-3.59619082967983,6.59E-34,-3.60405425498774,1.41E-33,-3.59673841561493,5.27E-33,-3.61682770125078,1.69E-32,-8.97539856937979,2.34E-34,-8.97536048733789,3.33E-34,-8.97530280579957,6.30E-34,-8.97524585190367,1.51E-33,-8.97537008693179,5.75E-33,-8.97529947096857,1.58E-32
2.84427381234406,5.95E-34,2.84911194238625,6.75E-34,-3.56619082967983,5.79E-34,-3.57405425498774,1.40E-33,-3.56673841561493,5.96E-33,-3.58682770125079,1.46E-32,-8.97059852137941,2.34E-34,-8.97056043933745,3.33E-34,-8.97050275779918,6.30E-34,-8.97044580390328,1.51E-33,-8.97057003893127,5.75E-33,-8.97049942296802,1.58E-32
2.90427381234406,6.71E-34,2.90911194238625,6.86E-34,-3.53619082967983,7.06E-34,-3.54405425498774,1.64E-33,-3.53673841561493,5.34E-33,-3.55682770125078,1.56E-32,-8.9657984733788,2.34E-34,-8.96576039133707,3.33E-34,-8.96570270979859,6.30E-34,-8.96564575590282,1.51E-33,-8.96576999093077,5.75E-33,-8.96569937496761,1.58E-32
2.96427381234406,4.38E-34,2.96911194238625,5.30E-34,-3.50619082967983,7.32E-34,-3.51405425498774,1.51E-33,-3.50673841561493,6.15E-33,-3.52682770125079,1.62E-32,-8.96099842537836,2.34E-34,-8.96096034333645,3.33E-34,-8.96090266179815,6.30E-34,-8.96084570790224,1.51E-33,-8.96096994293036,5.75E-33,-8.9608993269671,1.58E-32
3.02427381234406,4.59E-34,3.02911194238625,5.08E-34,-3.47619082967983,6.06E-34,-3.48405425498774,1.38E-33,-3.47673841561493,5.87E-33,-3.49682770125078,2.02E-32,-8.95619837737794,2.34E-34,-8.95616029533602,3.33E-34,-8.95610261379772,6.30E-34,-8.95604565990185,1.51E-33,-8.95616989492981,5.75E-33,-8.95609927896661,1.58E-32
3.08427381234406,4.62E-34,3.08911194238625,5.52E-34,-3.44619082967983,6.15E-34,-3.45405425498774,1.56E-33,-3.44673841561493,6.23E-33,-3.46682770125078,1.67E-32,-8.95139832937736,2.34E-34,-8.95136024733559,3.33E-34,-8.95130256579714,6.30E-34,-8.95124561190135,1.51E-33,-8.95136984692936,5.75E-33,-8.95129923096618,1.58E-32
3.14427381234406,4.57E-34,3.14911194238625,5.16E-34,-3.41619082967983,6.67E-34,-3.42405425498774,1.46E-33,-3.41673841561493,6.01E-33,-3.43682770125078,1.64E-32,-8.94659828137695,2.34E-34,-8.94656019933502,3.33E-34,-8.94650251779674,6.30E-34,-8.94644556390079,1.51E-33,-8.94656979892892,5.75E-33,-8.94649918296564,1.58E-32
3.20427381234406,4.38E-34,3.20911194238625,5.13E-34,-3.38619082967983,6.83E-34,-3.39405425498774,1.46E-33,-3.38673841561493,6.06E-33,-3.40682770125078,1.74E-32,-8.94179823337647,2.34E-34,-8.94176015133461,3.33E-34,-8.94170246979625,6.30E-34,-8.94164551590041,1.51E-33,-8.94176975092833,5.75E-33,-8.94169913496518,1.58E-32
3.26427381234406,5.67E-34,3.26911194238625,5.96E-34,-3.35619082967983,6.76E-34,-3.36405425498774,1.61E-33,-3.35673841561493,5.41E-33,-3.37682770125079,1.34E-32,-8.93699818537593,2.34E-34,-8.93696010333412,3.33E-34,-8.9369024217957,6.30E-34,-8.93684546789989,1.51E-33,-8.93696970292792,5.75E-33,-8.93689908696475,1.58E-32
3.32427381234406,4.37E-34,3.32911194238625,4.98E-34,-3.32619082967983,6.06E-34,-3.33405425498774,1.46E-33,-3.32673841561493,6.00E-33,-3.34682770125078,1.68E-32,-8.93219813737554,2.34E-34,-8.93216005533358,3.33E-34,-8.93210237379531,6.30E-34,-8.93204541989938,1.51E-33,-8.93216965492749,5.75E-33,-8.93209903896416,1.58E-32
3.38427381234406,4.15E-34,3.38911194238625,4.67E-34,-3.29619082967983,6.14E-34,-3.30405425498774,1.49E-33,-3.29673841561493,5.86E-33,-3.31682770125079,1.71E-32,-8.92739808937501,2.34E-34,-8.92736000733319,3.33E-34,-8.92730232579481,6.30E-34,-8.92724537189898,1.51E-33,-8.92736960692687,5.75E-33,-8.92729899096374,1.58E-32
3.44427381234406,4.62E-34,3.44911194238625,5.40E-34,-3.26619082967983,7.26E-34,-3.27405425498774,1.53E-33,-3.26673841561493,5.45E-33,-3.28682770125078,1.60E-32,-8.9225980413745,2.34E-34,-8.92255995933267,3.33E-34,-8.92250227779427,6.30E-34,-8.92244532389843,1.51E-33,-8.92256955892648,5.75E-33,-8.92249894296334,1.58E-32
3.50427381234406,3.74E-34,3.50911194238625,4.35E-34,-3.23619082967983,6.29E-34,-3.24405425498774,1.84E-33,-3.23673841561493,6.40E-33,-3.25682770125079,1.71E-32,-8.91779799337412,2.34E-34,-8.91775991133215,3.33E-34,-8.91770222979388,6.30E-34,-8.91764527589797,1.51E-33,-8.91776951092606,5.75E-33,-8.9176988949627,1.58E-32
3.56427381234406,3.67E-34,3.56911194238625,4.12E-34,-3.20619082967983,7.42E-34,-3.21405425498774,1.50E-33,-3.20673841561493,6.07E-33,-3.22682770125078,1.79E-32,-8.91299794537354,2.34E-34,-8.91295986333177,3.33E-34,-8.91290218179334,6.30E-34,-8.91284522789754,1.51E-33,-8.91296946292544,5.75E-33,-8.91289884696231,1.58E-32
3.62427381234406,3.79E-34,3.62911194238625,4.54E-34,-3.17619082967983,6.97E-34,-3.18405425498774,1.57E-33,-3.17673841561493,6.34E-33,-3.19682770125078,1.62E-32,-8.90819789737306,2.34E-34,-8.9081598153312,3.33E-34,-8.90810213379282,6.30E-34,-8.90804517989695,1.51E-33,-8.90816941492505,5.75E-33,-8.9080987989619,1.58E-32
3.68427381234406,3.80E-34,3.68911194238625,4.26E-34,-3.14619082967983,6.70E-34,-3.15405425498774,1.61E-33,-3.14673841561493,6.42E-33,-3.16682770125078,1.43E-32,-8.90339784937268,2.34E-34,-8.90335976733072,3.33E-34,-8.90330208579245,6.30E-34,-8.90324513189655,1.51E-33,-8.90336936692459,5.75E-33,-8.90329875096126,1.58E-32
3.74427381234406,3.75E-34,3.74911194238625,4.61E-34,-3.11619082967983,7.25E-34,-3.12405425498774,1.49E-33,-3.11673841561493,6.41E-33,-3.13682770125078,1.71E-32,-8.8985978013721,2.34E-34,-8.89855971933034,3.33E-34,-8.8985020377919,6.30E-34,-8.89844508389611,1.51E-33,-8.89856931892402,5.75E-33,-8.89849870296087,1.58E-32
3.80427381234406,3.63E-34,3.80911194238625,4.40E-34,-3.08619082967983,7.34E-34,-3.09405425498774,1.73E-33,-3.08673841561493,4.96E-33,-3.10682770125079,1.46E-32,-8.89379775337163,2.34E-34,-8.89375967132975,3.33E-34,-8.89370198979139,6.30E-34,-8.89364503589549,1.51E-33,-8.89376927092362,5.75E-33,-8.89369865496042,1.58E-32
3.86427381234406,3.59E-34,3.86911194238625,4.33E-34,-3.05619082967983,6.42E-34,-3.06405425498774,1.62E-33,-3.05673841561493,5.14E-33,-3.07682770125078,1.47E-32,-8.88899770537125,2.35E-34,-8.88895962332928,3.33E-34,-8.88890194179101,6.30E-34,-8.88884498789511,1.51E-33,-8.88896922292312,5.75E-33,-8.88889860695985,1.58E-32
3.92427381234406,3.68E-34,3.92911194238625,4.36E-34,-3.02619082967983,5.99E-34,-3.03405425498774,1.68E-33,-3.02673841561493,5.36E-33,-3.04682770125079,1.45E-32,-8.88419765737065,2.35E-34,-8.8841595753289,3.33E-34,-8.88410189379044,6.30E-34,-8.88404493989468,1.51E-33,-8.88416917492261,5.75E-33,-8.88409855895944,1.58E-32
3.98427381234406,3.53E-34,3.98911194238625,4.48E-34,-2.99619082967983,6.77E-34,-3.00405425498774,1.58E-33,-2.99673841561493,6.01E-33,-3.01682770125078,1.49E-32,-8.87939760937021,2.35E-34,-8.87935952732831,3.33E-34,-8.87930184578998,6.30E-34,-8.87924489189406,1.51E-33,-8.87936912692218,5.75E-33,-8.87929851095896,1.58E-32
4.04427381234406,3.84E-34,4.04911194238625,3.98E-34,-2.96619082967983,6.73E-34,-2.97405425498774,1.52E-33,-2.96673841561493,6.47E-33,-2.98682770125079,1.50E-32,-8.87459756136978,2.35E-34,-8.87455947932786,3.33E-34,-8.87450179778958,6.30E-34,-8.87444484389368,1.51E-33,-8.87456907892167,5.75E-33,-8.87449846295844,1.58E-32
4.10427381234406,3.50E-34,4.10911194238625,3.96E-34,-2.93619082967983,6.94E-34,-2.94405425498774,1.39E-33,-2.93673841561493,5.73E-33,-2.95682770125078,1.58E-32,-8.8697975133692,2.35E-34,-8.86975943132744,3.33E-34,-8.86970174978896,6.30E-34,-8.86964479589321,1.51E-33,-8.86976903092119,5.75E-33,-8.869698414958,1.58E-32
4.16427381234406,5.76E-34,4.16911194238625,7.13E-34,-2.90619082967983,6.97E-34,-2.91405425498774,1.45E-33,-2.90673841561493,5.53E-33,-2.92682770125078,1.54E-32,-8.86499746536878,2.35E-34,-8.86495938332685,3.33E-34,-8.86490170178857,6.30E-34,-8.86484474789264,1.51E-33,-8.86496898292076,5.75E-33,-8.8648983669575,1.58E-32
4.22427381234406,4.24E-34,4.22911194238625,4.64E-34,-2.87619082967983,6.26E-34,-2.88405425498774,1.61E-33,-2.87673841561493,6.47E-33,-2.89682770125078,1.43E-32,-8.86019741736831,2.35E-34,-8.86015933532644,3.33E-34,-8.86010165378811,6.30E-34,-8.86004469989225,1.51E-33,-8.86016893492019,5.75E-33,-8.86009831895701,1.58E-32
4.28427381234406,3.37E-34,4.28911194238625,3.80E-34,-2.84619082967983,6.65E-34,-2.85405425498774,1.69E-33,-2.84673841561493,6.04E-33,-2.86682770125078,1.31E-32,-8.85539736936776,2.35E-34,-8.85535928732597,3.34E-34,-8.85530160578753,6.30E-34,-8.85524465189174,1.51E-33,-8.85536888691975,5.75E-33,-8.85529827095659,1.58E-32
4.34427381234406,3.79E-34,4.34911194238625,4.44E-34,-2.81619082967983,7.59E-34,-2.82405425498774,1.65E-33,-2.81673841561493,6.71E-33,-2.83682770125079,1.57E-32,-8.85059732136737,2.35E-34,-8.85055923932542,3.34E-34,-8.85050155778715,6.30E-34,-8.85044460389122,1.51E-33,-8.85056883891935,5.75E-33,-8.85049822295602,1.58E-32
4.40427381234406,3.64E-34,4.40911194238625,3.95E-34,-2.78619082967983,7.44E-34,-2.79405425498774,1.53E-33,-2.78673841561493,5.91E-33,-2.80682770125078,1.59E-32,-8.84579727336686,2.35E-34,-8.84575919132503,3.34E-34,-8.84570150978667,6.30E-34,-8.8456445558908,1.51E-33,-8.84576879091871,5.75E-33,-8.84569817495557,1.58E-32
4.46427381234406,3.51E-34,4.46911194238625,4.41E-34,-2.75619082967983,6.44E-34,-2.76405425498774,1.66E-33,-2.75673841561493,5.73E-33,-2.77682770125079,1.50E-32,-8.84099722536633,2.35E-34,-8.84095914332451,3.34E-34,-8.84090146178609,6.30E-34,-8.84084450789029,1.51E-33,-8.84096874291832,5.75E-33,-8.84089812695518,1.58E-32
4.52427381234406,3.23E-34,4.52911194238625,3.64E-34,-2.72619082967983,6.79E-34,-2.73405425498774,1.57E-33,-2.72673841561493,4.97E-33,-2.74682770125078,1.81E-32,-8.83619717736594,2.35E-34,-8.83615909532398,3.34E-34,-8.83610141378571,6.30E-34,-8.83604445988981,1.51E-33,-8.83616869491792,5.75E-33,-8.83609807895454,1.58E-32
4.58427381234406,3.02E-34,4.58911194238625,4.14E-34,-2.69619082967983,6.49E-34,-2.70405425498774,1.58E-33,-2.69673841561493,5.24E-33,-2.71682770125078,1.56E-32,-8.8313971293654,2.35E-34,-8.83135904732359,3.34E-34,-8.83130136578521,6.30E-34,-8.83124441188937,1.51E-33,-8.83136864691727,5.75E-33,-8.83129803095414,1.58E-32
4.64427381234406,3.33E-34,4.64911194238625,4.34E-34,-2.66619082967983,7.40E-34,-2.67405425498774,1.70E-33,-2.66673841561493,5.48E-33,-2.68682770125078,1.64E-32,-8.8265970813649,2.35E-34,-8.82655899932306,3.34E-34,-8.82650131778466,6.30E-34,-8.82644436388881,1.51E-33,-8.82656859891689,5.75E-33,-8.82649798295375,1.58E-32
4.70427381234406,3.10E-34,4.70911194238625,4.35E-34,-2.63619082967983,6.67E-34,-2.64405425498774,1.82E-33,-2.63673841561493,6.61E-33,-2.65682770125078,1.73E-32,-8.82179703336451,2.35E-34,-8.82175895132255,3.34E-34,-8.82170126978428,6.30E-34,-8.82164431588837,1.51E-33,-8.82176855091644,5.75E-33,-8.8216979349531,1.58E-32
4.76427381234406,3.52E-34,4.76911194238625,4.03E-34,-2.60619082967983,6.83E-34,-2.61405425498774,1.50E-33,-2.60673841561493,5.72E-33,-2.62682770125079,1.67E-32,-8.81699698536396,2.35E-34,-8.81695890332216,3.34E-34,-8.81690122178375,6.30E-34,-8.81684426788796,1.51E-33,-8.81696850291586,5.75E-33,-8.81689788695271,1.58E-32
4.82427381234406,3.40E-34,4.82911194238625,4.49E-34,-2.57619082967983,6.52E-34,-2.58405425498774,1.63E-33,-2.57673841561493,5.52E-33,-2.59682770125078,1.60E-32,-8.81219693736346,2.35E-34,-8.81215885532161,3.34E-34,-8.81210117378323,6.30E-34,-8.81204421988734,1.51E-33,-8.81216845491545,5.75E-33,-8.81209783895227,1.58E-32
4.88427381234406,3.00E-34,4.88911194238625,4.04E-34,-2.54619082967983,6.86E-34,-2.55405425498774,1.47E-33,-2.54673841561493,6.07E-33,-2.56682770125079,1.68E-32,-8.80739688936307,2.35E-34,-8.80735880732112,3.34E-34,-8.80730112578283,6.30E-34,-8.80724417188694,1.51E-33,-8.80736840691497,5.75E-33,-8.80729779095169,1.58E-32
4.94427381234406,2.91E-34,4.94911194238625,3.74E-34,-2.51619082967983,6.99E-34,-2.52405425498774,1.67E-33,-2.51673841561493,5.13E-33,-2.53682770125078,1.63E-32,-8.80259684136251,2.35E-34,-8.80255875932073,3.34E-34,-8.8025010777823,6.30E-34,-8.80244412388654,1.51E-33,-8.80256835891444,5.75E-33,-8.80249774295127,1.58E-32
5.00427381234406,3.31E-34,5.00911194238625,4.40E-34,-2.48619082967983,6.54E-34,-2.49405425498774,1.66E-33,-2.48673841561493,5.98E-33,-2.50682770125079,1.46E-32,-8.79779679336204,2.35E-34,-8.79775871132017,3.34E-34,-8.79770102978182,6.30E-34,-8.79764407588589,1.51E-33,-8.79776831091402,5.75E-33,-8.7976976949508,1.58E-32
5.06427381234406,3.22E-34,5.06911194238625,4.27E-34,-2.45619082967983,7.90E-34,-2.46405425498774,1.59E-33,-2.45673841561493,5.70E-33,-2.47682770125078,1.46E-32,-8.79299674536164,2.35E-34,-8.7929586633197,3.34E-34,-8.7929009817814,6.30E-34,-8.7928440278855,1.51E-33,-8.79296826291351,5.75E-33,-8.79289764695028,1.58E-32
5.12427381234406,2.89E-34,5.12911194238625,3.80E-34,-2.42619082967983,7.04E-34,-2.43405425498774,1.66E-33,-2.42673841561493,6.03E-33,-2.44682770125078,1.51E-32,-8.78819669736103,2.35E-34,-8.78815861531929,3.34E-34,-8.78810093378082,6.30E-34,-8.78804397988507,1.51E-33,-8.78816821491302,5.75E-33,-8.78809759894984,1.58E-32
5.18427381234406,3.35E-34,5.18911194238625,3.77E-34,-2.39619082967983,7.56E-34,-2.40405425498774,1.61E-33,-2.39673841561493,6.02E-33,-2.41682770125078,1.69E-32,-8.78339664936063,2.35E-34,-8.78335856731869,3.34E-34,-8.78330088578041,6.31E-34,-8.78324393188447,1.51E-33,-8.7833681669126,5.75E-33,-8.78329755094935,1.58E-32
5.24427381234406,2.99E-34,5.24911194238625,3.70E-34,-2.36619082967983,6.67E-34,-2.37405425498774,1.55E-33,-2.36673841561493,5.87E-33,-2.38682770125078,1.56E-32,-8.77859660136017,2.35E-34,-8.77855851931829,3.34E-34,-8.77850083777996,6.31E-34,-8.77844388388407,1.51E-33,-8.77856811891204,5.75E-33,-8.77849750294884,1.58E-32
5.30427381234406,3.18E-34,5.30911194238625,4.42E-34,-2.33619082967983,6.79E-34,-2.34405425498774,1.52E-33,-2.33673841561493,5.77E-33,-2.35682770125079,1.50E-32,-8.77379655335959,2.35E-34,-8.77375847131783,3.34E-34,-8.77370078977936,6.31E-34,-8.7736438358836,1.51E-33,-8.77376807091159,5.75E-33,-8.77369745494843,1.58E-32
5.36427381234406,2.92E-34,5.36911194238625,3.87E-34,-2.30619082967983,6.82E-34,-2.31405425498774,1.71E-33,-2.30673841561493,6.01E-33,-2.32682770125078,1.42E-32,-8.76899650535921,2.35E-34,-8.76895842331724,3.34E-34,-8.76890074177897,6.31E-34,-8.76884378788306,1.51E-33,-8.76896802291119,5.75E-33,-8.76889740694787,1.58E-32
5.42427381234406,2.69E-34,5.42911194238625,3.94E-34,-2.27619082967983,8.01E-34,-2.28405425498774,1.56E-33,-2.27673841561493,6.08E-33,-2.29682770125079,1.58E-32,-8.76419645735871,2.35E-34,-8.76415837531686,3.34E-34,-8.76410069377852,6.31E-34,-8.76404373988264,1.51E-33,-8.76416797491057,5.75E-33,-8.76409735894741,1.58E-32
5.48427381234406,2.96E-34,5.48911194238625,3.79E-34,-2.24619082967983,6.92E-34,-2.25405425498774,1.64E-33,-2.24673841561493,5.76E-33,-2.26682770125078,1.60E-32,-8.75939640935815,2.35E-34,-8.75935832731637,3.34E-34,-8.75930064577793,6.31E-34,-8.75924369188214,1.51E-33,-8.75936792691015,5.75E-33,-8.75929731094702,1.58E-32
5.54427381234406,2.88E-34,5.54911194238625,3.84E-34,-2.21619082967983,7.60E-34,-2.22405425498774,1.65E-33,-2.21673841561493,5.49E-33,-2.23682770125079,1.54E-32,-8.75459636135777,2.35E-34,-8.75455827931581,3.34E-34,-8.75450059777754,6.31E-34,-8.75444364388164,1.51E-33,-8.75456787890976,5.75E-33,-8.7544972629464,1.58E-32
5.60427381234406,2.88E-34,5.60911194238625,3.94E-34,-2.18619082967983,7.43E-34,-2.19405425498774,1.57E-33,-2.18673841561493,6.15E-33,-2.20682770125078,1.48E-32,-8.74979631335726,2.35E-34,-8.74975823131543,3.34E-34,-8.74970054977707,6.31E-34,-8.7496435958812,1.51E-33,-8.74976783090912,5.75E-33,-8.74969721494597,1.58E-32
5.66427381234406,2.87E-34,5.66911194238625,3.36E-34,-2.15619082967983,7.59E-34,-2.16405425498774,1.53E-33,-2.15673841561493,5.43E-33,-2.17682770125078,1.59E-32,-8.74499626535672,2.35E-34,-8.74495818331491,3.34E-34,-8.74490050177649,6.31E-34,-8.74484354788065,1.51E-33,-8.74496778290871,5.75E-33,-8.74489716694558,1.58E-32
5.72427381234406,2.70E-34,5.72911194238625,3.49E-34,-2.12619082967983,7.96E-34,-2.13405425498774,1.67E-33,-2.12673841561493,5.69E-33,-2.14682770125078,1.52E-32,-8.74019621735634,2.35E-34,-8.74015813531438,3.34E-34,-8.7401004537761,6.31E-34,-8.74004349988021,1.51E-33,-8.7401677349083,5.75E-33,-8.74009711894497,1.58E-32
5.78427381234406,2.78E-34,5.78911194238625,3.35E-34,-2.09619082967983,7.75E-34,-2.10405425498774,1.58E-33,-2.09673841561493,6.05E-33,-2.11682770125078,1.60E-32,-8.73539616935581,2.36E-34,-8.735358087314,3.34E-34,-8.73530040577561,6.31E-34,-8.73524345187979,1.51E-33,-8.73536768690769,5.75E-33,-8.73529707094453,1.58E-32
5.84427381234406,2.72E-34,5.84911194238625,3.39E-34,-2.06619082967983,7.57E-34,-2.07405425498774,1.44E-33,-2.06673841561493,5.09E-33,-2.08682770125079,1.50E-32,-8.73059612135529,2.36E-34,-8.73055803931347,3.34E-34,-8.73050035777507,6.31E-34,-8.73044340387918,1.51E-33,-8.73056763890728,5.75E-33,-8.73049702294413,1.58E-32
5.90427381234406,2.88E-34,5.90911194238625,3.70E-34,-2.03619082967983,7.51E-34,-2.04405425498774,1.50E-33,-2.03673841561493,5.69E-33,-2.05682770125078,1.57E-32,-8.72579607335491,2.36E-34,-8.72575799131294,3.34E-34,-8.72570030977467,6.31E-34,-8.72564335587877,1.51E-33,-8.72576759090683,5.75E-33,-8.72569697494352,1.58E-32
5.96427381234406,2.86E-34,5.96911194238625,3.72E-34,-2.00619082967983,7.65E-34,-2.01405425498774,1.60E-33,-2.00673841561493,5.95E-33,-2.02682770125079,1.38E-32,-8.72099602535436,2.36E-34,-8.72095794331256,3.34E-34,-8.72090026177415,6.31E-34,-8.72084330787838,1.51E-33,-8.72096754290628,5.75E-33,-8.7208969269431,1.58E-32
6.02427381234406,2.82E-34,6.02911194238625,3.89E-34,-1.97619082967983,7.59E-34,-1.98405425498774,1.71E-33,-1.97673841561493,5.68E-33,-1.99682770125078,1.59E-32,-8.71619597735388,2.36E-34,-8.71615789531201,3.34E-34,-8.71610021377365,6.31E-34,-8.71604325987772,1.51E-33,-8.71616749490584,5.75E-33,-8.71609687894266,1.58E-32
6.08427381234406,3.21E-34,6.08911194238625,3.92E-34,-1.94619082967983,8.06E-34,-1.95405425498774,1.70E-33,-1.94673841561493,5.78E-33,-1.96682770125078,1.63E-32,-8.71139592935347,2.36E-34,-8.71135784731153,3.34E-34,-8.71130016577324,6.31E-34,-8.71124321187734,1.51E-33,-8.71136744690536,5.75E-33,-8.7112968309421,1.58E-32
6.14427381234406,2.70E-34,6.14911194238625,3.83E-34,-1.91619082967983,7.73E-34,-1.92405425498774,1.57E-33,-1.91673841561493,5.76E-33,-1.93682770125078,1.59E-32,-8.70659588135288,2.36E-34,-8.70655779931113,3.34E-34,-8.70650011777266,6.31E-34,-8.70644316387691,1.51E-33,-8.70656739890484,5.75E-33,-8.70649678294167,1.58E-32
6.20427381234406,2.56E-34,6.20911194238625,3.63E-34,-1.88619082967983,7.13E-34,-1.89405425498774,1.81E-33,-1.88673841561493,5.64E-33,-1.90682770125078,1.64E-32,-8.70179583335246,2.36E-34,-8.70175775131053,3.34E-34,-8.70170006977224,6.31E-34,-8.70164311587631,1.51E-33,-8.70176735090443,5.75E-33,-8.70169673494119,1.58E-32
6.26427381234406,2.80E-34,6.26911194238625,3.74E-34,-1.85619082967983,7.91E-34,-1.86405425498774,1.67E-33,-1.85673841561493,6.47E-33,-1.87682770125078,1.44E-32,-8.69699578535203,2.36E-34,-8.69695770331012,3.34E-34,-8.6969000217718,6.31E-34,-8.6968430678759,1.51E-33,-8.69696730290389,5.75E-33,-8.69689668694067,1.58E-32
6.32427381234406,2.54E-34,6.32911194238625,4.01E-34,-1.82619082967983,7.91E-34,-1.83405425498774,1.50E-33,-1.82673841561493,6.13E-33,-1.84682770125078,1.78E-32,-8.69219573735142,2.36E-34,-8.69215765530968,3.34E-34,-8.6920999737712,6.31E-34,-8.69204301987545,1.51E-33,-8.69216725490341,5.75E-33,-8.69209663894026,1.58E-32
6.38427381234406,3.20E-34,6.38911194238625,4.14E-34,-1.79619082967983,8.26E-34,-1.80405425498774,1.53E-33,-1.79673841561493,5.74E-33,-1.81682770125078,1.53E-32,-8.68739568935104,2.36E-34,-8.68735760730908,3.34E-34,-8.68729992577081,6.31E-34,-8.6872429718749,1.51E-33,-8.68736720690302,5.75E-33,-8.68729659093972,1.58E-32
6.44427381234406,3.15E-34,6.44911194238625,4.18E-34,-1.76619082967983,7.71E-34,-1.77405425498774,1.61E-33,-1.76673841561493,5.82E-33,-1.78682770125078,1.60E-32,-8.68259564135058,2.36E-34,-8.6825575593087,3.34E-34,-8.68249987777037,6.31E-34,-8.68244292387447,1.51E-33,-8.68256715890243,5.75E-33,-8.68249654293923,1.58E-32
6.50427381234406,2.90E-34,6.50911194238625,4.58E-34,-1.73619082967983,8.20E-34,-1.74405425498774,1.63E-33,-1.73673841561493,5.72E-33,-1.75682770125078,1.46E-32,-8.67779559334999,2.36E-34,-8.67775751130824,3.34E-34,-8.67769982976975,6.31E-34,-8.67764287587397,1.51E-33,-8.67776711090198,5.75E-33,-8.67769649493885,1.58E-32
6.56427381234406,2.66E-34,6.56911194238625,4.10E-34,-1.70619082967983,8.70E-34,-1.71405425498774,1.63E-33,-1.70673841561493,6.12E-33,-1.72682770125078,1.64E-32,-8.6729955453496,2.36E-34,-8.67295746330764,3.34E-34,-8.67289978176937,6.31E-34,-8.67284282787347,1.51E-33,-8.6729670629016,5.75E-33,-8.67289644693826,1.58E-32
6.62427381234406,2.76E-34,6.62911194238625,3.57E-34,-1.67619082967983,8.96E-34,-1.68405425498774,1.42E-33,-1.67673841561493,6.16E-33,-1.69682770125078,1.48E-32,-8.66819549734912,2.36E-34,-8.66815741530725,3.34E-34,-8.66809973376893,6.31E-34,-8.66804277987305,1.51E-33,-8.66816701490096,5.75E-33,-8.6680963989378,1.58E-32
6.68427381234406,2.64E-34,6.68911194238625,3.77E-34,-1.64619082967983,8.59E-34,-1.65405425498774,1.68E-33,-1.64673841561493,5.34E-33,-1.66682770125078,1.70E-32,-8.66339544934856,2.36E-34,-8.66335736730677,3.34E-34,-8.66329968576832,6.31E-34,-8.66324273187251,1.51E-33,-8.66336696690054,5.75E-33,-8.66329635093742,1.58E-32
6.74427381234406,2.65E-34,6.74911194238625,3.84E-34,-1.61619082967983,7.97E-34,-1.62405425498774,1.72E-33,-1.61673841561493,6.22E-33,-1.63682770125078,1.64E-32,-8.65859540134816,2.36E-34,-8.65855731930621,3.34E-34,-8.65849963776794,6.31E-34,-8.65844268387204,1.51E-33,-8.65856691890015,5.75E-33,-8.6584963029368,1.58E-32
6.80427381234406,2.93E-34,6.80911194238625,3.65E-34,-1.58619082967983,7.62E-34,-1.59405425498774,1.68E-33,-1.58673841561493,5.34E-33,-1.60682770125078,1.78E-32,-8.65379535334767,2.36E-34,-8.65375727130582,3.34E-34,-8.65369958976746,6.31E-34,-8.65364263587164,1.51E-33,-8.65376687089954,5.75E-33,-8.65369625493636,1.58E-32
6.86427381234406,2.86E-34,6.86911194238625,3.38E-34,-1.55619082967983,8.38E-34,-1.56405425498774,1.73E-33,-1.55673841561493,5.66E-33,-1.57682770125078,1.73E-32,-8.64899530534712,2.36E-34,-8.64895722330533,3.34E-34,-8.64889954176691,6.31E-34,-8.64884258787104,1.51E-33,-8.64896682289911,5.75E-33,-8.64889620693599,1.58E-32
6.92427381234406,2.82E-34,6.92911194238625,4.07E-34,-1.52619082967983,9.12E-34,-1.53405425498774,1.52E-33,-1.52673841561493,5.43E-33,-1.54682770125078,1.54E-32,-8.64419525734673,2.36E-34,-8.64415717530478,3.34E-34,-8.64409949376651,6.31E-34,-8.6440425398706,1.51E-33,-8.64416677489869,5.75E-33,-8.64409615893537,1.58E-32
6.98427381234406,2.93E-34,6.98911194238625,3.65E-34,-1.49619082967983,8.78E-34,-1.50405425498774,1.88E-33,-1.49673841561493,5.32E-33,-1.51682770125078,1.65E-32,-8.6393952093462,2.36E-34,-8.63935712730439,3.35E-34,-8.63929944576598,6.31E-34,-8.63924249187022,1.51E-33,-8.63936672689811,5.75E-33,-8.63929611093493,1.58E-32
7.04427381234406,2.62E-34,7.04911194238625,3.59E-34,-1.46619082967983,9.50E-34,-1.47405425498774,1.75E-33,-1.46673841561493,6.91E-33,-1.48682770125078,1.41E-32,-8.63459516134571,2.36E-34,-8.63455707930386,3.35E-34,-8.6344993977655,6.31E-34,-8.63444244386956,1.51E-33,-8.63456667889768,5.75E-33,-8.63449606293452,1.58E-32
7.10427381234406,2.73E-34,7.10911194238625,3.54E-34,-1.43619082967983,9.67E-34,-1.44405425498774,1.71E-33,-1.43673841561493,6.67E-33,-1.45682770125078,1.73E-32,-8.6297951133453,2.36E-34,-8.62975703130337,3.35E-34,-8.62969934976507,6.31E-34,-8.62964239586916,1.51E-33,-8.6297666308972,5.75E-33,-8.62969601493393,1.58E-32
7.16427381234406,2.52E-34,7.16911194238625,3.41E-34,-1.40619082967983,9.60E-34,-1.41405425498774,1.69E-33,-1.40673841561493,6.08E-33,-1.42682770125078,1.54E-32,-8.62499506534474,2.36E-34,-8.62495698330295,3.35E-34,-8.62489930176452,6.31E-34,-8.62484234786877,1.51E-33,-8.62496658289668,5.75E-33,-8.62489596693351,1.58E-32
7.22427381234406,2.46E-34,7.22911194238625,4.03E-34,-1.37619082967983,9.26E-34,-1.38405425498774,1.83E-33,-1.37673841561493,5.64E-33,-1.39682770125078,1.55E-32,-8.6201950173443,2.36E-34,-8.62015693530239,3.35E-34,-8.62009925376407,6.31E-34,-8.62004229986814,1.51E-33,-8.62016653489627,5.75E-33,-8.62009591893303,1.58E-32
7.28427381234406,3.08E-34,7.28911194238625,4.06E-34,-1.34619082967983,9.54E-34,-1.35405425498774,1.82E-33,-1.34673841561493,5.83E-33,-1.36682770125078,1.43E-32,-8.61539496934386,2.36E-34,-8.61535688730196,3.35E-34,-8.61529920576365,6.31E-34,-8.61524225186773,1.51E-33,-8.61536648689574,5.75E-33,-8.6152958709325,1.58E-32
7.34427381234406,2.47E-34,7.34911194238625,3.29E-34,-1.31619082967983,9.82E-34,-1.32405425498774,1.72E-33,-1.31673841561493,5.12E-33,-1.33682770125078,1.36E-32,-8.61059492134327,2.36E-34,-8.61055683930152,3.35E-34,-8.61049915776305,6.31E-34,-8.6104422038673,1.51E-33,-8.61056643889525,5.75E-33,-8.6104958229321,1.58E-32
7.40427381234406,2.36E-34,7.40911194238625,3.78E-34,-1.28619082967983,9.38E-34,-1.29405425498774,1.87E-33,-1.28673841561493,6.41E-33,-1.30682770125078,1.62E-32,-8.60579487334287,2.36E-34,-8.60575679130092,3.35E-34,-8.60569910976263,6.31E-34,-8.60564215586673,1.51E-33,-8.60576639089486,5.75E-33,-8.60569577493157,1.58E-32
7.46427381234406,2.59E-34,7.46911194238625,4.17E-34,-1.25619082967983,1.08E-33,-1.26405425498774,1.83E-33,-1.25673841561493,5.83E-33,-1.27682770125078,1.33E-32,-8.60099482534242,2.36E-34,-8.60095674330052,3.35E-34,-8.60089906176222,6.31E-34,-8.60084210786629,1.51E-33,-8.60096634289427,5.75E-33,-8.60089572693107,1.58E-32
7.52427381234406,2.74E-34,7.52911194238625,4.67E-34,-1.22619082967983,1.13E-33,-1.23405425498774,2.24E-33,-1.22673841561493,6.21E-33,-1.24682770125078,1.73E-32,-8.59619477734182,2.36E-34,-8.59615669530007,3.35E-34,-8.59609901376159,6.31E-34,-8.59604205986582,1.51E-33,-8.59616629489381,5.75E-33,-8.59609567893068,1.58E-32
7.58427381234406,2.67E-34,7.58911194238625,3.40E-34,-1.19619082967983,1.08E-33,-1.20405425498774,2.07E-33,-1.19673841561493,6.15E-33,-1.21682770125078,1.76E-32,-8.59139472934143,2.37E-34,-8.59135664729948,3.35E-34,-8.5912989657612,6.31E-34,-8.5912420118653,1.51E-33,-8.59136624689342,5.75E-33,-8.59129563093012,1.58E-32
7.64427381234406,2.77E-34,7.64911194238625,3.52E-34,-1.16619082967983,1.19E-33,-1.17405425498774,2.03E-33,-1.16673841561493,6.43E-33,-1.18682770125078,1.58E-32,-8.58659468134098,2.37E-34,-8.58655659929909,3.35E-34,-8.58649891776078,6.31E-34,-8.58644196386488,1.51E-33,-8.58656619889282,5.75E-33,-8.58649558292963,1.58E-32
7.70427381234406,2.50E-34,7.70911194238625,3.51E-34,-1.13619082967983,1.18E-33,-1.14405425498774,2.06E-33,-1.13673841561493,6.38E-33,-1.15682770125078,1.63E-32,-8.58179463334039,2.37E-34,-8.58175655129864,3.35E-34,-8.58169886976015,6.31E-34,-8.58164191586437,1.51E-33,-8.58176615089238,5.75E-33,-8.58169553492924,1.58E-32
7.76427381234406,2.78E-34,7.76911194238625,3.98E-34,-1.10619082967983,1.13E-33,-1.11405425498774,1.76E-33,-1.10673841561493,5.71E-33,-1.12682770125078,1.68E-32,-8.57699458534,2.37E-34,-8.57695650329805,3.35E-34,-8.57689882175976,6.31E-34,-8.57684186786386,1.51E-33,-8.57696610289199,5.75E-33,-8.57689548692866,1.58E-32
7.82427381234406,2.53E-34,7.82911194238625,3.26E-34,-1.07619082967983,1.23E-33,-1.08405425498774,1.93E-33,-1.07673841561493,6.12E-33,-1.09682770125078,1.53E-32,-8.57219453733953,2.37E-34,-8.57215645529765,3.35E-34,-8.57209877375931,6.31E-34,-8.57204181986347,1.51E-33,-8.57216605489138,5.75E-33,-8.5720954389282,1.58E-32
7.88427381234406,2.44E-34,7.88911194238625,3.84E-34,-1.04619082967983,1.32E-33,-1.05405425498774,1.83E-33,-1.04673841561493,6.14E-33,-1.06682770125078,1.53E-32,-8.56739448933896,2.37E-34,-8.56735640729718,3.35E-34,-8.56729872575874,6.31E-34,-8.5672417718629,1.51E-33,-8.56736600689095,5.75E-33,-8.56729539092781,1.58E-32
7.94427381234406,2.69E-34,7.94911194238625,3.34E-34,-1.01619082967983,1.28E-33,-1.02405425498774,1.93E-33,-1.01673841561493,5.43E-33,-1.03682770125078,1.68E-32,-8.56259444133857,2.37E-34,-8.56255635929661,3.35E-34,-8.56249867775833,6.31E-34,-8.56244172386243,1.51E-33,-8.56256595889053,5.75E-33,-8.56249534292723,1.58E-32
8.00427381234406,2.29E-34,8.00911194238625,3.44E-34,-0.986190829679835,1.34E-33,-0.994054254987742,1.84E-33,-0.986738415614934,5.85E-33,-1.00682770125078,1.49E-32,-8.55779439333804,2.37E-34,-8.55775631129622,3.35E-34,-8.55769862975784,6.31E-34,-8.55764167586205,1.51E-33,-8.55776591088995,5.75E-33,-8.55769529492677,1.58E-32
8.06427381234406,2.58E-34,8.06911194238625,3.86E-34,-0.956190829679835,1.39E-33,-0.964054254987742,2.05E-33,-0.956738415614934,6.03E-33,-0.976827701250789,1.66E-32,-8.55299434533754,2.37E-34,-8.55295626329569,3.35E-34,-8.55289858175733,6.31E-34,-8.55284162786143,1.51E-33,-8.55296586288952,5.75E-33,-8.55289524692636,1.58E-32
8.12427381234406,2.31E-34,8.12911194238625,3.66E-34,-0.926190829679835,1.55E-33,-0.934054254987742,2.10E-33,-0.926738415614934,5.86E-33,-0.946827701250789,1.63E-32,-8.54819429733713,2.37E-34,-8.5481562152952,3.35E-34,-8.5480985337569,6.31E-34,-8.548041579861,1.51E-33,-8.54816581488905,5.75E-33,-8.54809519892577,1.58E-32
8.18427381234406,2.22E-34,8.18911194238625,4.07E-34,-0.896190829679835,1.74E-33,-0.904054254987742,2.25E-33,-0.896738415614934,6.91E-33,-0.916827701250789,1.55E-32,-8.54339424933658,2.37E-34,-8.54335616729479,3.35E-34,-8.54329848575638,6.31E-34,-8.54324153186062,1.51E-33,-8.54336576688851,5.75E-33,-8.54329515092536,1.58E-32
8.24427381234406,2.49E-34,8.24911194238625,3.71E-34,-0.866190829679835,1.58E-33,-0.874054254987742,2.50E-33,-0.866738415614934,6.65E-33,-0.886827701250789,1.61E-32,-8.53859420133613,2.37E-34,-8.53855611929424,3.35E-34,-8.5384984377559,6.31E-34,-8.53844148385999,1.51E-33,-8.53856571888811,5.75E-33,-8.53849510292489,1.58E-32
8.30427381234406,2.48E-34,8.30911194238625,3.43E-34,-0.836190829679835,1.74E-33,-0.844054254987742,2.35E-33,-0.836738415614934,5.39E-33,-0.856827701250789,1.39E-32,-8.5337941533357,2.37E-34,-8.53375607129379,3.35E-34,-8.53369838975549,6.31E-34,-8.53364143585956,1.51E-33,-8.5337656708876,5.75E-33,-8.53369505492434,1.58E-32
8.36427381234406,2.53E-34,8.36911194238625,3.34E-34,-0.806190829679835,1.81E-33,-0.814054254987742,2.18E-33,-0.806738415614934,6.63E-33,-0.826827701250789,1.90E-32,-8.52899410533512,2.37E-34,-8.52895602329335,3.35E-34,-8.52889834175491,6.31E-34,-8.52884138785915,1.51E-33,-8.52896562288707,5.75E-33,-8.52889500692395,1.58E-32
8.42427381234406,2.36E-34,8.42911194238625,3.67E-34,-0.776190829679835,1.86E-33,-0.784054254987742,2.05E-33,-0.776738415614934,6.64E-33,-0.796827701250789,1.55E-32,-8.5241940573347,2.37E-34,-8.52415597529277,3.35E-34,-8.52409829375446,6.31E-34,-8.52404133985857,1.51E-33,-8.52416557488669,5.75E-33,-8.52409495892343,1.58E-32
8.48427381234406,2.62E-34,8.48911194238625,3.83E-34,-0.746190829679835,1.93E-33,-0.754054254987742,2.34E-33,-0.746738415614934,6.08E-33,-0.766827701250789,1.61E-32,-8.51939400933428,2.37E-34,-8.51935592729236,3.35E-34,-8.51929824575407,6.31E-34,-8.51924129185813,1.51E-33,-8.51936552688613,5.75E-33,-8.51929491092289,1.58E-32
8.54427381234406,2.70E-34,8.54911194238625,4.06E-34,-0.716190829679835,2.20E-33,-0.724054254987742,2.32E-33,-0.716738415614934,6.25E-33,-0.736827701250789,1.78E-32,-8.51459396133365,2.37E-34,-8.51455587929193,3.35E-34,-8.51449819775343,6.31E-34,-8.51444124385767,1.51E-33,-8.51456547888564,5.75E-33,-8.51449486292251,1.58E-32
8.60427381234406,2.76E-34,8.60911194238625,3.54E-34,-0.686190829679835,2.19E-33,-0.694054254987742,2.43E-33,-0.686738415614934,5.97E-33,-0.706827701250789,1.72E-32,-8.50979391333327,2.37E-34,-8.5097558312913,3.35E-34,-8.50969814975303,6.31E-34,-8.50964119585713,1.51E-33,-8.50976543088526,5.75E-33,-8.50969481492197,1.58E-32
8.66427381234406,2.55E-34,8.66911194238625,3.78E-34,-0.656190829679835,2.26E-33,-0.664054254987742,2.84E-33,-0.656738415614934,6.90E-33,-0.676827701250789,1.75E-32,-8.50499386533284,2.37E-34,-8.50495578329092,3.35E-34,-8.50489810175264,6.31E-34,-8.50484114785672,1.51E-33,-8.50496538288467,5.75E-33,-8.50489476692146,1.58E-32
8.72427381234406,2.39E-34,8.72911194238625,3.41E-34,-0.626190829679835,2.70E-33,-0.634054254987742,2.66E-33,-0.626738415614934,7.36E-33,-0.646827701250789,1.46E-32,-8.50019381733221,2.37E-34,-8.5001557352905,3.35E-34,-8.50009805375199,6.31E-34,-8.50004109985621,1.51E-33,-8.5001653348842,5.75E-33,-8.50009471892108,1.58E-32
8.78427381234406,2.48E-34,8.78911194238625,3.47E-34,-0.596190829679835,2.94E-33,-0.604054254987742,2.86E-33,-0.596738415614934,6.64E-33,-0.616827701250789,1.61E-32,-8.49539376933183,2.37E-34,-8.49535568728987,3.35E-34,-8.4952980057516,6.31E-34,-8.4952410518557,1.51E-33,-8.49536528688382,5.75E-33,-8.49529467092052,1.58E-32
8.84427381234406,2.22E-34,8.84911194238625,3.07E-34,-0.566190829679835,2.82E-33,-0.574054254987742,2.88E-33,-0.566738415614934,6.92E-33,-0.586827701250789,1.60E-32,-8.49059372133138,2.37E-34,-8.49055563928949,3.35E-34,-8.49049795775116,6.31E-34,-8.49044100385531,1.51E-33,-8.49056523888324,5.75E-33,-8.49049462292002,1.58E-32
8.90427381234406,2.18E-34,8.90911194238625,3.37E-34,-0.536190829679835,3.44E-33,-0.544054254987742,3.11E-33,-0.536738415614934,6.82E-33,-0.556827701250789,1.70E-32,-8.4857936733308,2.37E-34,-8.48575559128903,3.35E-34,-8.48569790975058,6.31E-34,-8.48564095585475,1.51E-33,-8.48576519088277,5.75E-33,-8.48569457491964,1.58E-32
8.96427381234406,2.55E-34,8.96911194238625,3.41E-34,-0.506190829679835,3.31E-33,-0.514054254987742,3.51E-33,-0.506738415614934,6.88E-33,-0.526827701250789,1.60E-32,-8.4809936253304,2.37E-34,-8.48095554328846,3.35E-34,-8.48089786175016,6.31E-34,-8.48084090785426,1.51E-33,-8.48096514288239,5.75E-33,-8.48089452691907,1.58E-32
9.02427381234406,2.43E-34,9.02911194238625,3.20E-34,-0.476190829679835,3.53E-33,-0.484054254987742,4.10E-33,-0.476738415614934,7.26E-33,-0.496827701250789,1.71E-32,-8.4761935773299,2.37E-34,-8.47615549528806,3.35E-34,-8.47609781374968,6.31E-34,-8.47604085985387,1.51E-33,-8.47616509488177,5.75E-33,-8.4760944789186,1.58E-32
9.08427381234406,2.37E-34,9.08911194238625,3.28E-34,-0.446190829679835,4.49E-33,-0.454054254987742,4.14E-33,-0.446738415614934,7.25E-33,-0.466827701250789,1.76E-32,-8.47139352932939,2.37E-34,-8.47135544728755,3.35E-34,-8.47129776574917,6.31E-34,-8.47124081185329,1.51E-33,-8.47136504688136,5.75E-33,-8.47129443091821,1.58E-32
9.14427381234406,2.53E-34,9.14911194238625,3.61E-34,-0.416190829679835,5.18E-33,-0.424054254987742,4.36E-33,-0.416738415614934,7.07E-33,-0.436827701250789,1.69E-32,-8.46659348132897,2.37E-34,-8.46655539928705,3.35E-34,-8.46649771774873,6.31E-34,-8.46644076385283,1.51E-33,-8.46656499888091,5.75E-33,-8.4664943829176,1.58E-32
9.20427381234406,2.22E-34,9.20911194238625,3.15E-34,-0.386190829679835,6.44E-33,-0.394054254987742,4.59E-33,-0.386738415614934,8.24E-33,-0.406827701250789,1.77E-32,-8.46179343332844,2.37E-34,-8.46175535128662,3.35E-34,-8.46169766974823,6.31E-34,-8.46164071585244,1.51E-33,-8.46176495088034,5.75E-33,-8.46169433491719,1.58E-32
9.26427381234406,2.21E-34,9.26911194238625,2.93E-34,-0.356190829679835,6.93E-33,-0.364054254987742,4.04E-33,-0.356738415614934,8.29E-33,-0.376827701250789,1.83E-32,-8.45699338532796,2.38E-34,-8.4569553032861,3.35E-34,-8.45689762174773,6.31E-34,-8.45684066785186,1.51E-33,-8.45696490287995,5.75E-33,-8.45689428691674,1.58E-32
9.32427381234406,2.40E-34,9.32911194238625,3.09E-34,-0.326190829679835,7.17E-33,-0.334054254987742,5.79E-33,-0.326738415614934,8.38E-33,-0.346827701250789,1.93E-32,-8.45219333732753,2.38E-34,-8.45215525528561,3.35E-34,-8.45209757374732,6.31E-34,-8.4520406198514,1.51E-33,-8.45216485487946,5.75E-33,-8.45209423891616,1.58E-32
9.38427381234406,3.46E-34,9.38911194238625,4.60E-34,-0.296190829679835,9.80E-33,-0.304054254987742,7.67E-33,-0.296738415614934,8.87E-33,-0.316827701250789,1.76E-32,-8.44739328932697,2.38E-34,-8.44735520728519,3.35E-34,-8.44729752574676,6.31E-34,-8.44724057185101,1.51E-33,-8.4473648068789,5.75E-33,-8.44729419091578,1.58E-32
9.44427381234406,2.29E-34,9.44911194238625,3.68E-34,-0.266190829679835,1.10E-32,-0.274054254987742,8.59E-33,-0.266738415614934,1.10E-32,-0.286827701250789,2.04E-32,-8.44259324132652,2.38E-34,-8.44255515928463,3.36E-34,-8.4424974777463,6.31E-34,-8.44244052385039,1.51E-33,-8.44256475887852,5.75E-33,-8.44249414291529,1.58E-32
9.50427381234406,2.40E-34,9.50911194238625,3.21E-34,-0.236190829679835,1.54E-32,-0.244054254987742,9.03E-33,-0.236738415614934,1.14E-32,-0.256827701250789,2.05E-32,-8.43779319332612,2.38E-34,-8.43775511128418,3.36E-34,-8.43769742974591,6.31E-34,-8.43764047584997,1.51E-33,-8.43776471087799,5.75E-33,-8.43769409491472,1.58E-32
9.56427381234406,2.43E-34,9.56911194238625,3.38E-34,-0.206190829679835,1.95E-32,-0.214054254987742,1.26E-32,-0.206738415614934,1.40E-32,-0.226827701250789,1.86E-32,-8.43299314532549,2.38E-34,-8.43295506328378,3.36E-34,-8.43289738174528,6.31E-34,-8.43284042784953,1.51E-33,-8.43296466287747,5.75E-33,-8.43289404691435,1.58E-32
9.62427381234406,2.21E-34,9.62911194238625,3.36E-34,-0.176190829679835,2.87E-32,-0.184054254987742,1.56E-32,-0.176738415614934,1.47E-32,-0.196827701250789,2.74E-32,-8.42819309732509,2.38E-34,-8.42815501528315,3.36E-34,-8.42809733374487,6.31E-34,-8.42804037984896,1.51E-33,-8.42816461487708,5.75E-33,-8.42809399891383,1.58E-32
9.68427381234406,2.38E-34,9.68911194238625,3.30E-34,-0.146190829679835,3.98E-32,-0.154054254987742,1.97E-32,-0.146738415614934,2.05E-32,-0.166827701250789,2.53E-32,-8.4233930493247,2.38E-34,-8.42335496728275,3.36E-34,-8.42329728574447,6.32E-34,-8.42324033184855,1.51E-33,-8.42336456687653,5.75E-33,-8.42329395091329,1.58E-32
9.74427381234406,3.40E-34,9.74911194238625,5.63E-34,-0.116190829679835,6.72E-32,-0.124054254987742,3.31E-32,-0.116738415614934,3.17E-32,-0.136827701250789,3.00E-32,-8.41859300132405,2.38E-34,-8.41855491928236,3.36E-34,-8.41849723774385,6.32E-34,-8.41844028384807,1.51E-33,-8.41856451887604,5.75E-33,-8.4184939029129,1.58E-32
9.80427381234406,2.27E-34,9.80911194238625,3.64E-34,-0.0861908296798355,1.38E-31,-0.0940542549877427,6.24E-32,-0.0867384156149346,4.76E-32,-0.106827701250789,3.80E-32,-8.41379295332366,2.38E-34,-8.4137548712817,3.36E-34,-8.41369718974343,6.32E-34,-8.41364023584752,1.51E-33,-8.41376447087565,5.75E-33,-8.41369385491237,1.58E-32
9.86427381234406,2.35E-34,9.86911194238625,3.55E-34,-0.0561908296798355,2.86E-31,-0.0640542549877427,1.42E-31,-0.0567384156149346,9.56E-32,-0.0768277012507896,6.72E-32,-8.40899290532323,2.38E-34,-8.40895482328131,3.36E-34,-8.40889714174302,6.32E-34,-8.40884018784714,1.51E-33,-8.4089644228751,5.75E-33,-8.40889380691186,1.58E-32
9.92427381234406,2.40E-34,9.92911194238625,3.34E-34,-0.0261908296798355,1.19E-30,-0.0340542549877427,6.57E-31,-0.0267384156149346,8.84E-31,-0.0468277012507896,1.53E-31,-8.40419285732264,2.38E-34,-8.40415477528089,3.36E-34,-8.40409709374241,6.32E-34,-8.40404013984661,1.51E-33,-8.4041643748746,5.75E-33,-8.40409375891147,1.58E-32
,,,,,,,,,,,,-8.39939280932222,2.38E-34,-8.39935472728029,3.36E-34,-8.39929704574199,6.32E-34,-8.39924009184609,1.51E-33,-8.39936432687421,5.75E-33,-8.39929371091093,1.58E-32
,,,,,,,,,,,,-8.39459276132175,2.38E-34,-8.39455467927988,3.36E-34,-8.39449699774154,6.32E-34,-8.39444004384571,1.51E-33,-8.39456427887363,5.75E-33,-8.39449366291044,1.58E-32
,,,,,,,,,,,,-8.38979271332123,2.38E-34,-8.38975463127941,3.36E-34,-8.38969694974099,6.32E-34,-8.38963999584515,1.51E-33,-8.38976423087319,5.75E-33,-8.38969361491003,1.58E-32
,,,,,,,,,,,,-8.38499266532079,2.38E-34,-8.38495458327888,3.36E-34,-8.38489690174057,6.32E-34,-8.38483994784466,1.51E-33,-8.38496418287276,5.75E-33,-8.38489356690946,1.58E-32
,,,,,,,,,,,,-8.3801926173203,2.38E-34,-8.38015453527845,3.36E-34,-8.38009685374008,6.32E-34,-8.38003989984428,1.51E-33,-8.38016413487217,5.75E-33,-8.38009351890903,1.58E-32
,,,,,,,,,,,,-8.37539256931979,2.38E-34,-8.37535448727795,3.36E-34,-8.37529680573956,6.32E-34,-8.3752398518437,1.51E-33,-8.37536408687178,5.75E-33,-8.37529347090859,1.58E-32
,,,,,,,,,,,,-8.37059252131938,2.38E-34,-8.37055443927745,3.36E-34,-8.37049675773915,6.32E-34,-8.37043980384322,1.51E-33,-8.37056403887129,5.75E-33,-8.37049342290799,1.58E-32
,,,,,,,,,,,,-8.36579247331882,2.38E-34,-8.36575439127704,3.36E-34,-8.36569670973862,6.32E-34,-8.36563975584284,1.51E-33,-8.36576399087074,5.75E-33,-8.3656933749076,1.58E-32
,,,,,,,,,,,,-8.36099242531836,2.38E-34,-8.36095434327647,3.36E-34,-8.36089666173812,6.32E-34,-8.36083970784225,1.51E-33,-8.36096394287035,5.75E-33,-8.36089332690713,1.58E-32
,,,,,,,,,,,,-8.35619237731796,2.38E-34,-8.35615429527601,3.36E-34,-8.35609661373774,6.32E-34,-8.35603965984181,1.51E-33,-8.35616389486986,5.75E-33,-8.35609327890656,1.58E-32
,,,,,,,,,,,,-8.35139232931734,2.38E-34,-8.35135424727561,3.36E-34,-8.35129656573714,6.32E-34,-8.35123961184139,1.51E-33,-8.35136384686931,5.75E-33,-8.35129323090617,1.58E-32
,,,,,,,,,,,,-8.34659228131693,2.38E-34,-8.346554199275,3.36E-34,-8.34649651773669,6.32E-34,-8.34643956384079,1.51E-33,-8.34656379886892,5.75E-33,-8.3464931829057,1.58E-32
,,,,,,,,,,,,-8.34179223331654,2.38E-34,-8.34175415127458,3.36E-34,-8.34169646973631,6.32E-34,-8.3416395158404,1.51E-33,-8.3417637508684,5.75E-33,-8.34169313490513,1.58E-32
,,,,,,,,,,,,-8.33699218531589,2.38E-34,-8.33695410327419,3.36E-34,-8.33689642173569,6.32E-34,-8.33683946783991,1.51E-33,-8.33696370286787,5.75E-33,-8.33689308690474,1.58E-32
,,,,,,,,,,,,-8.33219213731549,2.38E-34,-8.33215405527355,3.36E-34,-8.33209637373526,6.32E-34,-8.33203941983936,1.51E-33,-8.33216365486748,5.75E-33,-8.33209303890424,1.58E-32
,,,,,,,,,,,,-8.32739208931508,2.39E-34,-8.32735400727315,3.36E-34,-8.32729632573488,6.32E-34,-8.32723937183897,1.51E-33,-8.32736360686693,5.75E-33,-8.32729299090369,1.58E-32
,,,,,,,,,,,,-8.32259204131447,2.39E-34,-8.32255395927273,3.36E-34,-8.32249627773426,6.32E-34,-8.32243932383846,1.51E-33,-8.32256355886644,5.75E-33,-8.3224929429033,1.58E-32
,,,,,,,,,,,,-8.31779199331406,2.39E-34,-8.31775391127213,3.36E-34,-8.31769622973382,6.32E-34,-8.31763927583792,1.51E-33,-8.31776351086605,5.75E-33,-8.31769289490276,1.58E-32
,,,,,,,,,,,,-8.3129919453136,2.39E-34,-8.31295386327172,3.36E-34,-8.3128961817334,6.32E-34,-8.31283922783753,1.51E-33,-8.31296346286548,5.75E-33,-8.31289284690227,1.58E-32
,,,,,,,,,,,,-8.30819189731306,2.39E-34,-8.30815381527126,3.36E-34,-8.30809613373282,6.32E-34,-8.30803917983701,1.51E-33,-8.30816341486503,5.75E-33,-8.30809279890187,1.58E-32
,,,,,,,,,,,,-8.30339184931262,2.39E-34,-8.30335376727072,3.36E-34,-8.30329608573241,6.32E-34,-8.30323913183649,1.51E-33,-8.30336336686462,5.75E-33,-8.30329275090131,1.58E-32
,,,,,,,,,,,,-8.29859180131213,2.39E-34,-8.29855371927028,3.36E-34,-8.29849603773192,6.32E-34,-8.2984390838361,1.51E-33,-8.298563318864,5.75E-33,-8.29849270290086,1.58E-32
,,,,,,,,,,,,-8.29379175331163,2.39E-34,-8.29375367126979,3.36E-34,-8.29369598973139,6.32E-34,-8.29363903583556,1.51E-33,-8.29376327086362,5.75E-33,-8.29369265490044,1.58E-32
,,,,,,,,,,,,-8.28899170531121,2.39E-34,-8.28895362326928,3.36E-34,-8.28889594173099,6.32E-34,-8.28883898783506,1.51E-33,-8.28896322286315,5.75E-33,-8.28889260689983,1.58E-32
,,,,,,,,,,,,-8.28419165731068,2.39E-34,-8.28415357526887,3.36E-34,-8.28409589373046,6.32E-34,-8.28403893983467,1.51E-33,-8.28416317486256,5.75E-33,-8.28409255889944,1.58E-32
,,,,,,,,,,,,-8.2793916093102,2.39E-34,-8.27935352726833,3.36E-34,-8.27929584572996,6.32E-34,-8.2792388918341,1.51E-33,-8.27936312686218,5.75E-33,-8.27929251089899,1.58E-32
,,,,,,,,,,,,-8.2745915613098,2.39E-34,-8.27455347926785,3.36E-34,-8.27449579772957,6.32E-34,-8.27443884383365,1.51E-33,-8.27456307886171,5.75E-33,-8.27449246289838,1.58E-32
,,,,,,,,,,,,-8.2697915133092,2.39E-34,-8.26975343126746,3.36E-34,-8.269695749729,6.32E-34,-8.26963879583323,1.51E-33,-8.26976303086113,5.75E-33,-8.269692414898,1.58E-32
,,,,,,,,,,,,-8.26499146530876,2.39E-34,-8.26495338326685,3.36E-34,-8.26489570172852,6.32E-34,-8.26483874783263,1.51E-33,-8.26496298286075,5.75E-33,-8.26489236689756,1.58E-32
,,,,,,,,,,,,-8.26019141730837,2.39E-34,-8.26015333526642,3.36E-34,-8.26009565372813,6.32E-34,-8.26003869983224,1.51E-33,-8.26016293486026,5.75E-33,-8.26009231889695,1.58E-32
,,,,,,,,,,,,-8.25539136930774,2.39E-34,-8.25535328726603,3.37E-34,-8.25529560572755,6.32E-34,-8.25523865183177,1.51E-33,-8.2553628868597,5.75E-33,-8.25529227089657,1.58E-32
,,,,,,,,,,,,-8.25059132130732,2.39E-34,-8.2505532392654,3.37E-34,-8.25049555772709,6.32E-34,-8.25043860383119,1.51E-33,-8.25056283885932,5.75E-33,-8.25049222289609,1.58E-32
,,,,,,,,,,,,-8.24579127330694,2.39E-34,-8.24575319126497,3.37E-34,-8.2456955097267,6.32E-34,-8.2456385558308,1.51E-33,-8.24576279085879,5.75E-33,-8.24569217489553,1.58E-32
,,,,,,,,,,,,-8.24099122530631,2.39E-34,-8.24095314326459,3.37E-34,-8.24089546172612,6.32E-34,-8.24083850783033,1.51E-33,-8.24096274285829,5.75E-33,-8.24089212689514,1.58E-32
,,,,,,,,,,,,-8.23619117730588,2.39E-34,-8.23615309526396,3.37E-34,-8.23609541372566,6.32E-34,-8.23603845982976,1.51E-33,-8.23616269485788,5.75E-33,-8.23609207889462,1.58E-32
,,,,,,,,,,,,-8.23139112930546,2.39E-34,-8.23135304726354,3.37E-34,-8.23129536572524,6.32E-34,-8.23123841182937,1.51E-33,-8.23136264685733,5.75E-33,-8.23129203089412,1.58E-32
,,,,,,,,,,,,-8.22659108130488,2.39E-34,-8.22655299926311,3.37E-34,-8.22649531772466,6.32E-34,-8.22643836382886,1.51E-33,-8.22656259885687,5.75E-33,-8.2264919828937,1.58E-32
,,,,,,,,,,,,-8.22179103330446,2.39E-34,-8.22175295126254,3.37E-34,-8.22169526972425,6.32E-34,-8.22163831582831,1.51E-33,-8.22176255085644,5.75E-33,-8.22169193489316,1.58E-32
,,,,,,,,,,,,-8.21699098530399,2.39E-34,-8.21695290326212,3.37E-34,-8.21689522172378,6.32E-34,-8.21683826782793,1.51E-33,-8.21696250285585,5.75E-33,-8.21689188689271,1.58E-32
,,,,,,,,,,,,-8.21219093730345,2.39E-34,-8.21215285526165,3.37E-34,-8.21209517372323,6.32E-34,-8.21203821982741,1.51E-33,-8.21216245485544,5.75E-33,-8.21209183889226,1.58E-32
,,,,,,,,,,,,-8.20739088930305,2.39E-34,-8.20735280726111,3.37E-34,-8.20729512572284,6.32E-34,-8.20723817182689,1.51E-33,-8.207362406855,5.75E-33,-8.20729179089169,1.58E-32
,,,,,,,,,,,,-8.20259084130253,2.40E-34,-8.2025527592607,3.37E-34,-8.20249507772232,6.32E-34,-8.2024381238265,1.51E-33,-8.2025623588544,5.75E-33,-8.20249174289126,1.58E-32
,,,,,,,,,,,,-8.19779079330202,2.40E-34,-8.19775271126019,3.37E-34,-8.19769502972179,6.32E-34,-8.19763807582595,1.51E-33,-8.19776231085401,5.75E-33,-8.19769169489085,1.58E-32
,,,,,,,,,,,,-8.19299074530164,2.40E-34,-8.19295266325967,3.37E-34,-8.1928949817214,6.32E-34,-8.19283802782548,1.51E-33,-8.19296226285357,5.75E-33,-8.19289164689022,1.58E-32
,,,,,,,,,,,,-8.18819069730105,2.40E-34,-8.18815261525929,3.37E-34,-8.18809493372085,6.32E-34,-8.18803797982507,1.51E-33,-8.18816221485297,5.75E-33,-8.18809159888983,1.58E-32
,,,,,,,,,,,,-8.18339064930058,2.40E-34,-8.18335256725871,3.37E-34,-8.18329488572035,6.32E-34,-8.18323793182447,1.51E-33,-8.18336216685257,5.75E-33,-8.18329155088941,1.58E-32
,,,,,,,,,,,,-8.17859060130021,2.40E-34,-8.17855251925824,3.37E-34,-8.17849483771997,6.32E-34,-8.17843788382407,1.51E-33,-8.17856211885211,5.75E-33,-8.17849150288879,1.58E-32
,,,,,,,,,,,,-8.17379055329961,2.40E-34,-8.17375247125786,3.37E-34,-8.17369478971941,6.32E-34,-8.17363783582362,1.51E-33,-8.17376207085153,5.75E-33,-8.17369145488839,1.58E-32
,,,,,,,,,,,,-8.16899050529915,2.40E-34,-8.16895242325727,3.37E-34,-8.16889474171891,6.32E-34,-8.16883778782302,1.51E-33,-8.16896202285114,5.75E-33,-8.16889140688795,1.58E-32
,,,,,,,,,,,,-8.16419045729877,2.40E-34,-8.16415237525681,3.37E-34,-8.16409469371853,6.32E-34,-8.16403773982264,1.51E-33,-8.16416197485065,5.75E-33,-8.16409135888736,1.58E-32
,,,,,,,,,,,,-8.15939040929818,2.40E-34,-8.15935232725643,3.37E-34,-8.15929464571796,6.32E-34,-8.15923769182219,1.51E-33,-8.15936192685012,5.75E-33,-8.15929131088696,1.58E-32
,,,,,,,,,,,,-8.15459036129772,2.40E-34,-8.15455227925583,3.37E-34,-8.15449459771749,6.32E-34,-8.15443764382158,1.51E-33,-8.15456187884971,5.75E-33,-8.15449126288648,1.58E-32
,,,,,,,,,,,,-8.1497903132973,2.40E-34,-8.14975223125537,3.37E-34,-8.1496945497171,6.32E-34,-8.1496375958212,1.51E-33,-8.14976183084919,5.75E-33,-8.14969121488595,1.58E-32
,,,,,,,,,,,,-8.14499026529672,2.40E-34,-8.14495218325496,3.37E-34,-8.14489450171648,6.32E-34,-8.14483754782073,1.51E-33,-8.14496178284871,5.75E-33,-8.14489116688553,1.58E-32
,,,,,,,,,,,,-8.14019021729629,2.40E-34,-8.14015213525437,3.37E-34,-8.14009445371608,6.32E-34,-8.14003749982015,1.51E-33,-8.14016173484827,5.75E-33,-8.14009111888502,1.58E-32
,,,,,,,,,,,,-8.13539016929584,2.40E-34,-8.13535208725395,3.37E-34,-8.13529440571563,6.32E-34,-8.13523745181977,1.51E-33,-8.13536168684771,5.75E-33,-8.13529107088453,1.58E-32
,,,,,,,,,,,,-8.13059012129529,2.40E-34,-8.13055203925349,3.37E-34,-8.13049435771505,6.32E-34,-8.13043740381926,1.51E-33,-8.13056163884728,5.75E-33,-8.13049102288411,1.58E-32
,,,,,,,,,,,,-8.12579007329488,2.40E-34,-8.12575199125294,3.37E-34,-8.12569430971467,6.32E-34,-8.12563735581874,1.51E-33,-8.12576159084686,5.75E-33,-8.12569097488354,1.58E-32
,,,,,,,,,,,,-8.12099002529438,2.40E-34,-8.12095194325254,3.37E-34,-8.12089426171418,6.32E-34,-8.12083730781832,1.51E-33,-8.12096154284625,5.75E-33,-8.1208909268831,1.58E-32
,,,,,,,,,,,,-8.11618997729385,2.40E-34,-8.11615189525204,3.37E-34,-8.11609421371362,6.32E-34,-8.11603725981781,1.51E-33,-8.11616149484584,5.75E-33,-8.11609087888269,1.58E-32
,,,,,,,,,,,,-8.11138992929346,2.40E-34,-8.11135184725151,3.37E-34,-8.11129416571324,6.32E-34,-8.11123721181732,1.51E-33,-8.11136144684543,5.75E-33,-8.11129083088208,1.58E-32
,,,,,,,,,,,,-8.10658988129291,2.40E-34,-8.10655179925112,3.37E-34,-8.10649411771272,6.33E-34,-8.10643716381689,1.51E-33,-8.10656139884479,5.75E-33,-8.10649078288166,1.58E-32
,,,,,,,,,,,,-8.10178983329242,2.40E-34,-8.10175175125057,3.37E-34,-8.10169406971218,6.33E-34,-8.10163711581633,1.51E-33,-8.10176135084441,5.75E-33,-8.10169073488127,1.58E-32
,,,,,,,,,,,,-8.09698978529203,2.40E-34,-8.09695170325008,3.37E-34,-8.0968940217118,6.33E-34,-8.09683706781589,1.51E-33,-8.09696130284396,5.75E-33,-8.09689068688061,1.58E-32
,,,,,,,,,,,,-8.09218973729147,2.40E-34,-8.09215165524968,3.37E-34,-8.09209397371128,6.33E-34,-8.09203701981547,1.51E-33,-8.09216125484337,5.75E-33,-8.09209063888023,1.58E-32
,,,,,,,,,,,,-8.08738968929099,2.40E-34,-8.08735160724912,3.37E-34,-8.08729392571075,6.33E-34,-8.08723697181486,1.51E-33,-8.08736120684298,5.75E-33,-8.08729059087979,1.58E-32
,,,,,,,,,,,,-8.0825896412906,2.41E-34,-8.08255155924864,3.37E-34,-8.08249387771036,6.33E-34,-8.08243692381446,1.51E-33,-8.08256115884249,5.75E-33,-8.0824905428792,1.58E-32
,,,,,,,,,,,,-8.07778959329003,2.41E-34,-8.07775151124825,3.38E-34,-8.07769382970982,6.33E-34,-8.07763687581404,1.51E-33,-8.07776111084195,5.75E-33,-8.0776904948788,1.58E-32
,,,,,,,,,,,,-8.07298954528955,2.41E-34,-8.07295146324769,3.38E-34,-8.07289378170933,6.33E-34,-8.07283682781342,1.51E-33,-8.07296106284154,5.75E-33,-8.07289044687833,1.58E-32
,,,,,,,,,,,,-8.06818949728916,2.41E-34,-8.06815141524721,3.38E-34,-8.06809373370893,6.33E-34,-8.06803677981303,1.51E-33,-8.06816101484103,5.75E-33,-8.06809039887779,1.58E-32
,,,,,,,,,,,,-8.06338944928856,2.41E-34,-8.06335136724682,3.38E-34,-8.06329368570834,6.33E-34,-8.06323673181259,1.51E-33,-8.06336096684054,5.75E-33,-8.06329035087736,1.58E-32
,,,,,,,,,,,,-8.05858940128814,2.41E-34,-8.05855131924621,3.38E-34,-8.05849363770792,6.33E-34,-8.05843668381198,1.51E-33,-8.05856091884011,5.75E-33,-8.05849030287686,1.58E-32
,,,,,,,,,,,,-8.05378935328769,2.41E-34,-8.0537512712458,3.38E-34,-8.05369358970748,6.33E-34,-8.05363663581159,1.51E-33,-8.05376087083956,5.75E-33,-8.05369025487636,1.58E-32
,,,,,,,,,,,,-8.04898930528712,2.41E-34,-8.04895122324535,3.38E-34,-8.04889354170688,6.33E-34,-8.04883658781112,1.51E-33,-8.04896082283911,5.75E-33,-8.04889020687594,1.58E-32
,,,,,,,,,,,,-8.04418925728672,2.41E-34,-8.04415117524478,3.38E-34,-8.04409349370649,6.33E-34,-8.04403653981057,1.51E-33,-8.0441607748387,5.75E-33,-8.04409015887539,1.58E-32
,,,,,,,,,,,,-8.03938920928624,2.41E-34,-8.03935112724437,3.38E-34,-8.03929344570602,6.33E-34,-8.03923649181016,1.51E-33,-8.03936072683809,5.75E-33,-8.03929011087493,1.58E-32
,,,,,,,,,,,,-8.03458916128568,2.41E-34,-8.03455107924389,3.38E-34,-8.03449339770545,6.33E-34,-8.03443644380965,1.51E-33,-8.03456067883768,5.75E-33,-8.03449006287453,1.58E-32
,,,,,,,,,,,,-8.0297891132853,2.41E-34,-8.02975103124333,3.38E-34,-8.02969334970506,6.33E-34,-8.02963639580915,1.51E-33,-8.02976063083729,5.75E-33,-8.02969001487392,1.58E-32
,,,,,,,,,,,,-8.02498906528477,2.41E-34,-8.02495098324295,3.38E-34,-8.02489330170458,6.33E-34,-8.02483634780873,1.51E-33,-8.02496058283662,5.75E-33,-8.0248899668735,1.58E-32
,,,,,,,,,,,,-8.02018901728424,2.41E-34,-8.02015093524243,3.38E-34,-8.02009325370402,6.33E-34,-8.02003629980818,1.51E-33,-8.02016053483623,5.75E-33,-8.02008991887311,1.58E-32
,,,,,,,,,,,,-8.01538896928386,2.41E-34,-8.0153508872419,3.38E-34,-8.01529320570363,6.33E-34,-8.01523625180773,1.51E-33,-8.01536048683582,5.75E-33,-8.01528987087247,1.58E-32
,,,,,,,,,,,,-8.01058892128332,2.41E-34,-8.01055083924152,3.38E-34,-8.01049315770313,6.33E-34,-8.0104362038073,1.51E-33,-8.0105604388352,5.75E-33,-8.01048982287205,1.58E-32
,,,,,,,,,,,,-8.00578887328281,2.41E-34,-8.00575079124098,3.38E-34,-8.00569310970258,6.33E-34,-8.00563615580671,1.51E-33,-8.0057603908348,5.75E-33,-8.00568977487165,1.58E-32
,,,,,,,,,,,,-8.00098882528243,2.41E-34,-8.00095074324047,3.38E-34,-8.00089306170219,6.33E-34,-8.00083610780629,1.51E-33,-8.00096034283435,5.75E-33,-8.00088972687103,1.58E-32
,,,,,,,,,,,,-7.99618877728187,2.41E-34,-7.99615069524009,3.38E-34,-7.99609301370167,6.33E-34,-7.99603605980588,1.51E-33,-7.99616029483379,5.75E-33,-7.99608967887062,1.58E-32
,,,,,,,,,,,,-7.99138872928139,2.41E-34,-7.99135064723952,3.38E-34,-7.99129296570116,6.33E-34,-7.99123601180524,1.51E-33,-7.99136024683336,5.75E-33,-7.99128963087018,1.58E-32
,,,,,,,,,,,,-7.986588681281,2.41E-34,-7.98655059923904,3.38E-34,-7.98649291770076,6.33E-34,-7.98643596380486,1.51E-33,-7.98656019883287,5.75E-33,-7.98648958286962,1.58E-32
,,,,,,,,,,,,-7.9817886332804,2.41E-34,-7.98175055123865,3.38E-34,-7.98169286970019,6.33E-34,-7.98163591580444,1.51E-33,-7.98176015083237,5.75E-33,-7.98168953486919,1.58E-32
,,,,,,,,,,,,-7.97698858527998,2.41E-34,-7.97695050323806,3.38E-34,-7.97689282169975,6.33E-34,-7.97683586780382,1.51E-33,-7.97696010283194,5.75E-33,-7.9768894868687,1.58E-32
,,,,,,,,,,,,-7.97218853727955,2.41E-34,-7.97215045523763,3.38E-34,-7.97209277369933,6.33E-34,-7.97203581980343,1.51E-33,-7.97216005483142,5.75E-33,-7.97208943886819,1.58E-32
,,,,,,,,,,,,-7.96738848927894,2.42E-34,-7.96735040723721,3.38E-34,-7.96729272569872,6.33E-34,-7.96723577180297,1.51E-33,-7.96736000683093,5.75E-33,-7.96728939086777,1.58E-32
,,,,,,,,,,,,-7.96258844127856,2.42E-34,-7.9625503592366,3.38E-34,-7.96249267769833,6.33E-34,-7.96243572380241,1.51E-33,-7.96255995883053,5.75E-33,-7.96248934286725,1.58E-32
,,,,,,,,,,,,-7.95778839327808,2.42E-34,-7.95775031123622,3.38E-34,-7.95769262969787,6.33E-34,-7.95763567580199,1.51E-33,-7.95775991082995,5.75E-33,-7.95768929486675,1.58E-32
,,,,,,,,,,,,-7.95298834527751,2.42E-34,-7.95295026323574,3.38E-34,-7.95289258169727,6.33E-34,-7.95283562780149,1.51E-33,-7.9529598628295,5.75E-33,-7.95288924686636,1.58E-32
,,,,,,,,,,,,-7.94818829727712,2.42E-34,-7.94815021523517,3.38E-34,-7.94809253369689,6.33E-34,-7.948035579801,1.51E-33,-7.94815981482912,5.75E-33,-7.94808919886578,1.58E-32
,,,,,,,,,,,,-7.94338824927663,2.42E-34,-7.94335016723478,3.38E-34,-7.94329248569644,6.33E-34,-7.94323553180056,1.51E-33,-7.94335976682847,5.75E-33,-7.94328915086532,1.58E-32
,,,,,,,,,,,,-7.93858820127608,2.42E-34,-7.93855011923428,3.38E-34,-7.93849243769584,6.33E-34,-7.93843548380003,1.51E-33,-7.93855971882807,5.75E-33,-7.93848910286494,1.58E-32
,,,,,,,,,,,,-7.93378815327569,2.42E-34,-7.93375007123373,3.38E-34,-7.93369238969546,6.33E-34,-7.93363543579956,1.51E-33,-7.93375967082768,5.75E-33,-7.93368905486431,1.58E-32
,,,,,,,,,,,,-7.92898810527518,2.42E-34,-7.92895002323334,3.38E-34,-7.92889234169498,6.33E-34,-7.92883538779915,1.51E-33,-7.92895962282705,5.75E-33,-7.92888900686389,1.58E-32
,,,,,,,,,,,,-7.92418805727464,2.42E-34,-7.92414997523284,3.38E-34,-7.92409229369442,6.33E-34,-7.92403533979857,1.51E-33,-7.92415957482663,5.75E-33,-7.92408895886351,1.58E-32
,,,,,,,,,,,,-7.91938800927425,2.42E-34,-7.9193499272323,3.38E-34,-7.91929224569403,6.33E-34,-7.91923529179812,1.51E-33,-7.91935952682621,5.75E-33,-7.91928891086288,1.58E-32
,,,,,,,,,,,,-7.91458796127371,2.42E-34,-7.91454987923191,3.39E-34,-7.9144921976935,6.33E-34,-7.91443524379773,1.51E-33,-7.91455947882562,5.75E-33,-7.91448886286245,1.58E-32
,,,,,,,,,,,,-7.90978791327322,2.42E-34,-7.90974983123137,3.39E-34,-7.90969214969301,6.33E-34,-7.90963519579709,1.51E-33,-7.9097594308252,5.75E-33,-7.90968881486204,1.58E-32
,,,,,,,,,,,,-7.90498786527282,2.42E-34,-7.90494978323088,3.39E-34,-7.90489210169259,6.33E-34,-7.90483514779668,1.51E-33,-7.90495938282472,5.75E-33,-7.90488876686146,1.58E-32
,,,,,,,,,,,,-7.90018781727226,2.42E-34,-7.90014973523048,3.39E-34,-7.90009205369204,6.33E-34,-7.90003509979629,1.51E-33,-7.9001593348242,5.75E-33,-7.90008871886102,1.58E-32
,,,,,,,,,,,,-7.89538776927181,2.42E-34,-7.89534968722991,3.39E-34,-7.8952920056916,6.33E-34,-7.89523505179565,1.51E-33,-7.89535928682378,5.75E-33,-7.89528867086055,1.58E-32
,,,,,,,,,,,,-7.89058772127139,2.42E-34,-7.89054963922947,3.39E-34,-7.89049195769116,6.33E-34,-7.89043500379525,1.51E-33,-7.89055923882326,5.75E-33,-7.89048862286002,1.58E-32
,,,,,,,,,,,,-7.88578767327079,2.42E-34,-7.88574959122904,3.39E-34,-7.88569190969058,6.33E-34,-7.88563495579483,1.51E-33,-7.88575919082277,5.75E-33,-7.88568857485961,1.58E-32
,,,,,,,,,,,,-7.88098762527039,2.42E-34,-7.88094954322845,3.39E-34,-7.88089186169015,6.33E-34,-7.88083490779424,1.51E-33,-7.88095914282237,5.75E-33,-7.88088852685909,1.58E-32
,,,,,,,,,,,,-7.87618757726993,2.42E-34,-7.87614949522804,3.39E-34,-7.87609181368973,6.33E-34,-7.87603485979382,1.51E-33,-7.87615909482179,5.75E-33,-7.87608847885859,1.58E-32
,,,,,,,,,,,,-7.87138752926935,2.42E-34,-7.87134944722759,3.39E-34,-7.87129176568911,6.33E-34,-7.87123481179335,1.51E-33,-7.87135904682134,5.75E-33,-7.8712884308582,1.58E-32
,,,,,,,,,,,,-7.86658748126896,2.42E-34,-7.866549399227,3.39E-34,-7.86649171768872,6.33E-34,-7.86643476379282,1.51E-33,-7.86655899882094,5.75E-33,-7.86648838285763,1.58E-32
,,,,,,,,,,,,-7.8617874332685,2.42E-34,-7.86174935122661,3.39E-34,-7.86169166968829,6.33E-34,-7.8616347157924,1.51E-33,-7.86175895082033,5.75E-33,-7.86168833485716,1.58E-32
,,,,,,,,,,,,-7.85698738526791,2.43E-34,-7.85694930322615,3.39E-34,-7.85689162168768,6.33E-34,-7.85683466779189,1.51E-33,-7.8569589028199,5.75E-33,-7.85688828685677,1.58E-32
,,,,,,,,,,,,-7.85218733726752,2.43E-34,-7.85214925522557,3.39E-34,-7.85209157368728,6.33E-34,-7.85203461979139,1.51E-33,-7.85215885481951,5.75E-33,-7.85208823885617,1.58E-32
,,,,,,,,,,,,-7.84738728926705,2.43E-34,-7.84734920722518,3.39E-34,-7.84729152568684,6.33E-34,-7.84723457179098,1.51E-33,-7.84735880681889,5.75E-33,-7.84728819085572,1.58E-32
,,,,,,,,,,,,-7.84258724126647,2.43E-34,-7.84254915922471,3.39E-34,-7.84249147768625,6.33E-34,-7.84243452379042,1.51E-33,-7.84255875881847,5.75E-33,-7.84248814285533,1.58E-32
,,,,,,,,,,,,-7.83778719326609,2.43E-34,-7.83774911122412,3.39E-34,-7.83769142968585,6.33E-34,-7.83763447578995,1.51E-33,-7.83775871081805,5.75E-33,-7.83768809485474,1.58E-32
,,,,,,,,,,,,-7.83298714526556,2.43E-34,-7.83294906322374,3.39E-34,-7.83289138168536,6.33E-34,-7.83283442778957,1.51E-33,-7.83295866281747,5.75E-33,-7.83288804685429,1.58E-32
,,,,,,,,,,,,-7.82818709726506,2.43E-34,-7.82814901522322,3.39E-34,-7.82809133368484,6.33E-34,-7.82803437978894,1.51E-33,-7.82815861481703,5.75E-33,-7.82808799885389,1.58E-32
,,,,,,,,,,,,-7.82338704926465,2.43E-34,-7.82334896722271,3.39E-34,-7.82329128568442,6.33E-34,-7.82323433178852,1.51E-33,-7.82335856681658,5.75E-33,-7.82328795085329,1.58E-32
,,,,,,,,,,,,-7.8185870012641,2.43E-34,-7.81854891922231,3.39E-34,-7.8184912376839,6.34E-34,-7.81843428378814,1.51E-33,-7.81855851881604,5.75E-33,-7.81848790285287,1.58E-32
,,,,,,,,,,,,-7.81378695326365,2.43E-34,-7.81374887122176,3.39E-34,-7.81369118968342,6.34E-34,-7.8136342357875,1.51E-33,-7.81375847081562,5.75E-33,-7.81368785485241,1.58E-32
,,,,,,,,,,,,-7.80898690526322,2.43E-34,-7.8089488232213,3.39E-34,-7.808891141683,6.34E-34,-7.80883418778709,1.51E-33,-7.80895842281512,5.75E-33,-7.80888780685186,1.58E-32
,,,,,,,,,,,,-7.80418685726264,2.43E-34,-7.80414877522088,3.39E-34,-7.80409109368243,6.34E-34,-7.80403413978667,1.51E-33,-7.80415837481459,5.75E-33,-7.80408775885146,1.58E-32
,,,,,,,,,,,,-7.79938680926222,2.43E-34,-7.79934872722029,3.39E-34,-7.79929104568199,6.34E-34,-7.79923409178608,1.51E-33,-7.7993583268142,5.75E-33,-7.79928771085095,1.58E-32
,,,,,,,,,,,,-7.79458676126179,2.43E-34,-7.79454867921988,3.39E-34,-7.79449099768158,6.34E-34,-7.79443404378565,1.51E-33,-7.79455827881365,5.75E-33,-7.79448766285041,1.58E-32
,,,,,,,,,,,,-7.78978671326117,2.43E-34,-7.78974863121944,3.39E-34,-7.78969094968096,6.34E-34,-7.78963399578519,1.51E-33,-7.78975823081316,5.75E-33,-7.78968761485003,1.58E-32
,,,,,,,,,,,,-7.78498666526079,2.43E-34,-7.78494858321883,3.39E-34,-7.78489090168055,6.34E-34,-7.78483394778465,1.51E-33,-7.78495818281278,5.75E-33,-7.78488756684948,1.58E-32
,,,,,,,,,,,,-7.78018661726035,2.43E-34,-7.78014853521845,3.39E-34,-7.78009085368016,6.34E-34,-7.78003389978423,1.51E-33,-7.78015813481218,5.75E-33,-7.78008751884898,1.58E-32
,,,,,,,,,,,,-7.77538656925974,2.43E-34,-7.77534848721801,3.39E-34,-7.7752908056795,6.34E-34,-7.77523385178374,1.51E-33,-7.77535808681173,5.75E-33,-7.7752874708486,1.58E-32
,,,,,,,,,,,,-7.77058652125936,2.43E-34,-7.77054843921739,3.39E-34,-7.77049075767912,6.34E-34,-7.77043380378322,1.51E-33,-7.77055803881135,5.75E-33,-7.77048742284803,1.58E-32
,,,,,,,,,,,,-7.7657864732589,2.43E-34,-7.76574839121701,3.39E-34,-7.76569070967868,6.34E-34,-7.76563375578282,1.51E-33,-7.76575799081075,5.75E-33,-7.76568737484755,1.58E-32
,,,,,,,,,,,,-7.76098642525831,2.43E-34,-7.76094834321655,3.40E-34,-7.76089066167809,6.34E-34,-7.76083370778227,1.51E-33,-7.76095794281029,5.75E-33,-7.76088732684717,1.58E-32
,,,,,,,,,,,,-7.75618637725792,2.43E-34,-7.75614829521597,3.40E-34,-7.75609061367769,6.34E-34,-7.75603365978179,1.51E-33,-7.75615789480991,5.75E-33,-7.75608727884659,1.58E-32
,,,,,,,,,,,,-7.75138632925742,2.44E-34,-7.75134824721558,3.40E-34,-7.7512905656772,6.34E-34,-7.7512336117814,1.51E-33,-7.75135784680929,5.75E-33,-7.75128723084611,1.58E-32
,,,,,,,,,,,,-7.7465862812569,2.44E-34,-7.74654819921507,3.40E-34,-7.74649051767668,6.34E-34,-7.7464335637808,1.51E-33,-7.74655779880887,5.75E-33,-7.74648718284573,1.58E-32
,,,,,,,,,,,,-7.74178623325649,2.44E-34,-7.74174815121456,3.40E-34,-7.74169046967625,6.34E-34,-7.74163351578035,1.51E-33,-7.74175775080843,5.75E-33,-7.74168713484513,1.58E-32
,,,,,,,,,,,,-7.73698618525596,2.44E-34,-7.73694810321414,3.40E-34,-7.73689042167575,6.34E-34,-7.73683346777996,1.51E-33,-7.73695770280786,5.75E-33,-7.7368870868447,1.58E-32
,,,,,,,,,,,,-7.73218613725548,2.44E-34,-7.73214805521362,3.40E-34,-7.73209037367526,6.34E-34,-7.73203341977937,1.51E-33,-7.73215765480746,5.75E-33,-7.73208703884427,1.58E-32
,,,,,,,,,,,,-7.72738608925504,2.44E-34,-7.72734800721314,3.40E-34,-7.72729032567483,6.34E-34,-7.72723337177892,1.51E-33,-7.72735760680698,5.75E-33,-7.72728699084368,1.58E-32
,,,,,,,,,,,,-7.72258604125449,2.44E-34,-7.7225479592127,3.40E-34,-7.72249027767428,6.34E-34,-7.72243332377853,1.51E-33,-7.72255755880643,5.75E-33,-7.72248694284329,1.58E-32
,,,,,,,,,,,,-7.71778599325405,2.44E-34,-7.71774791121215,3.40E-34,-7.71769022967382,6.34E-34,-7.71763327577791,1.51E-33,-7.71775751080605,5.75E-33,-7.71768689484281,1.58E-32
,,,,,,,,,,,,-7.71298594525363,2.44E-34,-7.7129478632117,3.40E-34,-7.71289018167342,6.34E-34,-7.71283322777749,1.51E-33,-7.7129574628055,5.75E-33,-7.71288684684225,1.58E-32
,,,,,,,,,,,,-7.70818589725302,2.44E-34,-7.70814781521129,3.40E-34,-7.7080901336728,6.34E-34,-7.70803317977705,1.51E-33,-7.70815741480499,5.75E-33,-7.70808679884187,1.58E-32
,,,,,,,,,,,,-7.70338584925261,2.44E-34,-7.70334776721067,3.40E-34,-7.70329008567239,6.34E-34,-7.70323313177648,1.51E-33,-7.70335736680461,5.75E-33,-7.70328675084134,1.58E-32
,,,,,,,,,,,,-7.69858580125221,2.44E-34,-7.69854771921027,3.40E-34,-7.698490037672,6.34E-34,-7.69843308377606,1.51E-33,-7.69855731880404,5.75E-33,-7.69848670284081,1.58E-32
,,,,,,,,,,,,-7.69378575325157,2.44E-34,-7.69374767120987,3.40E-34,-7.69368998967136,6.34E-34,-7.69363303577558,1.51E-33,-7.69375727080356,5.75E-33,-7.69368665484043,1.58E-32
,,,,,,,,,,,,-7.68898570525118,2.44E-34,-7.68894762320923,3.40E-34,-7.68888994167095,6.34E-34,-7.68883298777504,1.51E-33,-7.68895722280317,5.75E-33,-7.68888660683989,1.58E-32
,,,,,,,,,,,,-7.68418565725076,2.44E-34,-7.68414757520884,3.40E-34,-7.68408989367054,6.34E-34,-7.68403293977465,1.51E-33,-7.6841571748026,5.75E-33,-7.68408655883938,1.58E-32
,,,,,,,,,,,,-7.67938560925015,2.44E-34,-7.67934752720841,3.40E-34,-7.67928984566992,6.34E-34,-7.67923289177413,1.51E-33,-7.67935712680213,5.75E-33,-7.67928651083899,1.58E-32
,,,,,,,,,,,,-7.67458556124975,2.44E-34,-7.6745474792078,3.40E-34,-7.67448979766952,6.34E-34,-7.67443284377361,1.51E-33,-7.67455707880174,5.75E-33,-7.67448646283844,1.58E-32
,,,,,,,,,,,,-7.66978551324928,2.44E-34,-7.6697474312074,3.40E-34,-7.66968974966906,6.34E-34,-7.66963279577323,1.51E-33,-7.66975703080115,5.75E-33,-7.66968641483795,1.58E-32
,,,,,,,,,,,,-7.66498546524874,2.44E-34,-7.66494738320693,3.40E-34,-7.66488970166851,6.34E-34,-7.66483274777266,1.51E-33,-7.6649569828007,5.75E-33,-7.66488636683756,1.58E-32
,,,,,,,,,,,,-7.66018541724831,2.44E-34,-7.66014733520639,3.40E-34,-7.66008965366808,6.34E-34,-7.66003269977218,1.51E-33,-7.66015693480028,5.75E-33,-7.66008631883698,1.58E-32
,,,,,,,,,,,,-7.65538536924782,2.44E-34,-7.65534728720597,3.40E-34,-7.65528960566759,6.34E-34,-7.6552326517718,1.51E-33,-7.6553568867997,5.75E-33,-7.65528627083654,1.58E-32
,,,,,,,,,,,,-7.65058532124732,2.45E-34,-7.65054723920548,3.40E-34,-7.65048955766708,6.34E-34,-7.65043260377121,1.51E-33,-7.65055683879929,5.75E-33,-7.65048622283611,1.58E-32
,,,,,,,,,,,,-7.64578527324689,2.45E-34,-7.64574719120497,3.40E-34,-7.64568950966667,6.34E-34,-7.64563255577074,1.51E-33,-7.64575679079881,5.75E-33,-7.64568617483552,1.58E-32
,,,,,,,,,,,,-7.64098522524634,2.45E-34,-7.64094714320455,3.40E-34,-7.64088946166614,6.34E-34,-7.64083250777036,1.51E-33,-7.64095674279826,5.75E-33,-7.64088612683513,1.58E-32
,,,,,,,,,,,,-7.63618517724588,2.45E-34,-7.636147095204,3.40E-34,-7.63608941366564,6.34E-34,-7.63603245976977,1.51E-33,-7.63615669479787,5.75E-33,-7.63608607883464,1.58E-32
,,,,,,,,,,,,-7.63138512924548,2.45E-34,-7.63134704720354,3.40E-34,-7.63128936566525,6.34E-34,-7.63123241176932,1.51E-33,-7.63135664679737,5.75E-33,-7.63128603083408,1.58E-32
,,,,,,,,,,,,-7.62658508124486,2.45E-34,-7.62654699920314,3.40E-34,-7.62648931766466,6.34E-34,-7.62643236376891,1.51E-33,-7.62655659879683,5.75E-33,-7.62648598283369,1.58E-32
,,,,,,,,,,,,-7.62178503324445,2.45E-34,-7.62174695120252,3.40E-34,-7.62168926966421,6.34E-34,-7.62163231576831,1.51E-33,-7.62175655079644,5.75E-33,-7.62168593483321,1.58E-32
,,,,,,,,,,,,-7.61698498524406,2.45E-34,-7.6169469032021,3.40E-34,-7.61688922166383,6.34E-34,-7.61683226776791,1.51E-33,-7.61695650279591,5.75E-33,-7.61688588683265,1.58E-32
,,,,,,,,,,,,-7.61218493724339,2.45E-34,-7.61214685520171,3.41E-34,-7.6120891736632,6.34E-34,-7.61203221976743,1.51E-33,-7.61215645479539,5.75E-33,-7.61208583883226,1.58E-32
,,,,,,,,,,,,-7.60738488924301,2.45E-34,-7.60734680720105,3.41E-34,-7.60728912566278,6.34E-34,-7.60723217176688,1.51E-33,-7.607356406795,5.75E-33,-7.60728579083175,1.58E-32
,,,,,,,,,,,,-7.6025848412426,2.45E-34,-7.60254675920067,3.41E-34,-7.6024890776624,6.34E-34,-7.60243212376649,1.51E-33,-7.60255635879445,5.75E-33,-7.60248574283122,1.58E-32
,,,,,,,,,,,,-7.59778479324198,2.45E-34,-7.59774671120026,3.41E-34,-7.59768902966177,6.34E-34,-7.59763207576597,1.51E-33,-7.59775631079395,5.75E-33,-7.59768569483083,1.58E-32
,,,,,,,,,,,,-7.59298474524158,2.45E-34,-7.59294666319964,3.41E-34,-7.59288898166134,6.34E-34,-7.59283202776545,1.51E-33,-7.59295626279357,5.75E-33,-7.59288564683029,1.58E-32
,,,,,,,,,,,,-7.58818469724112,2.45E-34,-7.58814661519924,3.41E-34,-7.58808893366092,6.34E-34,-7.58803197976506,1.51E-33,-7.588156214793,5.75E-33,-7.58808559882978,1.58E-32
,,,,,,,,,,,,-7.58338464924057,2.45E-34,-7.58334656719878,3.41E-34,-7.58328888566035,6.34E-34,-7.58323193176452,1.51E-33,-7.58335616679254,5.75E-33,-7.58328555082939,1.58E-32
,,,,,,,,,,,,-7.57858460124015,2.45E-34,-7.57854651919823,3.41E-34,-7.57848883765992,6.34E-34,-7.57843188376401,1.51E-33,-7.57855611879214,5.75E-33,-7.57848550282883,1.58E-32
,,,,,,,,,,,,-7.57378455323965,2.45E-34,-7.5737464711978,3.41E-34,-7.57368878965944,6.34E-34,-7.57363183576362,1.51E-33,-7.57375607079152,5.75E-33,-7.57368545482837,1.58E-32
,,,,,,,,,,,,-7.56898450523915,2.45E-34,-7.56894642319731,3.41E-34,-7.56888874165891,6.34E-34,-7.56883178776307,1.51E-33,-7.56895602279113,5.75E-33,-7.56888540682796,1.58E-32
,,,,,,,,,,,,-7.56418445723873,2.45E-34,-7.56414637519681,3.41E-34,-7.5640886936585,6.34E-34,-7.56403173976258,1.51E-33,-7.56415597479067,5.75E-33,-7.56408535882735,1.58E-32
,,,,,,,,,,,,-7.5593844092382,2.45E-34,-7.55934632719638,3.41E-34,-7.55928864565798,6.35E-34,-7.55923169176219,1.51E-33,-7.55935592679009,5.75E-33,-7.55928531082696,1.58E-32
,,,,,,,,,,,,-7.55458436123772,2.46E-34,-7.55454627919585,3.41E-34,-7.55448859765748,6.35E-34,-7.55443164376163,1.51E-33,-7.55455587878971,5.75E-33,-7.5544852628265,1.58E-32
,,,,,,,,,,,,-7.54978431323731,2.46E-34,-7.54974623119537,3.41E-34,-7.54968854965709,6.35E-34,-7.54963159576116,1.51E-33,-7.54975583078922,5.75E-33,-7.54968521482591,1.58E-32
,,,,,,,,,,,,-7.54498426523672,2.46E-34,-7.54494618319497,3.41E-34,-7.54488850165651,6.35E-34,-7.54483154776076,1.51E-33,-7.54495578278865,5.75E-33,-7.54488516682553,1.58E-32
,,,,,,,,,,,,-7.54018421723628,2.46E-34,-7.54014613519437,3.41E-34,-7.54008845365605,6.35E-34,-7.54003149976015,1.51E-33,-7.54015573478827,5.75E-33,-7.54008511882507,1.58E-32
,,,,,,,,,,,,-7.53538416923589,2.46E-34,-7.53534608719394,3.41E-34,-7.53528840565566,6.35E-34,-7.53523145175975,1.51E-33,-7.53535568678777,5.75E-33,-7.53528507082447,1.58E-32
,,,,,,,,,,,,-7.53058412123525,2.46E-34,-7.53054603919355,3.41E-34,-7.53048835765506,6.35E-34,-7.53043140375929,1.51E-33,-7.53055563878722,5.75E-33,-7.53048502282409,1.58E-32
,,,,,,,,,,,,-7.52578407323484,2.46E-34,-7.52574599119291,3.41E-34,-7.52568830965461,6.35E-34,-7.52563135575871,1.51E-33,-7.52575559078684,5.75E-33,-7.52568497482361,1.58E-32
,,,,,,,,,,,,-7.52098402523446,2.46E-34,-7.52094594319249,3.41E-34,-7.52088826165422,6.35E-34,-7.52083130775832,1.51E-33,-7.52095554278631,5.75E-33,-7.52088492682304,1.58E-32
,,,,,,,,,,,,-7.51618397723382,2.46E-34,-7.51614589519211,3.41E-34,-7.51608821365363,6.35E-34,-7.51603125975784,1.51E-33,-7.5161554947858,5.75E-33,-7.51608487882266,1.58E-32
,,,,,,,,,,,,-7.5113839292334,2.46E-34,-7.51134584719147,3.41E-34,-7.51128816565318,6.35E-34,-7.51123121175728,1.51E-33,-7.51135544678541,5.75E-33,-7.51128483082214,1.58E-32
,,,,,,,,,,,,-7.50658388123298,2.46E-34,-7.50654579919106,3.41E-34,-7.50648811765277,6.35E-34,-7.50643116375689,1.51E-33,-7.50655539878486,5.75E-33,-7.50648478282163,1.58E-32
,,,,,,,,,,,,-7.50178383323241,2.46E-34,-7.50174575119064,3.41E-34,-7.50168806965218,6.35E-34,-7.50163111575637,1.51E-33,-7.50175535078439,5.75E-33,-7.50168473482123,1.58E-32
,,,,,,,,,,,,-7.49698378523197,2.46E-34,-7.49694570319006,3.41E-34,-7.49688802165176,6.35E-34,-7.49683106775584,1.51E-33,-7.49695530278396,5.75E-33,-7.49688468682069,1.58E-32
,,,,,,,,,,,,-7.49218373723151,2.46E-34,-7.49214565518963,3.41E-34,-7.4920879736513,6.35E-34,-7.49203101975546,1.51E-33,-7.49215525478338,5.75E-33,-7.49208463882022,1.58E-32
,,,,,,,,,,,,-7.48738368923097,2.46E-34,-7.48734560718917,3.41E-34,-7.48728792565075,6.35E-34,-7.48723097175493,1.51E-33,-7.48735520678296,5.75E-33,-7.48728459081978,1.58E-32
,,,,,,,,,,,,-7.48258364123056,2.46E-34,-7.48254555918863,3.41E-34,-7.48248787765035,6.35E-34,-7.4824309237544,1.51E-33,-7.48255515878252,5.75E-33,-7.48248454281921,1.58E-32
,,,,,,,,,,,,-7.47778359323006,2.46E-34,-7.47774551118822,3.42E-34,-7.47768782964984,6.35E-34,-7.47763087575402,1.51E-33,-7.47775511078192,5.75E-33,-7.47768449481878,1.58E-32
,,,,,,,,,,,,-7.47298354522954,2.46E-34,-7.47294546318771,3.42E-34,-7.47288778164931,6.35E-34,-7.47283082775347,1.51E-33,-7.47295506278153,5.75E-33,-7.47288444681836,1.58E-32
,,,,,,,,,,,,-7.46818349722915,2.46E-34,-7.4681454151872,3.42E-34,-7.46808773364892,6.35E-34,-7.46803077975299,1.51E-33,-7.46815501478108,5.75E-33,-7.46808439881774,1.58E-32
,,,,,,,,,,,,-7.46338344922858,2.46E-34,-7.4633453671868,3.42E-34,-7.46328768564836,6.35E-34,-7.46323073175259,1.51E-33,-7.46335496678049,5.75E-33,-7.46328435081735,1.58E-32
,,,,,,,,,,,,-7.45858340122811,2.47E-34,-7.45854531918623,3.42E-34,-7.45848763764787,6.35E-34,-7.45843068375199,1.51E-33,-7.4585549187801,5.75E-33,-7.45848430281693,1.58E-32
,,,,,,,,,,,,-7.45378335322773,2.47E-34,-7.45374527118576,3.42E-34,-7.45368758964749,6.35E-34,-7.45363063575158,1.51E-33,-7.45375487077963,5.75E-33,-7.45368425481631,1.58E-32
,,,,,,,,,,,,-7.44898330522712,2.47E-34,-7.44894522318538,3.42E-34,-7.44888754164692,6.35E-34,-7.44883058775114,1.51E-33,-7.44895482277905,5.75E-33,-7.44888420681592,1.58E-32
,,,,,,,,,,,,-7.44418325722667,2.47E-34,-7.44414517518478,3.42E-34,-7.44408749364644,6.35E-34,-7.44403053975054,1.51E-33,-7.44415477477866,5.75E-33,-7.44408415881547,1.58E-32
,,,,,,,,,,,,-7.43938320922629,2.47E-34,-7.43934512718433,3.42E-34,-7.43928744564606,6.35E-34,-7.43923049175016,1.51E-33,-7.43935472677817,5.75E-33,-7.43928411081487,1.58E-32
,,,,,,,,,,,,-7.43458316122569,2.47E-34,-7.43454507918395,3.42E-34,-7.43448739764548,6.35E-34,-7.4344304437497,1.51E-33,-7.43455467877763,5.75E-33,-7.43448406281448,1.58E-32
,,,,,,,,,,,,-7.42978311322524,2.47E-34,-7.42974503118334,3.42E-34,-7.429687349645,6.35E-34,-7.4296303957491,1.51E-33,-7.42975463077723,5.75E-33,-7.429684014814,1.58E-32
,,,,,,,,,,,,-7.42498306522483,2.47E-34,-7.42494498318289,3.42E-34,-7.42488730164462,6.35E-34,-7.42483034774872,1.51E-33,-7.42495458277671,5.75E-33,-7.42488396681346,1.58E-32
,,,,,,,,,,,,-7.42018301722424,2.47E-34,-7.42014493518248,3.42E-34,-7.42008725364401,6.35E-34,-7.42003029974824,1.51E-33,-7.42015453477622,5.75E-33,-7.42008391881305,1.58E-32
,,,,,,,,,,,,-7.41538296922381,2.47E-34,-7.4153448871819,3.42E-34,-7.41528720564359,6.35E-34,-7.41523025174767,1.51E-33,-7.4153544867758,5.75E-33,-7.41528387081255,1.58E-32
,,,,,,,,,,,,-7.41058292122336,2.47E-34,-7.41054483918146,3.42E-34,-7.41048715764316,6.35E-34,-7.41043020374729,1.51E-33,-7.41055443877523,5.75E-33,-7.41048382281205,1.58E-32
,,,,,,,,,,,,-7.40578287322281,2.47E-34,-7.40574479118101,3.42E-34,-7.40568710964257,6.35E-34,-7.40563015574679,1.51E-33,-7.4057543907748,5.75E-33,-7.40568377481162,1.58E-32
,,,,,,,,,,,,-7.4009828252224,2.47E-34,-7.40094474318046,3.42E-34,-7.40088706164218,6.35E-34,-7.40083010774625,1.51E-33,-7.40095434277437,5.75E-33,-7.40088372681107,1.58E-32
,,,,,,,,,,,,-7.3961827772219,2.47E-34,-7.39614469518005,3.42E-34,-7.3960870136417,6.35E-34,-7.39603005974585,1.51E-33,-7.39615429477377,5.75E-33,-7.39608367881062,1.58E-32
,,,,,,,,,,,,-7.39138272922137,2.47E-34,-7.39134464717956,3.42E-34,-7.39128696564114,6.35E-34,-7.39123001174532,1.51E-33,-7.39135424677336,5.75E-33,-7.39128363081021,1.58E-32
,,,,,,,,,,,,-7.38658268122098,2.47E-34,-7.38654459917903,3.42E-34,-7.38648691764076,6.35E-34,-7.38642996374483,1.51E-33,-7.38655419877293,5.75E-33,-7.3864835828096,1.58E-32
,,,,,,,,,,,,-7.38178263322042,2.47E-34,-7.38174455117864,3.42E-34,-7.38168686964023,6.35E-34,-7.38162991574441,1.51E-33,-7.38175415077231,5.75E-33,-7.38168353480919,1.58E-32
,,,,,,,,,,,,-7.37698258521994,2.47E-34,-7.37694450317808,3.42E-34,-7.37688682163971,6.35E-34,-7.37682986774385,1.51E-33,-7.37695410277193,5.75E-33,-7.37688348680877,1.58E-32
,,,,,,,,,,,,-7.37218253721955,2.48E-34,-7.3721444551776,3.42E-34,-7.37208677363933,6.35E-34,-7.37202981974342,1.51E-33,-7.37215405477148,5.75E-33,-7.37208343880813,1.58E-32
,,,,,,,,,,,,-7.36738248921898,2.48E-34,-7.36734440717721,3.42E-34,-7.36728672563879,6.35E-34,-7.36722977174298,1.51E-33,-7.36735400677088,5.75E-33,-7.36728339080775,1.58E-32
,,,,,,,,,,,,-7.36258244121851,2.48E-34,-7.36254435917663,3.42E-34,-7.36248667763827,6.35E-34,-7.36242972374238,1.51E-33,-7.3625539587705,5.75E-33,-7.36248334280732,1.58E-32
,,,,,,,,,,,,-7.35778239321812,2.48E-34,-7.35774431117616,3.42E-34,-7.35768662963788,6.35E-34,-7.35762967574198,1.51E-33,-7.35775391077002,5.75E-33,-7.35768329480671,1.58E-32
,,,,,,,,,,,,-7.35298234521755,2.48E-34,-7.35294426317577,3.42E-34,-7.35288658163733,6.35E-34,-7.35282962774153,1.51E-33,-7.35295386276947,5.75E-33,-7.35288324680632,1.58E-32
,,,,,,,,,,,,-7.34818229721707,2.48E-34,-7.3481442151752,3.42E-34,-7.34808653363684,6.35E-34,-7.34802957974094,1.51E-33,-7.34815381476906,5.75E-33,-7.34808319880585,1.58E-32
,,,,,,,,,,,,-7.34338224921668,2.48E-34,-7.34334416717473,3.43E-34,-7.34328648563645,6.35E-34,-7.34322953174055,1.51E-33,-7.34335376676854,5.75E-33,-7.3432831508053,1.58E-32
,,,,,,,,,,,,-7.33858220121608,2.48E-34,-7.33854411917434,3.43E-34,-7.33848643763586,6.35E-34,-7.3384294837401,1.51E-33,-7.33855371876805,5.75E-33,-7.33848310280488,1.58E-32
,,,,,,,,,,,,-7.33378215321565,2.48E-34,-7.33374407117373,3.43E-34,-7.33368638963543,6.35E-34,-7.33362943573951,1.51E-33,-7.33375367076763,5.75E-33,-7.33368305480437,1.58E-32
,,,,,,,,,,,,-7.32898210521522,2.48E-34,-7.32894402317331,3.43E-34,-7.328886341635,6.36E-34,-7.32882938773912,1.51E-33,-7.32895362276708,5.75E-33,-7.32888300680389,1.58E-32
,,,,,,,,,,,,-7.32418205721464,2.48E-34,-7.32414397517287,3.43E-34,-7.32408629363441,6.36E-34,-7.32402933973864,1.51E-33,-7.32415357476663,5.75E-33,-7.32408295880345,1.58E-32
,,,,,,,,,,,,-7.31938200921423,2.48E-34,-7.3193439271723,3.43E-34,-7.31928624563402,6.36E-34,-7.31922929173808,1.51E-33,-7.31935352676621,5.75E-33,-7.31928291080291,1.58E-32
,,,,,,,,,,,,-7.31458196121375,2.48E-34,-7.31454387917189,3.43E-34,-7.31448619763352,6.36E-34,-7.31442924373768,1.51E-33,-7.31455347876561,5.75E-33,-7.31448286280245,1.58E-32
,,,,,,,,,,,,-7.3097819132132,2.48E-34,-7.3097438311714,3.43E-34,-7.30968614963297,6.36E-34,-7.30962919573717,1.51E-33,-7.3097534307652,5.75E-33,-7.30968281480204,1.58E-32
,,,,,,,,,,,,-7.30498186521282,2.48E-34,-7.30494378317085,3.43E-34,-7.30488610163258,6.36E-34,-7.30482914773666,1.51E-33,-7.30495338276479,5.75E-33,-7.30488276680145,1.58E-32
,,,,,,,,,,,,-7.30018181721228,2.48E-34,-7.30014373517047,3.43E-34,-7.30008605363209,6.36E-34,-7.30002909973625,1.51E-33,-7.30015333476415,5.75E-33,-7.30008271880102,1.58E-32
,,,,,,,,,,,,-7.29538176921177,2.48E-34,-7.29534368716994,3.43E-34,-7.29528600563154,6.36E-34,-7.29522905173571,1.51E-33,-7.29535328676375,5.75E-33,-7.29528267080063,1.58E-32
,,,,,,,,,,,,-7.29058172121139,2.48E-34,-7.29054363916942,3.43E-34,-7.29048595763115,6.36E-34,-7.29042900373525,1.51E-33,-7.29055323876334,5.75E-33,-7.29048262279997,1.58E-32
,,,,,,,,,,,,-7.28578167321084,2.48E-34,-7.28574359116904,3.43E-34,-7.28568590963064,6.36E-34,-7.28562895573481,1.51E-33,-7.28575319076272,5.75E-33,-7.28568257479958,1.58E-32
,,,,,,,,,,,,-7.28098162521033,2.49E-34,-7.28094354316849,3.43E-34,-7.28088586163011,6.36E-34,-7.28082890773423,1.51E-33,-7.28095314276232,5.75E-33,-7.28088252679917,1.58E-32
,,,,,,,,,,,,-7.27618157720995,2.49E-34,-7.27614349516799,3.43E-34,-7.27608581362972,6.36E-34,-7.27602885973382,1.51E-33,-7.27615309476187,5.75E-33,-7.27608247879856,1.58E-32
,,,,,,,,,,,,-7.27138152920938,2.49E-34,-7.27134344716761,3.43E-34,-7.27128576562918,6.36E-34,-7.27122881173339,1.51E-33,-7.2713530467613,5.75E-33,-7.27128243079814,1.58E-32
,,,,,,,,,,,,-7.2665814812089,2.49E-34,-7.26654339916703,3.43E-34,-7.26648571762867,6.36E-34,-7.26642876373276,1.51E-33,-7.26655299876089,5.75E-33,-7.26648238279771,1.58E-32
,,,,,,,,,,,,-7.26178143320852,2.49E-34,-7.26174335116655,3.43E-34,-7.26168566962828,6.36E-34,-7.26162871573238,1.51E-33,-7.26175295076039,5.75E-33,-7.26168233479713,1.58E-32
,,,,,,,,,,,,-7.25698138520792,2.49E-34,-7.25694330316617,3.43E-34,-7.25688562162772,6.36E-34,-7.25682866773196,1.51E-33,-7.25695290275989,5.75E-33,-7.25688228679671,1.58E-32
,,,,,,,,,,,,-7.25218133720749,2.49E-34,-7.25214325516558,3.43E-34,-7.25208557362726,6.36E-34,-7.25202861973133,1.51E-33,-7.25215285475945,5.75E-33,-7.25208223879623,1.58E-32
,,,,,,,,,,,,-7.24738128920707,2.49E-34,-7.24734320716514,3.43E-34,-7.24728552562685,6.36E-34,-7.24722857173095,1.51E-33,-7.24735280675894,5.75E-33,-7.24728219079571,1.58E-32
,,,,,,,,,,,,-7.24258124120647,2.49E-34,-7.24254315916473,3.43E-34,-7.24248547762624,6.36E-34,-7.24242852373049,1.51E-33,-7.24255275875846,5.75E-33,-7.24248214279529,1.58E-32
,,,,,,,,,,,,-7.23778119320608,2.49E-34,-7.23774311116412,3.43E-34,-7.23768542962585,6.36E-34,-7.23762847572992,1.51E-33,-7.23775271075804,5.75E-33,-7.23768209479477,1.58E-32
,,,,,,,,,,,,-7.23298114520559,2.49E-34,-7.23294306316373,3.43E-34,-7.23288538162538,6.36E-34,-7.23282842772952,1.51E-33,-7.23295266275747,5.75E-33,-7.23288204679428,1.58E-32
,,,,,,,,,,,,-7.22818109720503,2.49E-34,-7.22814301516325,3.43E-34,-7.2280853336248,6.36E-34,-7.22802837972901,1.51E-33,-7.22815261475702,5.75E-33,-7.22808199879388,1.58E-32
,,,,,,,,,,,,-7.22338104920464,2.49E-34,-7.22334296716269,3.43E-34,-7.22328528562442,6.36E-34,-7.22322833172851,1.51E-33,-7.22335256675663,5.75E-33,-7.2232819507933,1.58E-32
,,,,,,,,,,,,-7.21858100120415,2.49E-34,-7.2185429191623,3.44E-34,-7.21848523762395,6.36E-34,-7.21842828372808,1.51E-33,-7.21855251875599,5.75E-33,-7.21848190279284,1.58E-32
,,,,,,,,,,,,-7.2137809532036,2.49E-34,-7.21374287116181,3.44E-34,-7.21368518962336,6.36E-34,-7.21362823572756,1.51E-33,-7.21375247075559,5.75E-33,-7.21368185479246,1.58E-32
,,,,,,,,,,,,-7.20898090520321,2.49E-34,-7.20894282316126,3.44E-34,-7.20888514162298,6.36E-34,-7.20882818772709,1.51E-33,-7.2089524227552,5.75E-33,-7.20888180679182,1.58E-32
,,,,,,,,,,,,-7.20418085720269,2.49E-34,-7.20414277516087,3.44E-34,-7.2040850936225,6.36E-34,-7.20402813972666,1.51E-33,-7.20415237475456,5.75E-33,-7.20408175879141,1.58E-32
,,,,,,,,,,,,-7.19938080920217,2.50E-34,-7.19934272716035,3.44E-34,-7.19928504562193,6.36E-34,-7.19922809172609,1.51E-33,-7.19935232675416,5.75E-33,-7.19928171079103,1.58E-32
,,,,,,,,,,,,-7.19458076120178,2.50E-34,-7.19454267915982,3.44E-34,-7.19448499762155,6.36E-34,-7.19442804372564,1.51E-33,-7.19455227875373,5.75E-33,-7.19448166279039,1.58E-32
,,,,,,,,,,,,-7.18978071320124,2.50E-34,-7.18974263115943,3.44E-34,-7.18968494962102,6.36E-34,-7.18962799572524,1.51E-33,-7.18975223075314,5.75E-33,-7.18968161478998,1.58E-32
,,,,,,,,,,,,-7.18498066520073,2.50E-34,-7.18494258315889,3.44E-34,-7.18488490162052,6.36E-34,-7.18482794772461,1.51E-33,-7.18495218275272,5.75E-33,-7.18488156678956,1.58E-32
,,,,,,,,,,,,-7.18018061720034,2.50E-34,-7.18014253515839,3.44E-34,-7.18008485362012,6.36E-34,-7.18002789972421,1.51E-33,-7.18015213475224,5.75E-33,-7.18008151878897,1.58E-32
,,,,,,,,,,,,-7.17538056919978,2.50E-34,-7.175342487158,3.44E-34,-7.17528480561957,6.36E-34,-7.17522785172382,1.51E-33,-7.17535208675172,5.75E-33,-7.17528147078854,1.58E-32
,,,,,,,,,,,,-7.17058052119932,2.50E-34,-7.17054243915744,3.44E-34,-7.17048475761911,6.36E-34,-7.17042780372316,1.51E-33,-7.17055203875129,5.75E-33,-7.17048142278807,1.58E-32
,,,,,,,,,,,,-7.16578047319891,2.50E-34,-7.16574239115698,3.44E-34,-7.16568470961868,6.36E-34,-7.16562775572277,1.51E-33,-7.16575199075078,5.75E-33,-7.16568137478755,1.58E-32
,,,,,,,,,,,,-7.16098042519831,2.50E-34,-7.16094234315656,3.44E-34,-7.1608846616181,6.36E-34,-7.16082770772235,1.51E-33,-7.16095194275029,5.75E-33,-7.16088132678712,1.58E-32
,,,,,,,,,,,,-7.15618037719791,2.50E-34,-7.15614229515597,3.44E-34,-7.15608461361767,6.36E-34,-7.15602765972175,1.51E-33,-7.15615189474988,5.75E-33,-7.15608127878662,1.58E-32
,,,,,,,,,,,,-7.15138032919744,2.50E-34,-7.15134224715557,3.44E-34,-7.15128456561724,6.36E-34,-7.15122761172134,1.51E-33,-7.15135184674932,5.75E-33,-7.15128123078611,1.58E-32
,,,,,,,,,,,,-7.14658028119687,2.50E-34,-7.1465421991551,3.44E-34,-7.14648451761663,6.36E-34,-7.14642756372087,1.51E-33,-7.14655179874886,5.75E-33,-7.14648118278571,1.58E-32
,,,,,,,,,,,,-7.14178023319648,2.50E-34,-7.14174215115452,3.44E-34,-7.14168446961624,6.36E-34,-7.14162751572034,1.51E-33,-7.14175175074847,5.75E-33,-7.14168113478515,1.58E-32
,,,,,,,,,,,,-7.13698018519601,2.50E-34,-7.13694210315413,3.44E-34,-7.1368844216158,6.36E-34,-7.13682746771991,1.51E-33,-7.13695170274784,5.75E-33,-7.13688108678468,1.58E-32
,,,,,,,,,,,,-7.13218013719543,2.50E-34,-7.13214205515366,3.44E-34,-7.1320843736152,6.36E-34,-7.13202741971941,1.51E-33,-7.13215165474742,5.75E-33,-7.13208103878429,1.58E-32
,,,,,,,,,,,,-7.12738008919504,2.50E-34,-7.12734200715309,3.44E-34,-7.12728432561481,6.36E-34,-7.12722737171891,1.51E-33,-7.12735160674703,5.75E-33,-7.12728099078368,1.58E-32
,,,,,,,,,,,,-7.12258004119456,2.50E-34,-7.1225419591527,3.44E-34,-7.12248427761436,6.36E-34,-7.1224273237185,1.51E-33,-7.1225515587464,5.75E-33,-7.12248094278325,1.58E-32
,,,,,,,,,,,,-7.11777999319399,2.51E-34,-7.11774191115222,3.44E-34,-7.11768422961376,6.36E-34,-7.11762727571795,1.51E-33,-7.11775151074599,5.75E-33,-7.11768089478285,1.58E-32
,,,,,,,,,,,,-7.11297994519361,2.51E-34,-7.11294186315165,3.44E-34,-7.11288418161337,6.37E-34,-7.11282722771748,1.51E-33,-7.11295146274558,5.75E-33,-7.11288084678225,1.58E-32
,,,,,,,,,,,,-7.10817989719308,2.51E-34,-7.10814181515127,3.44E-34,-7.10808413361288,6.37E-34,-7.10802717971708,1.51E-33,-7.10815141474498,5.75E-33,-7.10808079878181,1.58E-32
,,,,,,,,,,,,-7.10337984919257,2.51E-34,-7.10334176715074,3.45E-34,-7.10328408561235,6.37E-34,-7.10322713171647,1.51E-33,-7.10335136674456,5.75E-33,-7.10328075078141,1.58E-32
,,,,,,,,,,,,-7.09857980119218,2.51E-34,-7.09854171915022,3.45E-34,-7.09848403761194,6.37E-34,-7.09842708371604,1.51E-33,-7.0985513187441,5.75E-33,-7.09848070278081,1.58E-32
,,,,,,,,,,,,-7.09377975319163,2.51E-34,-7.09374167114983,3.45E-34,-7.09368398961143,6.37E-34,-7.09362703571566,1.51E-33,-7.09375127074356,5.75E-33,-7.09368065478038,1.58E-32
,,,,,,,,,,,,-7.08897970519116,2.51E-34,-7.08894162314928,3.45E-34,-7.08888394161094,6.37E-34,-7.08882698771501,1.51E-33,-7.08895122274313,5.75E-33,-7.08888060677993,1.58E-32
,,,,,,,,,,,,-7.08417965719074,2.51E-34,-7.08414157514881,3.45E-34,-7.08408389361051,6.37E-34,-7.08402693971461,1.51E-33,-7.08415117474264,5.75E-33,-7.08408055877938,1.58E-32
,,,,,,,,,,,,-7.07937960919016,2.51E-34,-7.0793415271484,3.45E-34,-7.07928384560996,6.37E-34,-7.0792268917142,1.51E-33,-7.07935112674212,5.75E-33,-7.07928051077897,1.58E-32
,,,,,,,,,,,,-7.07457956118975,2.51E-34,-7.07454147914782,3.45E-34,-7.07448379760951,6.37E-34,-7.07442684371359,1.51E-33,-7.07455107874171,5.75E-33,-7.07448046277847,1.58E-32
,,,,,,,,,,,,-7.0697795131893,2.51E-34,-7.0697414311474,3.45E-34,-7.0696837496091,6.37E-34,-7.06962679571317,1.51E-33,-7.06975103074117,5.75E-33,-7.06968041477794,1.58E-32
,,,,,,,,,,,,-7.06497946518869,2.51E-34,-7.06494138314695,3.45E-34,-7.06488370160848,6.37E-34,-7.06482674771272,1.51E-33,-7.06495098274068,5.75E-33,-7.06488036677754,1.58E-32
,,,,,,,,,,,,-7.06017941718831,2.51E-34,-7.06014133514635,3.45E-34,-7.06008365360808,6.37E-34,-7.06002669971218,1.51E-33,-7.0601509347403,5.75E-33,-7.06008031877701,1.58E-32
,,,,,,,,,,,,-7.05537936918787,2.51E-34,-7.05534128714597,3.45E-34,-7.05528360560767,6.37E-34,-7.05522665171174,1.51E-33,-7.0553508867397,5.75E-33,-7.0552802707765,1.58E-32
,,,,,,,,,,,,-7.05057932118726,2.51E-34,-7.05054123914552,3.45E-34,-7.05048355760702,6.37E-34,-7.05042660371125,1.51E-33,-7.05055083873925,5.75E-33,-7.05048022277612,1.58E-32
,,,,,,,,,,,,-7.04577927318688,2.51E-34,-7.04574119114491,3.45E-34,-7.04568350960664,6.37E-34,-7.04562655571074,1.51E-33,-7.04575079073887,5.75E-33,-7.04568017477554,1.58E-32
,,,,,,,,,,,,-7.04097922518642,2.52E-34,-7.04094114314453,3.45E-34,-7.04088346160621,6.37E-34,-7.04082650771033,1.51E-33,-7.04095074273825,5.75E-33,-7.04088012677507,1.58E-32
,,,,,,,,,,,,-7.03617917718582,2.52E-34,-7.03614109514408,3.45E-34,-7.0360834136056,6.37E-34,-7.03602645970979,1.51E-33,-7.03615069473781,5.75E-33,-7.03608007877469,1.58E-32
,,,,,,,,,,,,-7.03137912918545,2.52E-34,-7.03134104714348,3.45E-34,-7.03128336560521,6.37E-34,-7.03122641170931,1.51E-33,-7.03135064673743,5.75E-33,-7.03128003077409,1.58E-32
,,,,,,,,,,,,-7.02657908118494,2.52E-34,-7.0265409991431,3.45E-34,-7.02648331760473,6.37E-34,-7.02642636370892,1.51E-33,-7.02655059873682,5.75E-33,-7.02647998277363,1.58E-32
,,,,,,,,,,,,-7.02177903318441,2.52E-34,-7.0217409511426,3.45E-34,-7.02168326960419,6.37E-34,-7.02162631570831,1.51E-33,-7.02175055073638,5.75E-33,-7.02167993477326,1.58E-32
,,,,,,,,,,,,-7.01697898518401,2.52E-34,-7.01694090314207,3.45E-34,-7.01688322160378,6.37E-34,-7.01682626770788,1.51E-33,-7.01695050273596,5.75E-33,-7.01687988677265,1.58E-32
,,,,,,,,,,,,-7.01217893718348,2.52E-34,-7.01214085514167,3.45E-34,-7.01208317360326,6.37E-34,-7.01202621970749,1.51E-33,-7.01215045473538,5.75E-33,-7.01207983877221,1.58E-32
,,,,,,,,,,,,-7.00737888918299,2.52E-34,-7.00734080714114,3.45E-34,-7.00728312560278,6.37E-34,-7.00722617170687,1.51E-33,-7.00735040673497,5.75E-33,-7.00727979077179,1.58E-32
,,,,,,,,,,,,-7.00257884118257,2.52E-34,-7.00254075914065,3.45E-34,-7.00248307760234,6.37E-34,-7.00242612370644,1.51E-33,-7.00255035873449,5.75E-33,-7.0024797427712,1.58E-32
,,,,,,,,,,,,-6.99777879318202,2.52E-34,-6.99774071114022,3.45E-34,-6.9976830296018,6.37E-34,-6.99762607570605,1.51E-33,-6.99775031073395,5.75E-33,-6.9976796947708,1.58E-32
,,,,,,,,,,,,-6.99297874518157,2.52E-34,-6.99294066313967,3.45E-34,-6.99288298160134,6.37E-34,-6.99282602770543,1.51E-33,-6.99295026273356,5.75E-33,-6.99287964677032,1.58E-32
,,,,,,,,,,,,-6.98817869718115,2.52E-34,-6.98814061513923,3.46E-34,-6.98808293360093,6.37E-34,-6.98802597970501,1.51E-33,-6.98815021473303,5.75E-33,-6.98807959876977,1.58E-32
,,,,,,,,,,,,-6.98337864918054,2.52E-34,-6.9833405671388,3.46E-34,-6.98328288560032,6.37E-34,-6.98322593170457,1.51E-33,-6.98335016673252,5.75E-33,-6.98327955076939,1.58E-32
,,,,,,,,,,,,-6.97857860118014,2.52E-34,-6.97854051913819,3.46E-34,-6.97848283759991,6.37E-34,-6.978425883704,1.51E-33,-6.97855011873214,5.75E-33,-6.97847950276886,1.58E-32
,,,,,,,,,,,,-6.97377855317971,2.52E-34,-6.97374047113779,3.46E-34,-6.97368278959952,6.37E-34,-6.97362583570358,1.51E-33,-6.97375007073155,5.75E-33,-6.97367945476834,1.58E-32
,,,,,,,,,,,,-6.96897850517909,2.52E-34,-6.96894042313737,3.46E-34,-6.96888274159886,6.37E-34,-6.96882578770311,1.51E-33,-6.96895002273108,5.75E-33,-6.96887940676796,1.58E-32
,,,,,,,,,,,,-6.9641784571787,2.53E-34,-6.96414037513675,3.46E-34,-6.96408269359848,6.37E-34,-6.96402573970257,1.51E-33,-6.96414997473069,5.75E-33,-6.9640793587674,1.58E-32
,,,,,,,,,,,,-6.95937840917828,2.53E-34,-6.95934032713636,3.46E-34,-6.95928264559806,6.37E-34,-6.95922569170217,1.51E-33,-6.95934992673011,5.75E-33,-6.9592793107669,1.58E-32
,,,,,,,,,,,,-6.95457836117766,2.53E-34,-6.95454027913593,3.46E-34,-6.95448259759745,6.37E-34,-6.95442564370165,1.51E-33,-6.95454987872965,5.75E-33,-6.95447926276651,1.58E-32
,,,,,,,,,,,,-6.94977831317727,2.53E-34,-6.94974023113532,3.46E-34,-6.94968254959704,6.37E-34,-6.94962559570113,1.51E-33,-6.94974983072926,5.75E-33,-6.94967921476595,1.58E-32
,,,,,,,,,,,,-6.9449782651768,2.53E-34,-6.94494018313492,3.46E-34,-6.94488250159659,6.37E-34,-6.94482554770075,1.51E-33,-6.94494978272867,5.75E-33,-6.94487916676547,1.58E-32
,,,,,,,,,,,,-6.94017821717625,2.53E-34,-6.94014013513445,3.46E-34,-6.94008245359602,6.37E-34,-6.94002549970017,1.51E-33,-6.94014973472822,5.75E-33,-6.94007911876508,1.58E-32
,,,,,,,,,,,,-6.93537816917584,2.53E-34,-6.9353400871339,3.46E-34,-6.9352824055956,6.37E-34,-6.9352254516997,1.51E-33,-6.9353496867278,5.75E-33,-6.93527907076451,1.58E-32
,,,,,,,,,,,,-6.93057812117533,2.53E-34,-6.93054003913349,3.46E-34,-6.93048235759512,6.37E-34,-6.93042540369932,1.51E-33,-6.93054963872722,5.75E-33,-6.93047902276405,1.58E-32
,,,,,,,,,,,,-6.92577807317484,2.53E-34,-6.92573999113299,3.46E-34,-6.9256823095946,6.37E-34,-6.92562535569873,1.51E-33,-6.9257495907268,5.75E-33,-6.92567897476363,1.58E-32
,,,,,,,,,,,,-6.9209780251744,2.53E-34,-6.92093994313249,3.46E-34,-6.92088226159418,6.37E-34,-6.92082530769827,1.51E-33,-6.92094954272633,5.75E-33,-6.92087892676304,1.58E-32
,,,,,,,,,,,,-6.91617797717387,2.53E-34,-6.91613989513206,3.46E-34,-6.91608221359366,6.38E-34,-6.91602525969789,1.51E-33,-6.91614949472578,5.75E-33,-6.91607887876264,1.58E-32
,,,,,,,,,,,,-6.9113779291734,2.53E-34,-6.91133984713153,3.46E-34,-6.91128216559317,6.38E-34,-6.91122521169729,1.51E-33,-6.91134944672539,5.75E-33,-6.91127883076217,1.58E-32
,,,,,,,,,,,,-6.90657788117299,2.53E-34,-6.90653979913106,3.46E-34,-6.90648211759277,6.38E-34,-6.90642516369683,1.51E-33,-6.90654939872488,5.75E-33,-6.90647878276161,1.58E-32
,,,,,,,,,,,,-6.90177783317238,2.53E-34,-6.90173975113065,3.46E-34,-6.90168206959218,6.38E-34,-6.90162511569643,1.51E-33,-6.90174935072435,5.75E-33,-6.90167873476121,1.58E-32
,,,,,,,,,,,,-6.89697778517197,2.53E-34,-6.89693970313004,3.46E-34,-6.89688202159173,6.38E-34,-6.89682506769584,1.51E-33,-6.89694930272396,5.75E-33,-6.89687868676072,1.58E-32
,,,,,,,,,,,,-6.89217773717157,2.53E-34,-6.89213965512963,3.46E-34,-6.89208197359136,6.38E-34,-6.89202501969542,1.51E-33,-6.89214925472342,5.75E-33,-6.89207863876017,1.58E-32
,,,,,,,,,,,,-6.88737768917092,2.54E-34,-6.88733960712922,3.46E-34,-6.88728192559071,6.38E-34,-6.88722497169495,1.51E-33,-6.88734920672292,5.75E-33,-6.88727859075978,1.58E-32
,,,,,,,,,,,,-6.88257764117054,2.54E-34,-6.88253955912857,3.47E-34,-6.8824818775903,6.38E-34,-6.8824249236944,1.51E-33,-6.88254915872253,5.75E-33,-6.88247854275927,1.58E-32
,,,,,,,,,,,,-6.87777759317012,2.54E-34,-6.87773951112819,3.47E-34,-6.87768182958992,6.38E-34,-6.87762487569401,1.51E-33,-6.87774911072197,5.75E-33,-6.87767849475874,1.58E-32
,,,,,,,,,,,,-6.87297754516949,2.54E-34,-6.87293946312778,3.47E-34,-6.87288178158928,6.38E-34,-6.8728248276935,1.51E-33,-6.87294906272148,5.75E-33,-6.87287844675835,1.58E-32
,,,,,,,,,,,,-6.8681774971691,2.54E-34,-6.86813941512715,3.47E-34,-6.86808173358887,6.38E-34,-6.86802477969297,1.51E-33,-6.86814901472109,5.75E-33,-6.86807839875781,1.58E-32
,,,,,,,,,,,,-6.86337744916865,2.54E-34,-6.86333936712676,3.47E-34,-6.86328168558844,6.38E-34,-6.86322473169258,1.51E-33,-6.86334896672052,5.75E-33,-6.86327835075731,1.58E-32
,,,,,,,,,,,,-6.85857740116808,2.54E-34,-6.8585393191263,3.47E-34,-6.85848163758787,6.38E-34,-6.85842468369203,1.51E-33,-6.85854891872005,5.75E-33,-6.85847830275691,1.58E-32
,,,,,,,,,,,,-6.85377735316767,2.54E-34,-6.85373927112574,3.47E-34,-6.85368158958743,6.38E-34,-6.85362463569154,1.51E-33,-6.85374887071966,5.75E-33,-6.85367825475635,1.58E-32
,,,,,,,,,,,,-6.84897730516718,2.54E-34,-6.84893922312533,3.47E-34,-6.84888154158696,6.38E-34,-6.84882458769114,1.51E-33,-6.84894882271904,5.75E-33,-6.84887820675588,1.58E-32
,,,,,,,,,,,,-6.84417725716667,2.54E-34,-6.84413917512483,3.47E-34,-6.84408149358644,6.38E-34,-6.84402453969058,1.51E-33,-6.84414877471864,5.75E-33,-6.84407815875548,1.58E-32
,,,,,,,,,,,,-6.83937720916624,2.54E-34,-6.83933912712433,3.47E-34,-6.83928144558602,6.38E-34,-6.8392244916901,1.51E-33,-6.83934872671819,5.75E-33,-6.83927811075487,1.58E-32
,,,,,,,,,,,,-6.83457716116572,2.54E-34,-6.83453907912389,3.47E-34,-6.83448139758551,6.38E-34,-6.83442444368971,1.51E-33,-6.83454867871761,5.75E-33,-6.83447806275447,1.58E-32
,,,,,,,,,,,,-6.82977711316524,2.54E-34,-6.82973903112338,3.47E-34,-6.829681349585,6.38E-34,-6.82962439568915,1.51E-33,-6.82974863071723,5.75E-33,-6.82967801475402,1.58E-32
,,,,,,,,,,,,-6.82497706516483,2.54E-34,-6.8249389831229,3.47E-34,-6.8248813015846,6.38E-34,-6.82482434768867,1.51E-33,-6.82494858271674,5.75E-33,-6.82487796675343,1.58E-32
,,,,,,,,,,,,-6.82017701716424,2.55E-34,-6.82013893512248,3.47E-34,-6.82008125358403,6.38E-34,-6.82002429968828,1.51E-33,-6.82014853471617,5.75E-33,-6.82007791875305,1.58E-32
,,,,,,,,,,,,-6.81537696916381,2.55E-34,-6.8153388871219,3.47E-34,-6.81528120558357,6.38E-34,-6.81522425168767,1.51E-33,-6.8153484867158,5.75E-33,-6.81527787075258,1.58E-32
,,,,,,,,,,,,-6.8105769211634,2.55E-34,-6.81053883912146,3.47E-34,-6.81048115758318,6.38E-34,-6.81042420368726,1.51E-33,-6.81054843871528,5.75E-33,-6.810477822752,1.58E-32
,,,,,,,,,,,,-6.80577687316277,2.55E-34,-6.80573879112106,3.47E-34,-6.80568110958257,6.38E-34,-6.80562415568681,1.51E-33,-6.80574839071474,5.75E-33,-6.80567777475162,1.58E-32
,,,,,,,,,,,,-6.80097682516237,2.55E-34,-6.80093874312043,3.47E-34,-6.80088106158214,6.38E-34,-6.80082410768624,1.51E-33,-6.80094834271436,5.75E-33,-6.80087772675112,1.58E-32
,,,,,,,,,,,,-6.79617677716198,2.55E-34,-6.79613869512003,3.47E-34,-6.79608101358175,6.38E-34,-6.79602405968585,1.51E-33,-6.79614829471384,5.75E-33,-6.79607767875056,1.58E-32
,,,,,,,,,,,,-6.79137672916133,2.55E-34,-6.79133864711964,3.47E-34,-6.79128096558114,6.38E-34,-6.79122401168535,1.51E-33,-6.79134824671331,5.75E-33,-6.79127763075018,1.58E-32
,,,,,,,,,,,,-6.78657668116093,2.55E-34,-6.78653859911898,3.47E-34,-6.7864809175807,6.38E-34,-6.7864239636848,1.51E-33,-6.78654819871293,5.75E-33,-6.78647758274967,1.58E-32
,,,,,,,,,,,,-6.7817766331605,2.55E-34,-6.78173855111858,3.48E-34,-6.78168086958029,6.38E-34,-6.78162391568441,1.51E-33,-6.78174815071238,5.75E-33,-6.78167753474914,1.58E-32
,,,,,,,,,,,,-6.77697658515992,2.55E-34,-6.77693850311816,3.48E-34,-6.7768808215797,6.38E-34,-6.77682386768389,1.51E-33,-6.7769481027119,5.75E-33,-6.77687748674875,1.58E-32
,,,,,,,,,,,,-6.77217653715949,2.55E-34,-6.77213845511757,3.48E-34,-6.77208077357927,6.38E-34,-6.77202381968336,1.51E-33,-6.77214805471148,5.75E-33,-6.77207743874821,1.58E-32
,,,,,,,,,,,,-6.76737648915903,2.55E-34,-6.76733840711715,3.48E-34,-6.76728072557882,6.38E-34,-6.76722377168298,1.51E-33,-6.7673480067109,5.75E-33,-6.76727739074773,1.58E-32
,,,,,,,,,,,,-6.7625764411585,2.55E-34,-6.76253835911669,3.48E-34,-6.76248067757827,6.38E-34,-6.76242372368244,1.51E-33,-6.76254795871047,5.75E-33,-6.7624773427473,1.58E-32
,,,,,,,,,,,,-6.75777639315807,2.55E-34,-6.75773831111615,3.48E-34,-6.75768062957786,6.38E-34,-6.75762367568193,1.51E-33,-6.75774791071004,5.75E-33,-6.75767729474673,1.58E-32
,,,,,,,,,,,,-6.75297634515758,2.55E-34,-6.75293826311573,3.48E-34,-6.75288058157737,6.38E-34,-6.75282362768155,1.51E-33,-6.75294786270944,5.75E-33,-6.75287724674631,1.58E-32
,,,,,,,,,,,,-6.74817629715706,2.56E-34,-6.74813821511523,3.48E-34,-6.74808053357684,6.38E-34,-6.74802357968098,1.51E-33,-6.74814781470905,5.75E-33,-6.74807719874587,1.58E-32
,,,,,,,,,,,,-6.74337624915666,2.56E-34,-6.74333816711472,3.48E-34,-6.74328048557644,6.38E-34,-6.7432235316805,1.51E-33,-6.74334776670858,5.75E-33,-6.74327715074526,1.58E-32
,,,,,,,,,,,,-6.7385762011561,2.56E-34,-6.73853811911432,3.48E-34,-6.73848043757589,6.39E-34,-6.73842348368011,1.51E-33,-6.73854771870801,5.75E-33,-6.73847710274487,1.58E-32
,,,,,,,,,,,,-6.73377615315563,2.56E-34,-6.73373807111376,3.48E-34,-6.73368038957539,6.39E-34,-6.73362343567952,1.51E-33,-6.73374767070762,5.75E-33,-6.73367705474443,1.58E-32
,,,,,,,,,,,,-6.72897610515525,2.56E-34,-6.72893802311328,3.48E-34,-6.72888034157501,6.39E-34,-6.72882338767909,1.51E-33,-6.72894762270714,5.75E-33,-6.72887700674383,1.58E-32
,,,,,,,,,,,,-6.72417605715463,2.56E-34,-6.72413797511291,3.48E-34,-6.72408029357443,6.39E-34,-6.72402333967867,1.51E-33,-6.72414757470658,5.75E-33,-6.72407695874344,1.58E-32
,,,,,,,,,,,,-6.7193760091542,2.56E-34,-6.71933792711229,3.48E-34,-6.71928024557396,6.39E-34,-6.71922329167806,1.51E-33,-6.71934752670619,5.75E-33,-6.71927691074298,1.58E-32
,,,,,,,,,,,,-6.71457596115382,2.56E-34,-6.71453787911185,3.48E-34,-6.71448019757358,6.39E-34,-6.71442324367768,1.51E-33,-6.71454747870569,5.75E-33,-6.7144768627424,1.58E-32
,,,,,,,,,,,,-6.7097759131532,2.56E-34,-6.70973783111147,3.48E-34,-6.70968014957298,6.39E-34,-6.7096231956772,1.51E-33,-6.70974743070514,5.75E-33,-6.70967681474201,1.58E-32
,,,,,,,,,,,,-6.70497586515276,2.56E-34,-6.70493778311085,3.48E-34,-6.70488010157253,6.39E-34,-6.70482314767663,1.51E-33,-6.70494738270475,5.75E-33,-6.70487676674152,1.58E-32
,,,,,,,,,,,,-6.70017581715235,2.56E-34,-6.70013773511042,3.48E-34,-6.70008005357215,6.39E-34,-6.70002309967625,1.51E-33,-6.70014733470422,5.75E-33,-6.70007671874097,1.58E-32
,,,,,,,,,,,,-6.69537576915175,2.56E-34,-6.69533768711,3.48E-34,-6.69528000557153,6.39E-34,-6.69522305167575,1.51E-33,-6.69534728670373,5.75E-33,-6.69527667074057,1.58E-32
,,,,,,,,,,,,-6.69057572115133,2.56E-34,-6.69053763910941,3.48E-34,-6.6904799575711,6.39E-34,-6.69042300367519,1.51E-33,-6.69054723870332,5.75E-33,-6.69047662274006,1.58E-32
,,,,,,,,,,,,-6.68577567315088,2.56E-34,-6.68573759110898,3.48E-34,-6.68567990957068,6.39E-34,-6.68562295567481,1.51E-33,-6.68574719070276,5.75E-33,-6.68567657473956,1.58E-32
,,,,,,,,,,,,-6.68097562515033,2.57E-34,-6.68093754310854,3.49E-34,-6.6808798615701,6.39E-34,-6.68082290767431,1.51E-33,-6.68094714270232,5.75E-33,-6.68087652673914,1.58E-32
,,,,,,,,,,,,-6.67617557714991,2.57E-34,-6.67613749510799,3.49E-34,-6.67607981356969,6.39E-34,-6.67602285967376,1.51E-33,-6.67614709470188,5.75E-33,-6.67607647873859,1.58E-32
,,,,,,,,,,,,-6.67137552914941,2.57E-34,-6.67133744710756,3.49E-34,-6.67127976556921,6.39E-34,-6.67122281167337,1.51E-33,-6.67134704670129,5.75E-33,-6.67127643073814,1.58E-32
,,,,,,,,,,,,-6.6665754811489,2.57E-34,-6.66653739910707,3.49E-34,-6.66647971756866,6.39E-34,-6.66642276367283,1.51E-33,-6.66654699870089,5.75E-33,-6.66647638273772,1.58E-32
,,,,,,,,,,,,-6.6617754331485,2.57E-34,-6.66173735110655,3.49E-34,-6.66167966956828,6.39E-34,-6.66162271567234,1.51E-33,-6.66174695070043,5.75E-33,-6.66167633473712,1.58E-32
,,,,,,,,,,,,-6.65697538514795,2.57E-34,-6.65693730310615,3.49E-34,-6.65687962156774,6.39E-34,-6.65682266767194,1.51E-33,-6.65694690269983,5.75E-33,-6.65687628673671,1.58E-32
,,,,,,,,,,,,-6.65217533714746,2.57E-34,-6.6521372551056,3.49E-34,-6.65207957356723,6.39E-34,-6.65202261967138,1.51E-33,-6.65214685469945,5.75E-33,-6.65207623873627,1.58E-32
,,,,,,,,,,,,-6.64737528914707,2.57E-34,-6.64733720710512,3.49E-34,-6.64727952556685,6.39E-34,-6.64722257167093,1.51E-33,-6.647346806699,5.75E-33,-6.64727619073565,1.58E-32
,,,,,,,,,,,,-6.64257524114649,2.57E-34,-6.64253715910473,3.49E-34,-6.6424794775663,6.39E-34,-6.6424225236705,1.51E-33,-6.6425467586984,5.75E-33,-6.64247614273527,1.58E-32
,,,,,,,,,,,,-6.63777519314603,2.57E-34,-6.63773711110414,3.49E-34,-6.63767942956579,6.39E-34,-6.63762247566991,1.51E-33,-6.63774671069802,5.75E-33,-6.63767609473484,1.58E-32
,,,,,,,,,,,,-6.63297514514564,2.57E-34,-6.63293706310369,3.49E-34,-6.6328793815654,6.39E-34,-6.63282242766951,1.51E-33,-6.63294666269754,5.75E-33,-6.63287604673422,1.58E-32
,,,,,,,,,,,,-6.62817509714504,2.57E-34,-6.6281370151033,3.49E-34,-6.62807933356483,6.39E-34,-6.62802237966905,1.51E-33,-6.62814661469698,5.75E-33,-6.62807599873384,1.58E-32
,,,,,,,,,,,,-6.6233750491446,2.57E-34,-6.6233369671027,3.49E-34,-6.62327928556436,6.39E-34,-6.62322233166846,1.51E-33,-6.62334656669659,5.75E-33,-6.62327595073337,1.58E-32
,,,,,,,,,,,,-6.61857500114421,2.58E-34,-6.61853691910225,3.49E-34,-6.61847923756397,6.39E-34,-6.61842228366807,1.51E-33,-6.61854651869606,5.75E-33,-6.61847590273281,1.58E-32
,,,,,,,,,,,,-6.6137749531436,2.58E-34,-6.61373687110186,3.49E-34,-6.61367918956339,6.39E-34,-6.61362223566761,1.51E-33,-6.61374647069557,5.75E-33,-6.61367585473241,1.58E-32
,,,,,,,,,,,,-6.60897490514316,2.58E-34,-6.60893682310126,3.49E-34,-6.60887914156294,6.39E-34,-6.60882218766703,1.51E-33,-6.60894642269515,5.75E-33,-6.60887580673189,1.58E-32
,,,,,,,,,,,,-6.60417485714274,2.58E-34,-6.60413677510082,3.49E-34,-6.60407909356253,6.39E-34,-6.60402213966664,1.51E-33,-6.6041463746946,5.75E-33,-6.6040757587314,1.58E-32
,,,,,,,,,,,,-6.59937480914217,2.58E-34,-6.59933672710039,3.49E-34,-6.59927904556193,6.39E-34,-6.59922209166617,1.51E-33,-6.59934632669416,5.75E-33,-6.59927571073097,1.58E-32
,,,,,,,,,,,,-6.59457476114174,2.58E-34,-6.59453667909982,3.49E-34,-6.59447899756153,6.39E-34,-6.5944220436656,1.51E-33,-6.59454627869372,5.75E-33,-6.59447566273044,1.58E-32
,,,,,,,,,,,,-6.58977471314126,2.58E-34,-6.5897366310994,3.50E-34,-6.58967894956105,6.39E-34,-6.5896219956652,1.51E-33,-6.58974623069314,5.75E-33,-6.58967561472998,1.58E-32
,,,,,,,,,,,,-6.58497466514072,2.58E-34,-6.58493658309892,3.50E-34,-6.5848789015605,6.39E-34,-6.58482194766469,1.51E-33,-6.58494618269272,5.75E-33,-6.58487556672955,1.58E-32
,,,,,,,,,,,,-6.58017461714033,2.58E-34,-6.58013653509838,3.50E-34,-6.58007885356011,6.39E-34,-6.58002189966417,1.51E-33,-6.5801461346923,5.75E-33,-6.58007551872897,1.58E-32
,,,,,,,,,,,,-6.5753745691398,2.58E-34,-6.57533648709799,3.50E-34,-6.5752788055596,6.39E-34,-6.57522185166377,1.51E-33,-6.57534608669167,5.75E-33,-6.57527547072854,1.58E-32
,,,,,,,,,,,,-6.57057452113929,2.58E-34,-6.57053643909746,3.50E-34,-6.57047875755906,6.40E-34,-6.57042180366323,1.51E-33,-6.57054603869128,5.75E-33,-6.57047542272814,1.58E-32
,,,,,,,,,,,,-6.56577447313891,2.58E-34,-6.56573639109694,3.50E-34,-6.56567870955867,6.40E-34,-6.56562175566276,1.51E-33,-6.56574599069086,5.75E-33,-6.56567537472749,1.58E-32
,,,,,,,,,,,,-6.56097442513835,2.58E-34,-6.56093634309656,3.50E-34,-6.56087866155816,6.40E-34,-6.56082170766234,1.51E-33,-6.56094594269023,5.75E-33,-6.5608753267271,1.58E-32
,,,,,,,,,,,,-6.55617437713785,2.58E-34,-6.556136295096,3.50E-34,-6.55607861355763,6.40E-34,-6.55602165966175,1.51E-33,-6.55614589468984,5.75E-33,-6.5560752787267,1.58E-32
,,,,,,,,,,,,-6.55137432913747,2.59E-34,-6.55133624709551,3.50E-34,-6.55127856555724,6.40E-34,-6.55122161166134,1.52E-33,-6.5513458466894,5.75E-33,-6.55127523072607,1.58E-32
,,,,,,,,,,,,-6.54657428113689,2.59E-34,-6.54653619909513,3.50E-34,-6.5464785175567,6.40E-34,-6.5464215636609,1.52E-33,-6.54654579868881,5.75E-33,-6.54647518272566,1.58E-32
,,,,,,,,,,,,-6.54177423313642,2.59E-34,-6.54173615109455,3.50E-34,-6.54167846955618,6.40E-34,-6.54162151566029,1.52E-33,-6.54174575068841,5.75E-33,-6.54167513472523,1.58E-32
,,,,,,,,,,,,-6.53697418513604,2.59E-34,-6.53693610309408,3.50E-34,-6.53687842155581,6.40E-34,-6.53682146765991,1.52E-33,-6.53694570268792,5.75E-33,-6.53687508672464,1.58E-32
,,,,,,,,,,,,-6.53217413713545,2.59E-34,-6.5321360550937,3.50E-34,-6.53207837355524,6.40E-34,-6.53202141965947,1.52E-33,-6.5321456546874,5.75E-33,-6.53207503872423,1.58E-32
,,,,,,,,,,,,-6.527374089135,2.59E-34,-6.5273360070931,3.50E-34,-6.52727832555477,6.40E-34,-6.52722137165885,1.52E-33,-6.52734560668698,5.75E-33,-6.52727499072375,1.58E-32
,,,,,,,,,,,,-6.5225740411346,2.59E-34,-6.52253595909265,3.50E-34,-6.52247827755437,6.40E-34,-6.52242132365847,1.52E-33,-6.52254555868646,5.75E-33,-6.52247494272323,1.58E-32
,,,,,,,,,,,,-6.51777399313399,2.59E-34,-6.51773591109225,3.50E-34,-6.51767822955376,6.40E-34,-6.51762127565801,1.52E-33,-6.51774551068598,5.75E-33,-6.5176748947228,1.58E-32
,,,,,,,,,,,,-6.51297394513359,2.59E-34,-6.51293586309165,3.50E-34,-6.51287818155336,6.40E-34,-6.51282122765743,1.52E-33,-6.51294546268555,5.75E-33,-6.51287484672229,1.58E-32
,,,,,,,,,,,,-6.50817389713312,2.59E-34,-6.50813581509124,3.50E-34,-6.5080781335529,6.40E-34,-6.50802117965704,1.52E-33,-6.50814541468499,5.75E-33,-6.5080747987218,1.58E-32
,,,,,,,,,,,,-6.50337384913256,2.59E-34,-6.50333576709077,3.50E-34,-6.50327808555232,6.40E-34,-6.50322113165654,1.52E-33,-6.50334536668455,5.75E-33,-6.50327475072139,1.58E-32
,,,,,,,,,,,,-6.49857380113217,2.59E-34,-6.49853571909021,3.51E-34,-6.49847803755194,6.40E-34,-6.49842108365602,1.52E-33,-6.49854531868414,5.75E-33,-6.49847470272083,1.58E-32
,,,,,,,,,,,,-6.49377375313166,2.60E-34,-6.49373567108982,3.51E-34,-6.49367798955146,6.40E-34,-6.49362103565561,1.52E-33,-6.49374527068351,5.75E-33,-6.49367465472037,1.58E-32
,,,,,,,,,,,,-6.48897370513112,2.60E-34,-6.48893562308932,3.51E-34,-6.48887794155089,6.40E-34,-6.48882098765508,1.52E-33,-6.48894522268311,5.75E-33,-6.48887460671998,1.58E-32
,,,,,,,,,,,,-6.48417365713073,2.60E-34,-6.48413557508878,3.51E-34,-6.48407789355051,6.40E-34,-6.48402093965461,1.52E-33,-6.48414517468272,5.75E-33,-6.48407455871935,1.58E-32
,,,,,,,,,,,,-6.4793736091302,2.60E-34,-6.47933552708839,3.51E-34,-6.47927784555001,6.40E-34,-6.47922089165417,1.52E-33,-6.47934512668207,5.75E-33,-6.47927451071893,1.58E-32
,,,,,,,,,,,,-6.47457356112969,2.60E-34,-6.47453547908786,3.51E-34,-6.47447779754945,6.40E-34,-6.47442084365361,1.52E-33,-6.47454507868168,5.75E-33,-6.47447446271855,1.58E-32
,,,,,,,,,,,,-6.4697735131293,2.60E-34,-6.46973543108734,3.51E-34,-6.46967774954907,6.40E-34,-6.46962079565316,1.52E-33,-6.46974503068125,5.75E-33,-6.4696744147179,1.58E-32
,,,,,,,,,,,,-6.46497346512875,2.60E-34,-6.46493538308695,3.51E-34,-6.46487770154855,6.40E-34,-6.46482074765276,1.52E-33,-6.46494498268065,5.75E-33,-6.4648743667175,1.58E-32
,,,,,,,,,,,,-6.46017341712826,2.60E-34,-6.4601353350864,3.51E-34,-6.46007765354803,6.40E-34,-6.46002069965213,1.52E-33,-6.46014493468024,5.75E-33,-6.46007431871709,1.58E-32
,,,,,,,,,,,,-6.45537336912786,2.60E-34,-6.45533528708591,3.51E-34,-6.45527760554764,6.40E-34,-6.45522065165173,1.52E-33,-6.45534488667978,5.75E-33,-6.45527427071648,1.58E-32
,,,,,,,,,,,,-6.4505733211273,2.60E-34,-6.45053523908552,3.51E-34,-6.45047755754709,6.40E-34,-6.45042060365133,1.52E-33,-6.45054483867924,5.75E-33,-6.45047422271607,1.58E-32
,,,,,,,,,,,,-6.44577327312683,2.60E-34,-6.44573519108496,3.51E-34,-6.44567750954662,6.40E-34,-6.44562055565069,1.52E-33,-6.44574479067881,5.75E-33,-6.44567417471561,1.58E-32
,,,,,,,,,,,,-6.44097322512643,2.60E-34,-6.44093514308449,3.51E-34,-6.44087746154621,6.40E-34,-6.4408205076503,1.52E-33,-6.44094474267831,5.75E-33,-6.44087412671507,1.58E-32
,,,,,,,,,,,,-6.43617317712584,2.60E-34,-6.43613509508409,3.51E-34,-6.43607741354562,6.40E-34,-6.43602045964987,1.52E-33,-6.43614469467781,5.75E-33,-6.43607407871463,1.58E-32
,,,,,,,,,,,,-6.43137312912542,2.61E-34,-6.43133504708349,3.51E-34,-6.4312773655452,6.40E-34,-6.43122041164926,1.52E-33,-6.43134464667739,5.75E-33,-6.43127403071414,1.58E-32
,,,,,,,,,,,,-6.42657308112496,2.61E-34,-6.42653499908308,3.51E-34,-6.42647731754476,6.40E-34,-6.42642036364886,1.52E-33,-6.42654459867684,5.75E-33,-6.42647398271364,1.58E-32
,,,,,,,,,,,,-6.42177303312439,2.61E-34,-6.42173495108262,3.51E-34,-6.42167726954415,6.40E-34,-6.42162031564839,1.52E-33,-6.42174455067638,5.75E-33,-6.42167393471322,1.58E-32
,,,,,,,,,,,,-6.416972985124,2.61E-34,-6.41693490308205,3.51E-34,-6.41687722154376,6.41E-34,-6.41682026764785,1.52E-33,-6.41694450267598,5.75E-33,-6.41687388671267,1.58E-32
,,,,,,,,,,,,-6.41217293712352,2.61E-34,-6.41213485508166,3.52E-34,-6.41207717354332,6.41E-34,-6.41202021964743,1.52E-33,-6.41214445467536,5.75E-33,-6.4120738387122,1.58E-32
,,,,,,,,,,,,-6.40737288912296,2.61E-34,-6.40733480708117,3.52E-34,-6.40727712554272,6.41E-34,-6.40722017164694,1.52E-33,-6.40734440667495,5.75E-33,-6.40727379071181,1.58E-32
,,,,,,,,,,,,-6.40257284112257,2.61E-34,-6.40253475908061,3.52E-34,-6.40247707754233,6.41E-34,-6.40242012364643,1.52E-33,-6.40254435867456,5.75E-33,-6.40247374271119,1.58E-32
,,,,,,,,,,,,-6.39777279312207,2.61E-34,-6.39773471108022,3.52E-34,-6.39767702954187,6.41E-34,-6.39762007564601,1.52E-33,-6.39774431067392,5.75E-33,-6.39767369471077,1.58E-32
,,,,,,,,,,,,-6.39297274512151,2.61E-34,-6.39293466307973,3.52E-34,-6.39287698154129,6.41E-34,-6.39282002764547,1.52E-33,-6.39294426267351,5.75E-33,-6.39287364671038,1.58E-32
,,,,,,,,,,,,-6.38817269712113,2.61E-34,-6.38813461507917,3.52E-34,-6.3880769335409,6.41E-34,-6.388019979645,1.52E-33,-6.3881442146731,5.75E-33,-6.38807359870976,1.58E-32
,,,,,,,,,,,,-6.38337264912062,2.61E-34,-6.38333456707879,3.52E-34,-6.3832768855404,6.41E-34,-6.3832199316446,1.52E-33,-6.38334416667249,5.75E-33,-6.38327355070933,1.58E-32
,,,,,,,,,,,,-6.37857260112008,2.61E-34,-6.37853451907827,3.52E-34,-6.37847683753986,6.41E-34,-6.37841988364399,1.52E-33,-6.37854411867208,5.75E-33,-6.37847350270893,1.58E-32
,,,,,,,,,,,,-6.3737725531197,2.62E-34,-6.37373447107773,3.52E-34,-6.37367678953946,6.41E-34,-6.37361983564356,1.52E-33,-6.37374407067162,5.75E-33,-6.37367345470833,1.58E-32
,,,,,,,,,,,,-6.36897250511915,2.62E-34,-6.36893442307736,3.52E-34,-6.36887674153895,6.41E-34,-6.36881978764319,1.52E-33,-6.36894402267108,5.75E-33,-6.3688734067079,1.58E-32
,,,,,,,,,,,,-6.36417245711867,2.62E-34,-6.36413437507681,3.52E-34,-6.36407669353845,6.41E-34,-6.36401973964251,1.52E-33,-6.36414397467065,5.75E-33,-6.36407335870745,1.58E-32
,,,,,,,,,,,,-6.35937240911827,2.62E-34,-6.35933432707632,3.52E-34,-6.35927664553803,6.41E-34,-6.35921969164213,1.52E-33,-6.35934392667015,5.75E-33,-6.3592733107069,1.58E-32
,,,,,,,,,,,,-6.35457236111768,2.62E-34,-6.35453427907592,3.52E-34,-6.35447659753748,6.41E-34,-6.35441964364172,1.52E-33,-6.35454387866964,5.75E-33,-6.35447326270648,1.58E-32
,,,,,,,,,,,,-6.34977231311726,2.62E-34,-6.34973423107534,3.52E-34,-6.34967654953703,6.41E-34,-6.3496195956411,1.52E-33,-6.34974383066922,5.75E-33,-6.34967321470599,1.58E-32
,,,,,,,,,,,,-6.34497226511682,2.62E-34,-6.34493418307491,3.52E-34,-6.34487650153661,6.41E-34,-6.3448195476407,1.52E-33,-6.3449437826687,5.75E-33,-6.34487316670546,1.58E-32
,,,,,,,,,,,,-6.34017221711621,2.62E-34,-6.34013413507448,3.52E-34,-6.340076453536,6.41E-34,-6.34001949964024,1.52E-33,-6.3401437346682,5.75E-33,-6.34007311870506,1.58E-32
,,,,,,,,,,,,-6.33537216911584,2.62E-34,-6.33533408707387,3.52E-34,-6.3352764055356,6.41E-34,-6.33521945163969,1.52E-33,-6.33534368666781,5.75E-33,-6.33527307070453,1.58E-32
,,,,,,,,,,,,-6.33057212111538,2.62E-34,-6.33053403907349,3.52E-34,-6.33047635753517,6.41E-34,-6.33041940363926,1.52E-33,-6.33054363866722,5.75E-33,-6.33047302270402,1.58E-32
,,,,,,,,,,,,-6.32577207311478,2.62E-34,-6.32573399107303,3.53E-34,-6.32567630953454,6.41E-34,-6.32561935563877,1.52E-33,-6.32574359066677,5.75E-33,-6.32567297470365,1.58E-32
,,,,,,,,,,,,-6.3209720251144,2.62E-34,-6.32093394307244,3.53E-34,-6.32087626153417,6.41E-34,-6.32081930763827,1.52E-33,-6.32094354266639,5.75E-33,-6.32087292670305,1.58E-32
,,,,,,,,,,,,-6.31617197711393,2.63E-34,-6.31613389507206,3.53E-34,-6.31607621353373,6.41E-34,-6.31601925963784,1.52E-33,-6.31614349466576,5.75E-33,-6.31607287870259,1.58E-32
,,,,,,,,,,,,-6.31137192911335,2.63E-34,-6.31133384707159,3.53E-34,-6.31127616553311,6.41E-34,-6.31121921163732,1.52E-33,-6.31134344666534,5.75E-33,-6.31127283070221,1.58E-32
,,,,,,,,,,,,-6.30657188111297,2.63E-34,-6.306533799071,3.53E-34,-6.30647611753273,6.41E-34,-6.30641916363683,1.52E-33,-6.30654339866496,5.75E-33,-6.30647278270161,1.58E-32
,,,,,,,,,,,,-6.30177183311246,2.63E-34,-6.30173375107062,3.53E-34,-6.30167606953225,6.41E-34,-6.30161911563643,1.52E-33,-6.30174335066433,5.75E-33,-6.30167273470116,1.58E-32
,,,,,,,,,,,,-6.29697178511193,2.63E-34,-6.29693370307012,3.53E-34,-6.2968760215317,6.41E-34,-6.29681906763584,1.52E-33,-6.2969433026639,5.75E-33,-6.29687268670078,1.58E-32
,,,,,,,,,,,,-6.29217173711153,2.63E-34,-6.29213365506958,3.53E-34,-6.2920759735313,6.41E-34,-6.2920190196354,1.52E-33,-6.29214325466348,5.75E-33,-6.29207263870017,1.58E-32
,,,,,,,,,,,,-6.287371689111,2.63E-34,-6.28733360706919,3.53E-34,-6.28727592553078,6.41E-34,-6.28721897163501,1.52E-33,-6.28734320666291,5.75E-33,-6.28727259069972,1.58E-32
,,,,,,,,,,,,-6.2825716411105,2.63E-34,-6.28253355906865,3.53E-34,-6.28247587753029,6.41E-34,-6.28241892363438,1.52E-33,-6.28254315866248,5.75E-33,-6.28247254269931,1.58E-32
,,,,,,,,,,,,-6.27777159311009,2.63E-34,-6.27773351106816,3.53E-34,-6.27767582952986,6.41E-34,-6.27761887563397,1.52E-33,-6.27774311066201,5.75E-33,-6.27767249469873,1.58E-32
,,,,,,,,,,,,-6.27297154510954,2.63E-34,-6.27293346306775,3.53E-34,-6.27287578152933,6.41E-34,-6.27281882763358,1.52E-33,-6.27294306266147,5.75E-33,-6.27287244669831,1.58E-32
,,,,,,,,,,,,-6.26817149710909,2.63E-34,-6.2681334150672,3.53E-34,-6.26807573352887,6.42E-34,-6.26801877963295,1.52E-33,-6.26814301466107,5.75E-33,-6.26807239869784,1.58E-32
,,,,,,,,,,,,-6.26337144910866,2.64E-34,-6.26333336706675,3.53E-34,-6.26327568552844,6.42E-34,-6.26321873163253,1.52E-33,-6.26334296666055,5.75E-33,-6.26327235069729,1.58E-32
,,,,,,,,,,,,-6.25857140110806,2.64E-34,-6.25853331906631,3.53E-34,-6.25847563752785,6.42E-34,-6.2584186836321,1.52E-33,-6.25854291866004,5.75E-33,-6.2584723026969,1.58E-32
,,,,,,,,,,,,-6.25377135310766,2.64E-34,-6.25373327106572,3.53E-34,-6.25367558952743,6.42E-34,-6.25361863563152,1.52E-33,-6.25374287065966,5.75E-33,-6.25367225469639,1.58E-32
,,,,,,,,,,,,-6.24897130510722,2.64E-34,-6.24893322306531,3.54E-34,-6.24887554152703,6.42E-34,-6.24881858763109,1.52E-33,-6.24894282265906,5.75E-33,-6.24887220669586,1.58E-32
,,,,,,,,,,,,-6.24417125710662,2.64E-34,-6.24413317506488,3.54E-34,-6.24407549352638,6.42E-34,-6.24401853963063,1.52E-33,-6.24414277465861,5.75E-33,-6.24407215869548,1.58E-32
,,,,,,,,,,,,-6.23937120910622,2.64E-34,-6.23933312706427,3.54E-34,-6.239275445526,6.42E-34,-6.23921849163009,1.52E-33,-6.23934272665821,5.75E-33,-6.23927211069491,1.58E-32
,,,,,,,,,,,,-6.23457116110579,2.64E-34,-6.23453307906388,3.54E-34,-6.23447539752559,6.42E-34,-6.23441844362968,1.52E-33,-6.23454267865762,5.75E-33,-6.23447206269443,1.58E-32
,,,,,,,,,,,,-6.22977111310518,2.64E-34,-6.22973303106344,3.54E-34,-6.22967534952496,6.42E-34,-6.22961839562917,1.52E-33,-6.22974263065717,5.75E-33,-6.22967201469404,1.58E-32
,,,,,,,,,,,,-6.22497106510479,2.64E-34,-6.22493298306284,3.54E-34,-6.22487530152457,6.42E-34,-6.22481834762866,1.52E-33,-6.22494258265678,5.75E-33,-6.22487196669346,1.58E-32
,,,,,,,,,,,,-6.22017101710432,2.64E-34,-6.22013293506245,3.54E-34,-6.22007525352411,6.42E-34,-6.22001829962827,1.52E-33,-6.22014253465619,5.75E-33,-6.22007191869299,1.58E-32
,,,,,,,,,,,,-6.21537096910376,2.64E-34,-6.21533288706198,3.54E-34,-6.21527520552354,6.42E-34,-6.21521825162769,1.52E-33,-6.21534248665574,5.75E-33,-6.2152718706926,1.58E-32
,,,,,,,,,,,,-6.21057092110336,2.65E-34,-6.21053283906142,3.54E-34,-6.21047515752312,6.42E-34,-6.21041820362722,1.52E-33,-6.21054243865532,5.75E-33,-6.21047182269203,1.58E-32
,,,,,,,,,,,,-6.20577087310285,2.65E-34,-6.20573279106101,3.54E-34,-6.20567510952264,6.42E-34,-6.20561815562684,1.52E-33,-6.20574239065474,5.75E-33,-6.20567177469156,1.58E-32
,,,,,,,,,,,,-6.20097082510235,2.65E-34,-6.20093274306051,3.54E-34,-6.20087506152212,6.42E-34,-6.20081810762624,1.52E-33,-6.20094234265432,5.75E-33,-6.20087172669116,1.58E-32
,,,,,,,,,,,,-6.19617077710192,2.65E-34,-6.19613269506001,3.54E-34,-6.19607501352169,6.42E-34,-6.19601805962579,1.52E-33,-6.19614229465386,5.75E-33,-6.19607167869056,1.58E-32
,,,,,,,,,,,,-6.1913707291014,2.65E-34,-6.19133264705958,3.54E-34,-6.19127496552118,6.42E-34,-6.19121801162541,1.52E-33,-6.19134224665331,5.75E-33,-6.19127163069015,1.58E-32
,,,,,,,,,,,,-6.18657068110093,2.65E-34,-6.18653259905905,3.54E-34,-6.18647491752069,6.42E-34,-6.1864179636248,1.52E-33,-6.18654219865291,5.75E-33,-6.18647158268969,1.58E-32
,,,,,,,,,,,,-6.1817706331005,2.65E-34,-6.18173255105858,3.54E-34,-6.18167486952028,6.42E-34,-6.18161791562436,1.52E-33,-6.1817421506524,5.75E-33,-6.18167153468913,1.58E-32
,,,,,,,,,,,,-6.17697058509991,2.65E-34,-6.17693250305816,3.54E-34,-6.1768748215197,6.42E-34,-6.17681786762395,1.52E-33,-6.17694210265187,5.75E-33,-6.17687148668874,1.58E-32
,,,,,,,,,,,,-6.17217053709949,2.65E-34,-6.17213245505756,3.55E-34,-6.17207477351926,6.42E-34,-6.17201781962336,1.52E-33,-6.17214205465148,5.75E-33,-6.17207143868823,1.58E-32
,,,,,,,,,,,,-6.16737048909908,2.65E-34,-6.16733240705715,3.55E-34,-6.16727472551887,6.42E-34,-6.16721777162293,1.52E-33,-6.16734200665093,5.75E-33,-6.16727139068769,1.58E-32
,,,,,,,,,,,,-6.16257044109844,2.65E-34,-6.16253235905674,3.55E-34,-6.16247467751824,6.42E-34,-6.16241772362248,1.52E-33,-6.16254195865044,5.75E-33,-6.1624713426873,1.58E-32
,,,,,,,,,,,,-6.15777039309806,2.66E-34,-6.15773231105609,3.55E-34,-6.15767462951782,6.42E-34,-6.15761767562193,1.52E-33,-6.15774191065005,5.75E-33,-6.15767129468678,1.58E-32
,,,,,,,,,,,,-6.15297034509765,2.66E-34,-6.15293226305572,3.55E-34,-6.15287458151744,6.42E-34,-6.15281762762152,1.52E-33,-6.15294186264948,5.75E-33,-6.15287124668626,1.58E-32
,,,,,,,,,,,,-6.14817029709701,2.66E-34,-6.1481322150553,3.55E-34,-6.14807453351679,6.42E-34,-6.14801757962102,1.52E-33,-6.14814181464901,5.75E-33,-6.14807119868587,1.58E-32
,,,,,,,,,,,,-6.14337024909663,2.66E-34,-6.14333216705466,3.55E-34,-6.14327448551639,6.42E-34,-6.14321753162049,1.52E-33,-6.14334176664862,5.75E-33,-6.14327115068532,1.58E-32
,,,,,,,,,,,,-6.13857020109617,2.66E-34,-6.13853211905428,3.55E-34,-6.13847443751597,6.42E-34,-6.1384174836201,1.52E-33,-6.13854171864804,5.75E-33,-6.13847110268483,1.58E-32
,,,,,,,,,,,,-6.13377015309559,2.66E-34,-6.13373207105382,3.55E-34,-6.13367438951538,6.43E-34,-6.13361743561954,1.52E-33,-6.13374167064756,5.75E-33,-6.13367105468444,1.58E-32
,,,,,,,,,,,,-6.12897010509519,2.66E-34,-6.12893202305325,3.55E-34,-6.12887434151496,6.43E-34,-6.12881738761906,1.52E-33,-6.12894162264718,5.75E-33,-6.12887100668388,1.58E-32
,,,,,,,,,,,,-6.1241700570947,2.66E-34,-6.12413197505285,3.55E-34,-6.12407429351449,6.43E-34,-6.12401733961867,1.52E-33,-6.12414157464656,5.75E-33,-6.12407095868339,1.58E-32
,,,,,,,,,,,,-6.11937000909418,2.66E-34,-6.11933192705236,3.55E-34,-6.11927424551396,6.43E-34,-6.11921729161809,1.52E-33,-6.11934152664615,5.75E-33,-6.119270910683,1.58E-32
,,,,,,,,,,,,-6.11456996109376,2.66E-34,-6.11453187905184,3.55E-34,-6.11447419751353,6.43E-34,-6.11441724361762,1.52E-33,-6.11454147864571,5.75E-33,-6.1144708626824,1.58E-32
,,,,,,,,,,,,-6.10976991309324,2.66E-34,-6.10973183105142,3.55E-34,-6.10967414951303,6.43E-34,-6.10961719561723,1.52E-33,-6.10974143064513,5.75E-33,-6.10967081468198,1.58E-32
,,,,,,,,,,,,-6.10496986509276,2.67E-34,-6.1049317830509,3.55E-34,-6.10487410151253,6.43E-34,-6.10481714761666,1.52E-33,-6.10494138264474,5.75E-33,-6.10487076668155,1.58E-32
,,,,,,,,,,,,-6.10016981709234,2.67E-34,-6.10013173505042,3.55E-34,-6.10007405351211,6.43E-34,-6.10001709961619,1.52E-33,-6.10014133464426,5.75E-33,-6.10007071868095,1.58E-32
,,,,,,,,,,,,-6.09536976909177,2.67E-34,-6.09533168704999,3.56E-34,-6.09527400551155,6.43E-34,-6.0952170516158,1.52E-33,-6.0953412866437,5.75E-33,-6.09527067068057,1.58E-32
,,,,,,,,,,,,-6.09056972109133,2.67E-34,-6.09053163904942,3.56E-34,-6.09047395751109,6.43E-34,-6.09041700361519,1.52E-33,-6.09054123864332,5.75E-33,-6.09047062268009,1.58E-32
,,,,,,,,,,,,-6.08576967309092,2.67E-34,-6.08573159104898,3.56E-34,-6.0856739095107,6.43E-34,-6.08561695561477,1.52E-33,-6.08574119064279,5.75E-33,-6.08567057467952,1.58E-32
,,,,,,,,,,,,-6.0809696250903,2.67E-34,-6.08093154304857,3.56E-34,-6.08087386151008,6.43E-34,-6.08081690761433,1.52E-33,-6.08094114264226,5.75E-33,-6.08087052667914,1.58E-32
,,,,,,,,,,,,-6.0761695770899,2.67E-34,-6.07613149504795,3.56E-34,-6.07607381350966,6.43E-34,-6.07601685961376,1.52E-33,-6.07614109464188,5.75E-33,-6.07607047867863,1.58E-32
,,,,,,,,,,,,-6.0713695290895,2.67E-34,-6.07133144704755,3.56E-34,-6.07127376550927,6.43E-34,-6.07121681161336,1.52E-33,-6.07134104664135,5.75E-33,-6.07127043067808,1.58E-32
,,,,,,,,,,,,-6.06656948108884,2.67E-34,-6.06653139904716,3.56E-34,-6.06647371750865,6.43E-34,-6.06641676361286,1.52E-33,-6.06654099864083,5.75E-33,-6.06647038267771,1.58E-32
,,,,,,,,,,,,-6.06176943308845,2.67E-34,-6.0617313510465,3.56E-34,-6.06167366950822,6.43E-34,-6.06161671561233,1.52E-33,-6.06174095064045,5.75E-33,-6.06167033467719,1.58E-32
,,,,,,,,,,,,-6.05696938508802,2.68E-34,-6.05693130304611,3.56E-34,-6.05687362150781,6.43E-34,-6.05681666761194,1.52E-33,-6.05694090263989,5.75E-33,-6.05687028667665,1.58E-32
,,,,,,,,,,,,-6.05216933708743,2.68E-34,-6.05213125504568,3.56E-34,-6.05207357350722,6.43E-34,-6.0520166196114,1.52E-33,-6.05214085463941,5.75E-33,-6.05207023867627,1.58E-32
,,,,,,,,,,,,-6.04736928908702,2.68E-34,-6.04733120704509,3.56E-34,-6.04727352550679,6.43E-34,-6.04721657161089,1.52E-33,-6.04734080663901,5.75E-33,-6.04727019067572,1.58E-32
,,,,,,,,,,,,-6.04256924108656,2.68E-34,-6.04253115904467,3.56E-34,-6.04247347750634,6.43E-34,-6.0424165236105,1.52E-33,-6.04254075863842,5.75E-33,-6.04247014267524,1.58E-32
,,,,,,,,,,,,-6.03776919308602,2.68E-34,-6.03773111104421,3.56E-34,-6.03767342950579,6.43E-34,-6.03761647560995,1.52E-33,-6.037740710638,5.75E-33,-6.03767009467483,1.58E-32
,,,,,,,,,,,,-6.03296914508558,2.68E-34,-6.03293106304367,3.56E-34,-6.03287338150537,6.43E-34,-6.03281642760945,1.52E-33,-6.03294066263756,5.75E-33,-6.03287004667425,1.58E-32
,,,,,,,,,,,,-6.0281690970851,2.68E-34,-6.02813101504324,3.56E-34,-6.02807333350488,6.43E-34,-6.02801637960907,1.52E-33,-6.02814061463697,5.75E-33,-6.02806999867383,1.58E-32
,,,,,,,,,,,,-6.02336904908459,2.68E-34,-6.02333096704276,3.57E-34,-6.02327328550436,6.43E-34,-6.0232163316085,1.52E-33,-6.02334056663658,5.75E-33,-6.02326995067339,1.58E-32
,,,,,,,,,,,,-6.01856900108417,2.68E-34,-6.01853091904224,3.57E-34,-6.01847323750395,6.43E-34,-6.01841628360801,1.52E-33,-6.01854051863608,5.75E-33,-6.01846990267279,1.58E-32
,,,,,,,,,,,,-6.01376895308362,2.68E-34,-6.01373087104183,3.57E-34,-6.01367318950341,6.43E-34,-6.01361623560764,1.52E-33,-6.01374047063553,5.75E-33,-6.0136698546724,1.58E-32
,,,,,,,,,,,,-6.00896890508315,2.69E-34,-6.00893082304128,3.57E-34,-6.00887314150293,6.44E-34,-6.00881618760704,1.52E-33,-6.00894042263514,5.75E-33,-6.00886980667193,1.58E-32
,,,,,,,,,,,,-6.00416885708276,2.69E-34,-6.00413077504081,3.57E-34,-6.00407309350254,6.44E-34,-6.0040161396066,1.52E-33,-6.00414037463465,5.75E-33,-6.00406975867135,1.58E-32
,,,,,,,,,,,,-5.99936880908215,2.69E-34,-5.99933072704042,3.57E-34,-5.99927304550194,6.44E-34,-5.99921609160619,1.52E-33,-5.9993403266341,5.75E-33,-5.99926971067096,1.58E-32
,,,,,,,,,,,,-5.99456876108172,2.69E-34,-5.99453067903981,3.57E-34,-5.99447299750148,6.44E-34,-5.99441604360558,1.52E-33,-5.99454027863371,5.75E-33,-5.99446966267049,1.58E-32
,,,,,,,,,,,,-5.98976871308134,2.69E-34,-5.98973063103937,3.57E-34,-5.9896729495011,6.44E-34,-5.98961599560519,1.52E-33,-5.9897402306332,5.75E-33,-5.98966961466992,1.58E-32
,,,,,,,,,,,,-5.9849686650807,2.69E-34,-5.984930583039,3.57E-34,-5.98487290150049,6.44E-34,-5.98481594760471,1.52E-33,-5.98494018263267,5.75E-33,-5.98486956666953,1.58E-32
,,,,,,,,,,,,-5.98016861708029,2.69E-34,-5.98013053503835,3.57E-34,-5.98007285350005,6.44E-34,-5.98001589960415,1.52E-33,-5.98014013463227,5.75E-33,-5.98006951866905,1.58E-32
,,,,,,,,,,,,-5.97536856907987,2.69E-34,-5.97533048703794,3.57E-34,-5.97527280549967,6.44E-34,-5.97521585160377,1.52E-33,-5.97534008663174,5.75E-33,-5.97526947066849,1.58E-32
,,,,,,,,,,,,-5.97056852107928,2.69E-34,-5.97053043903753,3.57E-34,-5.97047275749905,6.44E-34,-5.97041580360327,1.52E-33,-5.97054003863124,5.75E-33,-5.9704694226681,1.58E-32
,,,,,,,,,,,,-5.96576847307885,2.69E-34,-5.96573039103693,3.57E-34,-5.96567270949861,6.44E-34,-5.96561575560272,1.52E-33,-5.96573999063084,5.75E-33,-5.96566937466757,1.58E-32
,,,,,,,,,,,,-5.9609684250784,2.70E-34,-5.96093034303651,3.57E-34,-5.9608726614982,6.44E-34,-5.96081570760234,1.52E-33,-5.96093994263028,5.75E-33,-5.96086932666708,1.58E-32
,,,,,,,,,,,,-5.95616837707785,2.70E-34,-5.95613029503606,3.58E-34,-5.95607261349762,6.44E-34,-5.95601565960182,1.52E-33,-5.95613989462983,5.75E-33,-5.95606927866666,1.58E-32
,,,,,,,,,,,,-5.95136832907742,2.70E-34,-5.95133024703551,3.58E-34,-5.9512725654972,6.44E-34,-5.95121561160128,1.52E-33,-5.95133984662941,5.75E-33,-5.95126923066611,1.58E-32
,,,,,,,,,,,,-5.94656828107693,2.70E-34,-5.94653019903507,3.58E-34,-5.94647251749672,6.44E-34,-5.94641556360089,1.52E-33,-5.94653979862881,5.75E-33,-5.94646918266566,1.58E-32
,,,,,,,,,,,,-5.94176823307642,2.70E-34,-5.94173015103458,3.58E-34,-5.94167246949618,6.44E-34,-5.94161551560035,1.52E-33,-5.94173975062841,5.75E-33,-5.94166913466523,1.58E-32
,,,,,,,,,,,,-5.93696818507601,2.70E-34,-5.93693010303408,3.58E-34,-5.93687242149579,6.44E-34,-5.93681546759985,1.52E-33,-5.93693970262794,5.75E-33,-5.93686908666464,1.58E-32
,,,,,,,,,,,,-5.93216813707547,2.70E-34,-5.93213005503366,3.58E-34,-5.93207237349527,6.44E-34,-5.93201541959946,1.52E-33,-5.93213965462736,5.75E-33,-5.93206903866423,1.58E-32
,,,,,,,,,,,,-5.92736808907499,2.70E-34,-5.92733000703312,3.58E-34,-5.92727232549475,6.44E-34,-5.9272153715989,1.52E-33,-5.92733960662698,5.75E-33,-5.92726899066378,1.58E-32
,,,,,,,,,,,,-5.9225680410746,2.70E-34,-5.92252995903264,3.58E-34,-5.92247227749437,6.44E-34,-5.92241532359844,1.52E-33,-5.92253955862651,5.75E-33,-5.92246894266318,1.58E-32
,,,,,,,,,,,,-5.917767993074,2.70E-34,-5.91772991103225,3.58E-34,-5.91767222949381,6.44E-34,-5.91761527559802,1.52E-33,-5.91773951062592,5.75E-33,-5.9176688946628,1.58E-32
,,,,,,,,,,,,-5.91296794507355,2.71E-34,-5.91292986303166,3.58E-34,-5.91287218149332,6.44E-34,-5.91281522759743,1.52E-33,-5.91293946262554,5.75E-33,-5.91286884666235,1.58E-32
,,,,,,,,,,,,-5.90816789707316,2.71E-34,-5.90812981503121,3.58E-34,-5.90807213349293,6.44E-34,-5.90801517959703,1.52E-33,-5.90813941462506,5.75E-33,-5.90806879866174,1.58E-32
,,,,,,,,,,,,-5.90336784907254,2.71E-34,-5.90332976703082,3.58E-34,-5.90327208549234,6.44E-34,-5.90321513159656,1.52E-33,-5.90333936662449,5.75E-33,-5.90326875066136,1.58E-32
,,,,,,,,,,,,-5.89856780107212,2.71E-34,-5.8985297190302,3.58E-34,-5.89847203749188,6.44E-34,-5.89841508359599,1.52E-33,-5.89853931862411,5.75E-33,-5.89846870266089,1.58E-32
,,,,,,,,,,,,-5.89376775307173,2.71E-34,-5.89372967102978,3.58E-34,-5.89367198949149,6.44E-34,-5.89361503559559,1.52E-33,-5.89373927062358,5.75E-33,-5.89366865466032,1.58E-32
,,,,,,,,,,,,-5.88896770507111,2.71E-34,-5.88892962302938,3.59E-34,-5.88887194149091,6.45E-34,-5.88881498759512,1.52E-33,-5.88893922262308,5.75E-33,-5.88886860665993,1.58E-32
,,,,,,,,,,,,-5.88416765707069,2.71E-34,-5.88412957502877,3.59E-34,-5.88407189349045,6.45E-34,-5.88401493959455,1.52E-33,-5.88413917462268,5.75E-33,-5.88406855865941,1.58E-32
,,,,,,,,,,,,-5.87936760907026,2.71E-34,-5.87932952702834,3.59E-34,-5.87927184549005,6.45E-34,-5.87921489159416,1.52E-33,-5.87933912662213,5.75E-33,-5.87926851065891,1.58E-32
,,,,,,,,,,,,-5.87456756106969,2.71E-34,-5.87452947902792,3.59E-34,-5.87447179748945,6.45E-34,-5.87441484359368,1.52E-33,-5.87453907862167,5.75E-33,-5.8744684626585,1.58E-32
,,,,,,,,,,,,-5.86976751306925,2.72E-34,-5.86972943102734,3.59E-34,-5.86967174948904,6.45E-34,-5.86961479559312,1.52E-33,-5.86973903062124,5.75E-33,-5.86966841465796,1.58E-32
,,,,,,,,,,,,-5.86496746506878,2.72E-34,-5.86492938302691,3.59E-34,-5.86487170148857,6.45E-34,-5.86481474759273,1.52E-33,-5.86493898262066,5.75E-33,-5.8648683666575,1.58E-32
,,,,,,,,,,,,-5.86016741706824,2.72E-34,-5.86012933502644,3.59E-34,-5.86007165348802,6.45E-34,-5.86001469959221,1.52E-33,-5.86013893462025,5.75E-33,-5.86006831865706,1.58E-32
,,,,,,,,,,,,-5.85536736906784,2.72E-34,-5.8553292870259,3.59E-34,-5.85527160548763,6.45E-34,-5.8552146515917,1.52E-33,-5.85533888661981,5.75E-33,-5.85526827065649,1.58E-32
,,,,,,,,,,,,-5.85056732106733,2.72E-34,-5.8505292390255,3.59E-34,-5.85047155748711,6.45E-34,-5.85041460359129,1.52E-33,-5.85053883861919,5.75E-33,-5.85046822265607,1.58E-32
,,,,,,,,,,,,-5.84576727306681,2.72E-34,-5.84572919102498,3.59E-34,-5.84567150948659,6.45E-34,-5.84561455559075,1.52E-33,-5.84573879061881,5.75E-33,-5.84566817465565,1.58E-32
,,,,,,,,,,,,-5.84096722506643,2.72E-34,-5.84092914302447,3.59E-34,-5.84087146148619,6.45E-34,-5.84081450759027,1.52E-33,-5.84093874261838,5.75E-33,-5.84086812665501,1.58E-32
,,,,,,,,,,,,-5.83616717706586,2.72E-34,-5.83612909502409,3.59E-34,-5.83607141348567,6.45E-34,-5.83601445958986,1.52E-33,-5.83613869461776,5.75E-33,-5.83606807865463,1.58E-32
,,,,,,,,,,,,-5.83136712906538,2.72E-34,-5.83132904702351,3.59E-34,-5.83127136548515,6.45E-34,-5.83121441158928,1.52E-33,-5.83133864661737,5.75E-33,-5.83126803065422,1.58E-32
,,,,,,,,,,,,-5.826567081065,2.72E-34,-5.82652899902303,3.60E-34,-5.82647131748476,6.45E-34,-5.82641436358886,1.52E-33,-5.82653859861692,5.75E-33,-5.82646798265358,1.58E-32
,,,,,,,,,,,,-5.8217670330644,2.73E-34,-5.82172895102265,3.60E-34,-5.82167126948421,6.45E-34,-5.82161431558842,1.52E-33,-5.82173855061632,5.75E-33,-5.82166793465319,1.58E-32
,,,,,,,,,,,,-5.81696698506394,2.73E-34,-5.81692890302206,3.60E-34,-5.81687122148372,6.45E-34,-5.81681426758781,1.52E-33,-5.81693850261593,5.75E-33,-5.81686788665275,1.58E-32
,,,,,,,,,,,,-5.81216693706356,2.73E-34,-5.8121288550216,3.60E-34,-5.81207117348333,6.45E-34,-5.81201421958743,1.52E-33,-5.81213845461544,5.75E-33,-5.81206783865216,1.58E-32
,,,,,,,,,,,,-5.80736688906297,2.73E-34,-5.80732880702122,3.60E-34,-5.80727112548277,6.45E-34,-5.80721417158698,1.52E-33,-5.80733840661491,5.75E-33,-5.80726779065175,1.58E-32
,,,,,,,,,,,,-5.80256684106251,2.73E-34,-5.80252875902062,3.60E-34,-5.80247107748229,6.45E-34,-5.80241412358637,1.52E-33,-5.8025383586145,5.75E-33,-5.80246774265127,1.58E-32
,,,,,,,,,,,,-5.79776679306212,2.73E-34,-5.79772871102017,3.60E-34,-5.79767102948189,6.45E-34,-5.797614075586,1.52E-33,-5.79773831061398,5.75E-33,-5.79766769465075,1.58E-32
,,,,,,,,,,,,-5.79296674506151,2.73E-34,-5.79292866301977,3.60E-34,-5.79287098148129,6.45E-34,-5.79281402758554,1.52E-33,-5.7929382626135,5.75E-33,-5.79286764665032,1.58E-32
,,,,,,,,,,,,-5.7881666970611,2.73E-34,-5.78812861501917,3.60E-34,-5.78807093348087,6.45E-34,-5.78801397958494,1.52E-33,-5.78813821461307,5.75E-33,-5.78806759864982,1.58E-32
,,,,,,,,,,,,-5.78336664906064,2.73E-34,-5.78332856701875,3.60E-34,-5.78327088548043,6.45E-34,-5.78321393158456,1.52E-33,-5.78333816661252,5.75E-33,-5.78326755064932,1.58E-32
,,,,,,,,,,,,-5.77856660106008,2.74E-34,-5.7785285190183,3.60E-34,-5.77847083747984,6.45E-34,-5.77841388358406,1.52E-33,-5.77853811861207,5.75E-33,-5.7784675026489,1.58E-32
,,,,,,,,,,,,-5.77376655305969,2.74E-34,-5.77372847101773,3.60E-34,-5.77367078947946,6.46E-34,-5.77361383558353,1.52E-33,-5.77373807061165,5.75E-33,-5.77366745464835,1.58E-32
,,,,,,,,,,,,-5.76896650505918,2.74E-34,-5.76892842301734,3.60E-34,-5.76887074147897,6.46E-34,-5.76881378758313,1.52E-33,-5.76893802261104,5.75E-33,-5.76886740664789,1.58E-32
,,,,,,,,,,,,-5.76416645705865,2.74E-34,-5.76412837501684,3.61E-34,-5.76407069347841,6.46E-34,-5.7640137395826,1.52E-33,-5.76413797461063,5.75E-33,-5.76406735864749,1.58E-32
,,,,,,,,,,,,-5.75936640905825,2.74E-34,-5.7593283270163,3.61E-34,-5.75927064547803,6.46E-34,-5.75921369158212,1.52E-33,-5.75933792661023,5.75E-33,-5.75926731064687,1.58E-32
,,,,,,,,,,,,-5.75456636105772,2.74E-34,-5.75452827901591,3.61E-34,-5.75447059747753,6.46E-34,-5.75441364358169,1.52E-33,-5.75453787860959,5.75E-33,-5.75446726264646,1.58E-32
,,,,,,,,,,,,-5.74976631305721,2.74E-34,-5.74972823101537,3.61E-34,-5.74967054947697,6.46E-34,-5.74961359558113,1.52E-33,-5.7497378306092,5.75E-33,-5.74966721464608,1.58E-32
,,,,,,,,,,,,-5.74496626505682,2.74E-34,-5.74492818301487,3.61E-34,-5.7448705014766,6.46E-34,-5.74481354758069,1.52E-33,-5.74493778260878,5.75E-33,-5.74486716664541,1.58E-32
,,,,,,,,,,,,-5.74016621705626,2.75E-34,-5.74012813501448,3.61E-34,-5.74007045347607,6.46E-34,-5.74001349958027,1.52E-33,-5.74013773460816,5.75E-33,-5.74006711864502,1.58E-32
,,,,,,,,,,,,-5.73536616905578,2.75E-34,-5.73532808701392,3.61E-34,-5.73527040547554,6.46E-34,-5.73521345157965,1.52E-33,-5.73533768660777,5.75E-33,-5.73526707064461,1.58E-32
,,,,,,,,,,,,-5.73056612105539,2.75E-34,-5.73052803901343,3.61E-34,-5.73047035747516,6.46E-34,-5.73041340357925,1.52E-33,-5.7305376386073,5.75E-33,-5.73046702264399,1.58E-32
,,,,,,,,,,,,-5.72576607305483,2.75E-34,-5.72572799101304,3.61E-34,-5.72567030947461,6.46E-34,-5.72561335557883,1.52E-33,-5.72573759060675,5.75E-33,-5.72566697464359,1.58E-32
,,,,,,,,,,,,-5.72096602505434,2.75E-34,-5.72092794301248,3.61E-34,-5.72087026147413,6.46E-34,-5.72081330757821,1.52E-33,-5.72093754260633,5.75E-33,-5.72086692664313,1.58E-32
,,,,,,,,,,,,-5.71616597705395,2.75E-34,-5.716127895012,3.61E-34,-5.71607021347373,6.46E-34,-5.71601325957782,1.52E-33,-5.71613749460582,5.75E-33,-5.71606687864258,1.58E-32
,,,,,,,,,,,,-5.71136592905336,2.75E-34,-5.71132784701161,3.61E-34,-5.71127016547315,6.46E-34,-5.71121321157739,1.52E-33,-5.71133744660534,5.75E-33,-5.71126683064216,1.58E-32
,,,,,,,,,,,,-5.70656588105293,2.75E-34,-5.70652779901101,3.61E-34,-5.70647011747271,6.46E-34,-5.70641316357678,1.52E-33,-5.7065373986049,5.75E-33,-5.70646678264165,1.58E-32
,,,,,,,,,,,,-5.70176583305249,2.75E-34,-5.70172775101059,3.62E-34,-5.70167006947228,6.46E-34,-5.70161311557639,1.52E-33,-5.70173735060436,5.75E-33,-5.70166673464116,1.58E-32
,,,,,,,,,,,,-5.69696578505191,2.76E-34,-5.69692770301014,3.62E-34,-5.69687002147168,6.46E-34,-5.69681306757592,1.52E-33,-5.6969373026039,5.75E-33,-5.69686668664073,1.58E-32
,,,,,,,,,,,,-5.69216573705152,2.76E-34,-5.69212765500957,3.62E-34,-5.69206997347129,6.46E-34,-5.69201301957537,1.52E-33,-5.69213725460349,5.75E-33,-5.69206663864019,1.58E-32
,,,,,,,,,,,,-5.68736568905103,2.76E-34,-5.68732760700918,3.62E-34,-5.68726992547082,6.46E-34,-5.68721297157495,1.52E-33,-5.68733720660288,5.75E-33,-5.68726659063972,1.58E-32
,,,,,,,,,,,,-5.68256564105048,2.76E-34,-5.68252755900869,3.62E-34,-5.68246987747024,6.46E-34,-5.68241292357445,1.52E-33,-5.68253715860247,5.75E-33,-5.68246654263932,1.58E-32
,,,,,,,,,,,,-5.67776559305009,2.76E-34,-5.67772751100814,3.62E-34,-5.67766982946985,6.46E-34,-5.67761287557395,1.52E-33,-5.67773711060208,5.75E-33,-5.67766649463872,1.58E-32
,,,,,,,,,,,,-5.67296554504959,2.76E-34,-5.67292746300775,3.62E-34,-5.67286978146938,6.46E-34,-5.67281282757352,1.52E-33,-5.67293706260142,5.75E-33,-5.67286644663829,1.58E-32
,,,,,,,,,,,,-5.66816549704904,2.76E-34,-5.66812741500724,3.62E-34,-5.66806973346881,6.47E-34,-5.66801277957299,1.52E-33,-5.66813701460104,5.75E-33,-5.6680663986379,1.58E-32
,,,,,,,,,,,,-5.66336544904866,2.76E-34,-5.66332736700669,3.62E-34,-5.66326968546842,6.47E-34,-5.66321273157252,1.52E-33,-5.66333696660062,5.75E-33,-5.66326635063726,1.58E-32
,,,,,,,,,,,,-5.65856540104813,2.77E-34,-5.65852731900631,3.62E-34,-5.65846963746793,6.47E-34,-5.65841268357211,1.52E-33,-5.6585369186,5.75E-33,-5.65846630263686,1.58E-32
,,,,,,,,,,,,-5.6537653530476,2.77E-34,-5.65372727100578,3.62E-34,-5.65366958946738,6.47E-34,-5.65361263557151,1.52E-33,-5.6537368705996,5.75E-33,-5.65366625463646,1.58E-32
,,,,,,,,,,,,-5.64896530504722,2.77E-34,-5.64892722300526,3.62E-34,-5.64886954146699,6.47E-34,-5.64881258757109,1.52E-33,-5.64893682259914,5.75E-33,-5.64886620663584,1.58E-32
,,,,,,,,,,,,-5.64416525704666,2.77E-34,-5.64412717500488,3.63E-34,-5.64406949346646,6.47E-34,-5.6440125395707,1.52E-33,-5.64413677459859,5.75E-33,-5.64406615863542,1.58E-32
,,,,,,,,,,,,-5.63936520904618,2.77E-34,-5.63932712700432,3.63E-34,-5.63926944546597,6.47E-34,-5.63921249157003,1.52E-33,-5.63933672659817,5.75E-33,-5.63926611063498,1.58E-32
,,,,,,,,,,,,-5.63456516104579,2.77E-34,-5.63452707900384,3.63E-34,-5.63446939746555,6.47E-34,-5.63441244356965,1.52E-33,-5.63453667859768,5.75E-33,-5.63446606263443,1.58E-32
,,,,,,,,,,,,-5.6297651130452,2.77E-34,-5.62972703100344,3.63E-34,-5.629669349465,6.47E-34,-5.62961239556924,1.52E-33,-5.62973663059716,5.75E-33,-5.62966601463399,1.58E-32
,,,,,,,,,,,,-5.62496506504477,2.77E-34,-5.62492698300286,3.63E-34,-5.62486930146455,6.47E-34,-5.62481234756861,1.52E-33,-5.62493658259674,5.75E-33,-5.62486596663351,1.58E-32
,,,,,,,,,,,,-5.62016501704434,2.77E-34,-5.62012693500242,3.63E-34,-5.62006925346412,6.47E-34,-5.62001229956822,1.52E-33,-5.62013653459622,5.75E-33,-5.62006591863298,1.58E-32
,,,,,,,,,,,,-5.61536496904374,2.78E-34,-5.615326887002,3.63E-34,-5.61526920546352,6.47E-34,-5.61521225156776,1.52E-33,-5.61533648659573,5.75E-33,-5.61526587063257,1.58E-32
,,,,,,,,,,,,-5.61056492104336,2.78E-34,-5.61052683900139,3.63E-34,-5.61046915746312,6.47E-34,-5.6104122035672,1.52E-33,-5.61053643859533,5.75E-33,-5.61046582263205,1.58E-32
,,,,,,,,,,,,-5.60576487304288,2.78E-34,-5.60572679100101,3.63E-34,-5.60566910946269,6.47E-34,-5.60561215556679,1.52E-33,-5.60573639059474,5.75E-33,-5.60566577463155,1.58E-32
,,,,,,,,,,,,-5.6009648250423,2.78E-34,-5.60092674300053,3.63E-34,-5.60086906146207,6.47E-34,-5.60081210756629,1.52E-33,-5.60093634259429,5.75E-33,-5.60086572663116,1.58E-32
,,,,,,,,,,,,-5.59616477704192,2.78E-34,-5.59612669499996,3.63E-34,-5.59606901346169,6.47E-34,-5.59601205956579,1.52E-33,-5.59613629459391,5.75E-33,-5.59606567863057,1.58E-32
,,,,,,,,,,,,-5.59136472904144,2.78E-34,-5.59132664699958,3.63E-34,-5.59126896546124,6.47E-34,-5.59121201156535,1.52E-33,-5.59133624659327,5.75E-33,-5.59126563063011,1.58E-32
,,,,,,,,,,,,-5.58656468104087,2.78E-34,-5.5865265989991,3.64E-34,-5.58646891746063,6.47E-34,-5.58641196356484,1.52E-33,-5.58653619859286,5.75E-33,-5.58646558262974,1.58E-32
,,,,,,,,,,,,-5.58176463304049,2.78E-34,-5.58172655099853,3.64E-34,-5.58166886946025,6.47E-34,-5.58161191556436,1.52E-33,-5.58173615059248,5.75E-33,-5.58166553462912,1.58E-32
,,,,,,,,,,,,-5.57696458503999,2.79E-34,-5.57692650299815,3.64E-34,-5.57686882145977,6.47E-34,-5.57681186756394,1.52E-33,-5.57693610259184,5.75E-33,-5.57686548662868,1.58E-32
,,,,,,,,,,,,-5.57216453703944,2.79E-34,-5.57212645499764,3.64E-34,-5.57206877345921,6.47E-34,-5.57201181956336,1.52E-33,-5.57213605459143,5.75E-33,-5.5720654386283,1.58E-32
,,,,,,,,,,,,-5.56736448903906,2.79E-34,-5.56732640699709,3.64E-34,-5.56726872545882,6.48E-34,-5.56721177156292,1.52E-33,-5.567336006591,5.75E-33,-5.56726539062768,1.58E-32
,,,,,,,,,,,,-5.56256444103852,2.79E-34,-5.56252635899671,3.64E-34,-5.56246867745831,6.48E-34,-5.56241172356253,1.52E-33,-5.56253595859043,5.75E-33,-5.56246534262725,1.58E-32
,,,,,,,,,,,,-5.55776439303801,2.79E-34,-5.55772631099617,3.64E-34,-5.5576686294578,6.48E-34,-5.55761167556189,1.52E-33,-5.55773591058999,5.75E-33,-5.55766529462683,1.58E-32
,,,,,,,,,,,,-5.55296434503761,2.79E-34,-5.55292626299567,3.64E-34,-5.55286858145739,6.48E-34,-5.55281162756149,1.52E-33,-5.55293586258953,5.75E-33,-5.55286524662625,1.58E-32
,,,,,,,,,,,,-5.54816429703706,2.79E-34,-5.54812621499527,3.64E-34,-5.54806853345685,6.48E-34,-5.5480115795611,1.52E-33,-5.548135814589,5.75E-33,-5.54806519862583,1.58E-32
,,,,,,,,,,,,-5.5433642490366,2.79E-34,-5.54332616699472,3.64E-34,-5.54326848545639,6.48E-34,-5.54321153156046,1.52E-33,-5.54333576658858,5.75E-33,-5.54326515062537,1.58E-32
,,,,,,,,,,,,-5.53856420103618,2.80E-34,-5.53852611899426,3.64E-34,-5.53846843745595,6.48E-34,-5.53841148356005,1.52E-33,-5.53853571858808,5.75E-33,-5.53846510262482,1.58E-32
,,,,,,,,,,,,-5.53376415303558,2.80E-34,-5.53372607099383,3.64E-34,-5.53366838945537,6.48E-34,-5.53361143555962,1.52E-33,-5.53373567058756,5.75E-33,-5.53366505462441,1.58E-32
,,,,,,,,,,,,-5.52896410503518,2.80E-34,-5.52892602299324,3.65E-34,-5.52886834145496,6.48E-34,-5.52881138755904,1.52E-33,-5.52893562258717,5.75E-33,-5.52886500662391,1.58E-32
,,,,,,,,,,,,-5.52416405703473,2.80E-34,-5.52412597499284,3.65E-34,-5.52406829345454,6.48E-34,-5.52401133955861,1.52E-33,-5.52413557458659,5.75E-33,-5.52406495862338,1.58E-32
,,,,,,,,,,,,-5.51936400903414,2.80E-34,-5.51932592699239,3.65E-34,-5.5192682454539,6.48E-34,-5.51921129155815,1.52E-33,-5.51933552658613,5.75E-33,-5.519264910623,1.58E-32
,,,,,,,,,,,,-5.51456396103375,2.80E-34,-5.51452587899179,3.65E-34,-5.51446819745352,6.48E-34,-5.51441124355761,1.52E-33,-5.51453547858574,5.75E-33,-5.51446486262242,1.58E-32
,,,,,,,,,,,,-5.5097639130333,2.80E-34,-5.5097258309914,3.65E-34,-5.50966814945311,6.48E-34,-5.50961119555719,1.52E-33,-5.50973543058513,5.75E-33,-5.50966481462195,1.58E-32
,,,,,,,,,,,,-5.5049638650327,2.81E-34,-5.50492578299096,3.65E-34,-5.50486810145247,6.48E-34,-5.50481114755669,1.52E-33,-5.5049353825847,5.75E-33,-5.50486476662156,1.58E-32
,,,,,,,,,,,,-5.50016381703231,2.81E-34,-5.50012573499036,3.65E-34,-5.50006805345209,6.48E-34,-5.50001109955618,1.52E-33,-5.5001353345843,5.75E-33,-5.50006471862097,1.58E-32
,,,,,,,,,,,,-5.49536376903184,2.81E-34,-5.49532568698997,3.65E-34,-5.49526800545163,6.48E-34,-5.49521105155578,1.52E-33,-5.4953352865837,5.75E-33,-5.49526467062052,1.58E-32
,,,,,,,,,,,,-5.49056372103127,2.81E-34,-5.4905256389895,3.65E-34,-5.49046795745105,6.48E-34,-5.49041100355522,1.52E-33,-5.49053523858326,5.75E-33,-5.49046462262012,1.58E-32
,,,,,,,,,,,,-5.48576367303088,2.81E-34,-5.48572559098893,3.65E-34,-5.48566790945064,6.48E-34,-5.48561095555475,1.52E-33,-5.48573519058285,5.75E-33,-5.48566457461954,1.58E-32
,,,,,,,,,,,,-5.48096362503038,2.81E-34,-5.48092554298854,3.65E-34,-5.48086786145016,6.48E-34,-5.48081090755437,1.52E-33,-5.48093514258226,5.75E-33,-5.48086452661908,1.58E-32
,,,,,,,,,,,,-5.47616357702986,2.81E-34,-5.47612549498803,3.66E-34,-5.47606781344964,6.48E-34,-5.47601085955375,1.52E-33,-5.47613509458183,5.75E-33,-5.47606447861868,1.58E-32
,,,,,,,,,,,,-5.47136352902945,2.81E-34,-5.47132544698752,3.66E-34,-5.47126776544921,6.49E-34,-5.47121081155331,1.52E-33,-5.47133504658138,5.75E-33,-5.47126443061808,1.58E-32
,,,,,,,,,,,,-5.46656348102892,2.82E-34,-5.4665253989871,3.66E-34,-5.46646771744871,6.49E-34,-5.46641076355293,1.52E-33,-5.46653499858083,5.75E-33,-5.46646438261766,1.58E-32
,,,,,,,,,,,,-5.46176343302845,2.82E-34,-5.46172535098658,3.66E-34,-5.46166766944821,6.49E-34,-5.46161071555232,1.52E-33,-5.46173495058042,5.75E-33,-5.46166433461721,1.58E-32
,,,,,,,,,,,,-5.45696338502801,2.82E-34,-5.45692530298611,3.66E-34,-5.45686762144779,6.49E-34,-5.45681066755188,1.52E-33,-5.45693490257992,5.75E-33,-5.45686428661665,1.58E-32
,,,,,,,,,,,,-5.45216333702743,2.82E-34,-5.45212525498567,3.66E-34,-5.45206757344723,6.49E-34,-5.45201061955148,1.52E-33,-5.4521348545794,5.75E-33,-5.45206423861625,1.58E-32
,,,,,,,,,,,,-5.44736328902702,2.82E-34,-5.44732520698509,3.66E-34,-5.44726752544678,6.49E-34,-5.44721057155088,1.52E-33,-5.44733480657901,5.75E-33,-5.44726419061576,1.58E-32
,,,,,,,,,,,,-5.44256324102659,2.82E-34,-5.44252515898467,3.66E-34,-5.44246747744638,6.49E-34,-5.44241052355045,1.52E-33,-5.44253475857844,5.75E-33,-5.44246414261522,1.58E-32
,,,,,,,,,,,,-5.43776319302596,2.82E-34,-5.43772511098425,3.66E-34,-5.43766742944576,6.49E-34,-5.43761047555001,1.52E-33,-5.43773471057796,5.75E-33,-5.43766409461483,1.58E-32
,,,,,,,,,,,,-5.43296314502558,2.82E-34,-5.43292506298362,3.66E-34,-5.43286738144535,6.49E-34,-5.43281042754945,1.52E-33,-5.43293466257757,5.75E-33,-5.43286404661429,1.58E-32
,,,,,,,,,,,,-5.42816309702516,2.83E-34,-5.42812501498324,3.66E-34,-5.42806733344497,6.49E-34,-5.42801037954903,1.52E-33,-5.428134614577,5.75E-33,-5.42806399861378,1.58E-32
,,,,,,,,,,,,-5.42336304902453,2.83E-34,-5.42332496698281,3.67E-34,-5.4232672854443,6.49E-34,-5.42321033154853,1.52E-33,-5.42333456657653,5.75E-33,-5.42326395061339,1.58E-32
,,,,,,,,,,,,-5.41856300102415,2.83E-34,-5.41852491898218,3.67E-34,-5.41846723744391,6.49E-34,-5.41841028354801,1.52E-33,-5.41853451857614,5.75E-33,-5.41846390261284,1.58E-32
,,,,,,,,,,,,-5.41376295302369,2.83E-34,-5.4137248709818,3.67E-34,-5.41366718944349,6.49E-34,-5.41361023554761,1.52E-33,-5.41373447057554,5.75E-33,-5.41366385461235,1.58E-32
,,,,,,,,,,,,-5.40896290502311,2.83E-34,-5.40892482298135,3.67E-34,-5.40886714144289,6.49E-34,-5.40881018754706,1.52E-33,-5.40893442257508,5.75E-33,-5.40886380661196,1.58E-32
,,,,,,,,,,,,-5.40416285702272,2.83E-34,-5.40412477498076,3.67E-34,-5.40406709344248,6.49E-34,-5.40401013954658,1.52E-33,-5.40413437457471,5.75E-33,-5.40406375861139,1.58E-32
,,,,,,,,,,,,-5.39936280902222,2.83E-34,-5.39932472698037,3.67E-34,-5.39926704544202,6.49E-34,-5.39921009154619,1.52E-33,-5.39933432657409,5.75E-33,-5.39926371061091,1.58E-32
,,,,,,,,,,,,-5.3945627610217,2.84E-34,-5.39452467897988,3.67E-34,-5.39446699744148,6.49E-34,-5.39441004354561,1.52E-33,-5.39453427857366,5.76E-33,-5.39446366261053,1.58E-32
,,,,,,,,,,,,-5.38976271302128,2.84E-34,-5.38972463097935,3.67E-34,-5.38966694944105,6.49E-34,-5.38960999554515,1.52E-33,-5.38973423057324,5.76E-33,-5.38966361460992,1.58E-32
,,,,,,,,,,,,-5.38496266502077,2.84E-34,-5.38492458297894,3.67E-34,-5.38486690144054,6.50E-34,-5.38480994754476,1.52E-33,-5.38493418257265,5.76E-33,-5.38486356660949,1.58E-32
,,,,,,,,,,,,-5.38016261702028,2.84E-34,-5.38012453497842,3.67E-34,-5.38006685344005,6.50E-34,-5.38000989954416,1.52E-33,-5.38013413457225,5.76E-33,-5.38006351860907,1.58E-32
,,,,,,,,,,,,-5.37536256901985,2.84E-34,-5.37532448697794,3.68E-34,-5.37526680543962,6.50E-34,-5.37520985154371,1.52E-33,-5.37533408657177,5.76E-33,-5.37526347060847,1.58E-32
,,,,,,,,,,,,-5.37056252101929,2.84E-34,-5.3705244389775,3.68E-34,-5.37046675743907,6.50E-34,-5.37040980354332,1.52E-33,-5.37053403857122,5.76E-33,-5.37046342260808,1.58E-32
,,,,,,,,,,,,-5.36576247301885,2.84E-34,-5.36572439097694,3.68E-34,-5.36566670943861,6.50E-34,-5.36560975554272,1.52E-33,-5.36573399057084,5.76E-33,-5.3656633746076,1.58E-32
,,,,,,,,,,,,-5.36096242501844,2.85E-34,-5.36092434297651,3.68E-34,-5.36086666143821,6.50E-34,-5.36080970754228,1.52E-33,-5.3609339425703,5.76E-33,-5.36086332660704,1.58E-32
,,,,,,,,,,,,-5.35616237701782,2.85E-34,-5.35612429497609,3.68E-34,-5.35606661343761,6.50E-34,-5.35600965954186,1.52E-33,-5.35613389456979,5.76E-33,-5.35606327860666,1.58E-32
,,,,,,,,,,,,-5.35136232901742,2.85E-34,-5.35132424697548,3.68E-34,-5.35126656543718,6.50E-34,-5.35120961154128,1.52E-33,-5.35133384656941,5.76E-33,-5.35126323060615,1.58E-32
,,,,,,,,,,,,-5.346562281017,2.85E-34,-5.34652419897507,3.68E-34,-5.34646651743679,6.50E-34,-5.34640956354087,1.52E-33,-5.34653379856886,5.76E-33,-5.34646318260561,1.58E-32
,,,,,,,,,,,,-5.34176223301636,2.85E-34,-5.34172415097466,3.68E-34,-5.34166646943615,6.50E-34,-5.34160951554038,1.52E-33,-5.34173375056835,5.76E-33,-5.34166313460523,1.58E-32
,,,,,,,,,,,,-5.33696218501597,2.85E-34,-5.33692410297402,3.68E-34,-5.33686642143575,6.50E-34,-5.33680946753985,1.52E-33,-5.33693370256797,5.76E-33,-5.3368630866047,1.58E-32
,,,,,,,,,,,,-5.33216213701555,2.85E-34,-5.33212405497363,3.68E-34,-5.33206637343533,6.50E-34,-5.33200941953945,1.52E-33,-5.3321336545674,5.76E-33,-5.33206303860417,1.58E-32
,,,,,,,,,,,,-5.32736208901494,2.86E-34,-5.3273240069732,3.68E-34,-5.32726632543473,6.50E-34,-5.32720937153892,1.52E-33,-5.32733360656692,5.76E-33,-5.32726299060379,1.58E-32
,,,,,,,,,,,,-5.32256204101454,2.86E-34,-5.3225239589726,3.69E-34,-5.32246627743431,6.50E-34,-5.32240932353842,1.52E-33,-5.32253355856653,5.76E-33,-5.32246294260323,1.58E-32
,,,,,,,,,,,,-5.31776199301408,2.86E-34,-5.3177239109722,3.69E-34,-5.31766622943387,6.50E-34,-5.31760927553803,1.52E-33,-5.31773351056594,5.76E-33,-5.31766289460275,1.58E-32
,,,,,,,,,,,,-5.31296194501353,2.86E-34,-5.31292386297174,3.69E-34,-5.31286618143332,6.50E-34,-5.31280922753746,1.52E-33,-5.31293346256551,5.76E-33,-5.31286284660235,1.58E-32
,,,,,,,,,,,,-5.30816189701311,2.86E-34,-5.30812381497119,3.69E-34,-5.30806613343288,6.50E-34,-5.30800917953697,1.52E-33,-5.30813341456508,5.76E-33,-5.30806279860178,1.58E-32
,,,,,,,,,,,,-5.30336184901261,2.86E-34,-5.30332376697076,3.69E-34,-5.30326608543239,6.50E-34,-5.30320913153659,1.52E-33,-5.30333336656449,5.76E-33,-5.30326275060134,1.58E-32
,,,,,,,,,,,,-5.29856180101211,2.86E-34,-5.29852371897027,3.69E-34,-5.29846603743188,6.51E-34,-5.29840908353601,1.52E-33,-5.29853331856409,5.76E-33,-5.29846270260092,1.58E-32
,,,,,,,,,,,,-5.29376175301168,2.87E-34,-5.29372367096976,3.69E-34,-5.29366598943146,6.51E-34,-5.29360903553554,1.52E-33,-5.2937332705636,5.76E-33,-5.29366265460031,1.58E-32
,,,,,,,,,,,,-5.28896170501114,2.87E-34,-5.28892362296934,3.69E-34,-5.28886594143093,6.51E-34,-5.28880898753516,1.52E-33,-5.28893322256306,5.76E-33,-5.28886260659992,1.58E-32
,,,,,,,,,,,,-5.28416165701068,2.87E-34,-5.2841235749688,3.69E-34,-5.28406589343045,6.51E-34,-5.28400893953456,1.52E-33,-5.28413317456266,5.76E-33,-5.28406255859944,1.58E-32
,,,,,,,,,,,,-5.27936160901027,2.87E-34,-5.27932352696833,3.69E-34,-5.27926584543005,6.51E-34,-5.27920889153412,1.52E-33,-5.27933312656216,5.76E-33,-5.27926251059888,1.58E-32
,,,,,,,,,,,,-5.27456156100968,2.87E-34,-5.27452347896793,3.70E-34,-5.27446579742946,6.51E-34,-5.27440884353371,1.52E-33,-5.27453307856162,5.76E-33,-5.27446246259849,1.58E-32
,,,,,,,,,,,,-5.26976151300924,2.87E-34,-5.26972343096733,3.70E-34,-5.269665749429,6.51E-34,-5.26960879553311,1.52E-33,-5.26973303056123,5.76E-33,-5.269662414598,1.58E-32
,,,,,,,,,,,,-5.26496146500886,2.87E-34,-5.2649233829669,3.70E-34,-5.26486570142863,6.51E-34,-5.2648087475327,1.52E-33,-5.26493298256072,5.76E-33,-5.26486236659744,1.58E-32
,,,,,,,,,,,,-5.2601614170082,2.88E-34,-5.26012333496652,3.70E-34,-5.260065653428,6.51E-34,-5.26000869953223,1.52E-33,-5.26013293456019,5.76E-33,-5.26006231859705,1.58E-32
,,,,,,,,,,,,-5.25536136900781,2.88E-34,-5.25532328696585,3.70E-34,-5.25526560542757,6.51E-34,-5.25520865153167,1.52E-33,-5.2553328865598,5.76E-33,-5.25526227059656,1.58E-32
,,,,,,,,,,,,-5.25056132100739,2.88E-34,-5.25052323896546,3.70E-34,-5.25046555742719,6.51E-34,-5.25040860353129,1.52E-33,-5.25053283855926,5.76E-33,-5.25046222259601,1.58E-32
,,,,,,,,,,,,-5.24576127300679,2.88E-34,-5.24572319096505,3.70E-34,-5.24566550942656,6.51E-34,-5.24560855553078,1.52E-33,-5.24573279055875,5.76E-33,-5.24566217459562,1.58E-32
,,,,,,,,,,,,-5.24096122500637,2.88E-34,-5.24092314296444,3.70E-34,-5.24086546142614,6.51E-34,-5.24080850753024,1.52E-33,-5.24093274255836,5.76E-33,-5.24086212659509,1.58E-32
,,,,,,,,,,,,-5.23616117700593,2.88E-34,-5.23612309496403,3.70E-34,-5.23606541342572,6.51E-34,-5.23600845952986,1.52E-33,-5.2361326945578,5.76E-33,-5.23606207859459,1.58E-32
,,,,,,,,,,,,-5.23136112900537,2.89E-34,-5.23132304696358,3.71E-34,-5.23126536542514,6.51E-34,-5.23120841152933,1.52E-33,-5.23133264655734,5.76E-33,-5.23126203059418,1.58E-32
,,,,,,,,,,,,-5.22656108100494,2.89E-34,-5.22652299896302,3.71E-34,-5.22646531742472,6.51E-34,-5.22640836352881,1.52E-33,-5.22653259855693,5.76E-33,-5.22646198259363,1.58E-32
,,,,,,,,,,,,-5.22176103300445,2.89E-34,-5.2217229509626,3.71E-34,-5.22166526942425,6.51E-34,-5.22160831552841,1.52E-33,-5.22173255055633,5.76E-33,-5.22166193459318,1.58E-32
,,,,,,,,,,,,-5.21696098500394,2.89E-34,-5.2169229029621,3.71E-34,-5.21686522142371,6.51E-34,-5.21680826752786,1.52E-33,-5.21693250255592,5.76E-33,-5.21686188659275,1.58E-32
,,,,,,,,,,,,-5.21216093700352,2.89E-34,-5.2121228549616,3.71E-34,-5.2120651734233,6.52E-34,-5.21200821952737,1.52E-33,-5.21213245455546,5.76E-33,-5.21206183859217,1.58E-32
,,,,,,,,,,,,-5.20736088900299,2.89E-34,-5.20732280696117,3.71E-34,-5.20726512542279,6.52E-34,-5.20720817152698,1.52E-33,-5.20733240655488,5.76E-33,-5.20726179059175,1.58E-32
,,,,,,,,,,,,-5.20256084100251,2.89E-34,-5.20252275896065,3.71E-34,-5.20246507742227,6.52E-34,-5.20240812352642,1.52E-33,-5.2025323585545,5.76E-33,-5.20246174259129,1.58E-32
,,,,,,,,,,,,-5.19776079300211,2.90E-34,-5.19772271096017,3.71E-34,-5.19766502942189,6.52E-34,-5.19760807552595,1.52E-33,-5.19773231055402,5.76E-33,-5.1976616945907,1.58E-32
,,,,,,,,,,,,-5.19296074500152,2.90E-34,-5.19292266295976,3.71E-34,-5.19286498142132,6.52E-34,-5.19280802752555,1.52E-33,-5.19293226255345,5.76E-33,-5.19286164659032,1.58E-32
,,,,,,,,,,,,-5.18816069700108,2.90E-34,-5.18812261495918,3.71E-34,-5.18806493342084,6.52E-34,-5.18800797952495,1.52E-33,-5.18813221455307,5.76E-33,-5.18806159858986,1.58E-32
,,,,,,,,,,,,-5.18336064900069,2.90E-34,-5.18332256695873,3.72E-34,-5.18326488542045,6.52E-34,-5.18320793152454,1.52E-33,-5.18333216655257,5.76E-33,-5.18326155058927,1.58E-32
,,,,,,,,,,,,-5.17856060100006,2.90E-34,-5.17852251895834,3.72E-34,-5.17846483741985,6.52E-34,-5.17840788352408,1.52E-33,-5.17853211855201,5.76E-33,-5.17846150258889,1.58E-32
,,,,,,,,,,,,-5.17376055299964,2.90E-34,-5.17372247095771,3.72E-34,-5.17366478941941,6.52E-34,-5.17360783552351,1.52E-33,-5.17373207055163,5.76E-33,-5.17366145458842,1.58E-32
,,,,,,,,,,,,-5.16896050499925,2.91E-34,-5.1689224229573,3.72E-34,-5.16886474141902,6.52E-34,-5.16880778752312,1.52E-33,-5.1689320225511,5.76E-33,-5.16886140658783,1.58E-32
,,,,,,,,,,,,-5.16416045699862,2.91E-34,-5.16412237495691,3.72E-34,-5.16406469341842,6.52E-34,-5.16400773952264,1.52E-33,-5.16413197455059,5.76E-33,-5.16406135858745,1.58E-32
,,,,,,,,,,,,-5.15936040899821,2.91E-34,-5.15932232695628,3.72E-34,-5.15926464541797,6.52E-34,-5.15920769152207,1.52E-33,-5.1593319265502,5.76E-33,-5.15926131058694,1.58E-32
,,,,,,,,,,,,-5.15456036099778,2.91E-34,-5.15452227895586,3.72E-34,-5.15446459741757,6.52E-34,-5.15440764352168,1.52E-33,-5.15453187854965,5.76E-33,-5.15446126258642,1.58E-32
,,,,,,,,,,,,-5.14976031299721,2.91E-34,-5.14972223095544,3.72E-34,-5.14966454941698,6.52E-34,-5.14960759552119,1.52E-33,-5.14973183054918,5.76E-33,-5.14966121458602,1.58E-32
,,,,,,,,,,,,-5.14496026499676,2.91E-34,-5.14492218295487,3.72E-34,-5.14486450141655,6.52E-34,-5.14480754752064,1.52E-33,-5.14493178254876,5.76E-33,-5.14486116658548,1.58E-32
,,,,,,,,,,,,-5.14016021699631,2.91E-34,-5.14012213495442,3.73E-34,-5.14006445341609,6.52E-34,-5.14000749952025,1.52E-33,-5.14013173454818,5.76E-33,-5.14006111858501,1.58E-32
,,,,,,,,,,,,-5.13536016899577,2.92E-34,-5.13532208695396,3.73E-34,-5.13526440541554,6.53E-34,-5.13520745151973,1.52E-33,-5.13533168654777,5.76E-33,-5.13526107058459,1.58E-32
,,,,,,,,,,,,-5.13056012099535,2.92E-34,-5.13052203895342,3.73E-34,-5.13046435741514,6.53E-34,-5.13040740351921,1.52E-33,-5.13053163854732,5.76E-33,-5.13046102258401,1.58E-32
,,,,,,,,,,,,-5.12576007299485,2.92E-34,-5.12572199095301,3.73E-34,-5.12566430941464,6.53E-34,-5.12560735551882,1.52E-33,-5.12573159054671,5.76E-33,-5.12566097458359,1.58E-32
,,,,,,,,,,,,-5.12096002499433,2.92E-34,-5.1209219429525,3.73E-34,-5.12086426141411,6.53E-34,-5.12080730751828,1.52E-33,-5.12093154254633,5.76E-33,-5.12086092658316,1.58E-32
,,,,,,,,,,,,-5.11615997699394,2.92E-34,-5.11612189495199,3.73E-34,-5.11606421341372,6.53E-34,-5.11600725951778,1.52E-33,-5.11613149454589,5.76E-33,-5.11606087858253,1.58E-32
,,,,,,,,,,,,-5.11135992899338,2.92E-34,-5.1113218469516,3.73E-34,-5.11126416541318,6.53E-34,-5.11120721151738,1.52E-33,-5.11133144654528,5.76E-33,-5.11126083058215,1.58E-32
,,,,,,,,,,,,-5.1065598809929,2.93E-34,-5.10652179895104,3.73E-34,-5.10646411741267,6.53E-34,-5.1064071635168,1.52E-33,-5.10653139854489,5.76E-33,-5.10646078258173,1.58E-32
,,,,,,,,,,,,-5.10175983299252,2.93E-34,-5.10172175095056,3.73E-34,-5.10166406941228,6.53E-34,-5.10160711551637,1.52E-33,-5.10173135054443,5.76E-33,-5.1016607345811,1.58E-32
,,,,,,,,,,,,-5.09695978499191,2.93E-34,-5.09692170295018,3.74E-34,-5.09686402141172,6.53E-34,-5.09680706751594,1.52E-33,-5.09693130254385,5.76E-33,-5.09686068658071,1.58E-32
,,,,,,,,,,,,-5.09215973699147,2.93E-34,-5.09212165494957,3.74E-34,-5.09206397341124,6.53E-34,-5.09200701951533,1.52E-33,-5.09213125454346,5.76E-33,-5.09206063858027,1.58E-32
,,,,,,,,,,,,-5.08735968899109,2.93E-34,-5.08732160694912,3.74E-34,-5.08726392541085,6.53E-34,-5.08720697151495,1.52E-33,-5.08733120654296,5.76E-33,-5.08726059057967,1.58E-32
,,,,,,,,,,,,-5.08255964099048,2.93E-34,-5.08252155894874,3.74E-34,-5.08246387741029,6.53E-34,-5.08240692351449,1.52E-33,-5.08253115854242,5.76E-33,-5.08246054257928,1.58E-32
,,,,,,,,,,,,-5.07775959299003,2.94E-34,-5.07772151094814,3.74E-34,-5.0776638294098,6.53E-34,-5.0776068755139,1.52E-33,-5.07773111054202,5.76E-33,-5.07766049457879,1.58E-32
,,,,,,,,,,,,-5.07295954498964,2.94E-34,-5.07292146294769,3.74E-34,-5.07286378140942,6.53E-34,-5.07280682751352,1.52E-33,-5.07293106254151,5.76E-33,-5.07286044657826,1.58E-32
,,,,,,,,,,,,-5.06815949698904,2.94E-34,-5.0681214149473,3.74E-34,-5.06806373340881,6.53E-34,-5.06800677951305,1.52E-33,-5.06813101454101,5.76E-33,-5.06806039857784,1.58E-32
,,,,,,,,,,,,-5.06335944898861,2.94E-34,-5.06332136694669,3.74E-34,-5.06326368540839,6.53E-34,-5.06320673151246,1.52E-33,-5.06333096654059,5.76E-33,-5.06326035057734,1.58E-32
,,,,,,,,,,,,-5.05855940098816,2.94E-34,-5.05852131894627,3.74E-34,-5.05846363740795,6.54E-34,-5.05840668351208,1.52E-33,-5.05853091854004,5.76E-33,-5.05846030257685,1.58E-32
,,,,,,,,,,,,-5.0537593529876,2.94E-34,-5.05372127094582,3.75E-34,-5.05366358940736,6.54E-34,-5.05360663551158,1.52E-33,-5.05373087053959,5.76E-33,-5.05366025457641,1.58E-32
,,,,,,,,,,,,-5.0489593049872,2.95E-34,-5.04892122294526,3.75E-34,-5.04886354140697,6.54E-34,-5.04880658751104,1.52E-33,-5.04893082253917,5.76E-33,-5.04886020657587,1.58E-32
,,,,,,,,,,,,-5.04415925698671,2.95E-34,-5.04412117494486,3.75E-34,-5.04406349340649,6.54E-34,-5.04400653951065,1.52E-33,-5.04413077453856,5.76E-33,-5.04406015857541,1.58E-32
,,,,,,,,,,,,-5.03935920898617,2.95E-34,-5.03932112694436,3.75E-34,-5.03926344540593,6.54E-34,-5.03920649151011,1.52E-33,-5.03933072653816,5.76E-33,-5.039260110575,1.58E-32
,,,,,,,,,,,,-5.03455916098578,2.95E-34,-5.03452107894382,3.75E-34,-5.03446339740555,6.54E-34,-5.03440644350963,1.52E-33,-5.03453067853773,5.76E-33,-5.03446006257439,1.58E-32
,,,,,,,,,,,,-5.02975911298523,2.95E-34,-5.02972103094343,3.75E-34,-5.02966334940504,6.54E-34,-5.02960639550922,1.52E-33,-5.02973063053711,5.76E-33,-5.02966001457398,1.58E-32
,,,,,,,,,,,,-5.02495906498473,2.95E-34,-5.02492098294288,3.75E-34,-5.0248633014045,6.54E-34,-5.02480634750866,1.52E-33,-5.02493058253672,5.76E-33,-5.02485996657358,1.58E-32
,,,,,,,,,,,,-5.02015901698434,2.96E-34,-5.02012093494239,3.75E-34,-5.02006325340412,6.54E-34,-5.02000629950822,1.52E-33,-5.0201305345363,5.76E-33,-5.02005991857294,1.58E-32
,,,,,,,,,,,,-5.01535896898377,2.96E-34,-5.015320886942,3.76E-34,-5.01526320540358,6.54E-34,-5.01520625150778,1.52E-33,-5.01533048653568,5.76E-33,-5.01525987057254,1.58E-32
,,,,,,,,,,,,-5.0105589209833,2.96E-34,-5.01052083894143,3.76E-34,-5.01046315740306,6.54E-34,-5.01040620350718,1.52E-33,-5.01053043853529,5.76E-33,-5.01045982257213,1.58E-32
,,,,,,,,,,,,-5.00575887298291,2.96E-34,-5.00572079094096,3.76E-34,-5.00566310940269,6.54E-34,-5.00560615550678,1.52E-33,-5.00573039053482,5.76E-33,-5.00565977457151,1.58E-32
,,,,,,,,,,,,-5.00095882498234,2.96E-34,-5.00092074294057,3.76E-34,-5.00086306140212,6.54E-34,-5.00080610750634,1.52E-33,-5.00093034253426,5.76E-33,-5.00085972657111,1.58E-32
,,,,,,,,,,,,-4.99615877698187,2.96E-34,-4.99612069493999,3.76E-34,-4.99606301340164,6.54E-34,-4.99600605950573,1.52E-33,-4.99613029453386,5.76E-33,-4.99605967857065,1.58E-32
,,,,,,,,,,,,-4.99135872898148,2.97E-34,-4.99132064693952,3.76E-34,-4.99126296540125,6.54E-34,-4.99120601150534,1.52E-33,-4.99133024653334,5.76E-33,-4.99125963057009,1.58E-32
,,,,,,,,,,,,-4.98655868098088,2.97E-34,-4.98652059893913,3.76E-34,-4.98646291740067,6.55E-34,-4.98640596350491,1.52E-33,-4.98653019853285,5.76E-33,-4.98645958256968,1.58E-32
,,,,,,,,,,,,-4.98175863298044,2.97E-34,-4.98172055093854,3.76E-34,-4.98166286940023,6.55E-34,-4.9816059155043,1.52E-33,-4.98173015053242,5.76E-33,-4.98165953456917,1.58E-32
,,,,,,,,,,,,-4.97695858498001,2.97E-34,-4.9769205029381,3.76E-34,-4.97686282139981,6.55E-34,-4.97680586750391,1.52E-33,-4.97693010253189,5.76E-33,-4.97685948656868,1.58E-32
,,,,,,,,,,,,-4.97215853697944,2.97E-34,-4.97212045493766,3.77E-34,-4.9720627733992,6.55E-34,-4.97200581950344,1.52E-33,-4.97213005453143,5.76E-33,-4.97205943856824,1.58E-32
,,,,,,,,,,,,-4.96735848897903,2.98E-34,-4.96732040693709,3.77E-34,-4.96726272539881,6.55E-34,-4.96720577150288,1.52E-33,-4.967330006531,5.76E-33,-4.96725939056772,1.58E-32
,,,,,,,,,,,,-4.96255844097854,2.98E-34,-4.96252035893669,3.77E-34,-4.96246267739833,6.55E-34,-4.96240572350248,1.52E-33,-4.96252995853041,5.76E-33,-4.96245934256725,1.58E-32
,,,,,,,,,,,,-4.957758392978,2.98E-34,-4.9577203109362,3.77E-34,-4.95766262939777,6.55E-34,-4.95760567550197,1.52E-33,-4.95772991052999,5.76E-33,-4.95765929456683,1.58E-32
,,,,,,,,,,,,-4.95295834497761,2.98E-34,-4.95292026293566,3.77E-34,-4.95286258139738,6.55E-34,-4.95280562750147,1.52E-33,-4.95292986252959,5.76E-33,-4.95285924656624,1.58E-32
,,,,,,,,,,,,-4.9481582969771,2.98E-34,-4.94812021493527,3.77E-34,-4.94806253339689,6.55E-34,-4.94800557950104,1.52E-33,-4.94812981452894,5.76E-33,-4.94805919856581,1.58E-32
,,,,,,,,,,,,-4.94335824897657,2.98E-34,-4.94332016693475,3.77E-34,-4.94326248539633,6.55E-34,-4.94320553150051,1.52E-33,-4.94332976652856,5.76E-33,-4.94325915056542,1.58E-32
,,,,,,,,,,,,-4.93855820097618,2.99E-34,-4.93852011893423,3.77E-34,-4.93846243739594,6.55E-34,-4.93840548350004,1.52E-33,-4.93852971852815,5.76E-33,-4.93845910256477,1.58E-32
,,,,,,,,,,,,-4.93375815297564,2.99E-34,-4.93372007093383,3.78E-34,-4.93366238939544,6.55E-34,-4.93360543549962,1.52E-33,-4.93372967052752,5.76E-33,-4.93365905456438,1.58E-32
,,,,,,,,,,,,-4.92895810497512,2.99E-34,-4.9289200229333,3.78E-34,-4.9288623413949,6.55E-34,-4.92880538749904,1.52E-33,-4.92892962252713,5.76E-33,-4.92885900656398,1.58E-32
,,,,,,,,,,,,-4.92415805697475,2.99E-34,-4.92411997493278,3.78E-34,-4.92406229339451,6.55E-34,-4.92400533949861,1.52E-33,-4.92412957452667,5.76E-33,-4.92405895856335,1.58E-32
,,,,,,,,,,,,-4.91935800897418,2.99E-34,-4.9193199269324,3.78E-34,-4.91926224539398,6.56E-34,-4.91920529149821,1.52E-33,-4.91932952652611,5.76E-33,-4.91925891056295,1.58E-32
,,,,,,,,,,,,-4.91455796097369,2.99E-34,-4.91451987893184,3.78E-34,-4.91446219739348,6.56E-34,-4.91440524349756,1.52E-33,-4.91452947852569,5.76E-33,-4.9144588625625,1.58E-32
,,,,,,,,,,,,-4.90975791297331,3.00E-34,-4.90971983093135,3.78E-34,-4.90966214939308,6.56E-34,-4.90960519549718,1.52E-33,-4.9097294305252,5.76E-33,-4.90965881456194,1.58E-32
,,,,,,,,,,,,-4.90495786497273,3.00E-34,-4.90491978293097,3.78E-34,-4.90486210139252,6.56E-34,-4.90480514749677,1.52E-33,-4.90492938252468,5.76E-33,-4.90485876656151,1.58E-32
,,,,,,,,,,,,-4.90015781697228,3.00E-34,-4.90011973493038,3.78E-34,-4.90006205339207,6.56E-34,-4.90000509949612,1.52E-33,-4.90012933452426,5.76E-33,-4.90005871856103,1.58E-32
,,,,,,,,,,,,-4.89535776897187,3.00E-34,-4.89531968692994,3.79E-34,-4.89526200539164,6.56E-34,-4.89520505149574,1.52E-33,-4.89532928652374,5.76E-33,-4.8952586705605,1.58E-32
,,,,,,,,,,,,-4.89055772097126,3.00E-34,-4.89051963892952,3.79E-34,-4.89046195739105,6.56E-34,-4.89040500349528,1.52E-33,-4.89052923852325,5.76E-33,-4.89045862256009,1.58E-32
,,,,,,,,,,,,-4.88575767297087,3.01E-34,-4.88571959092892,3.79E-34,-4.88566190939064,6.56E-34,-4.88560495549471,1.52E-33,-4.88572919052284,5.76E-33,-4.88565857455958,1.58E-32
,,,,,,,,,,,,-4.8809576249704,3.01E-34,-4.88091954292852,3.79E-34,-4.8808618613902,6.56E-34,-4.88080490749431,1.52E-33,-4.88092914252226,5.76E-33,-4.88085852655907,1.58E-32
,,,,,,,,,,,,-4.87615757696983,3.01E-34,-4.87611949492805,3.79E-34,-4.87606181338959,6.56E-34,-4.87600485949382,1.52E-33,-4.87612909452182,5.76E-33,-4.87605847855867,1.58E-32
,,,,,,,,,,,,-4.87135752896945,3.01E-34,-4.87131944692748,3.79E-34,-4.87126176538921,6.56E-34,-4.8712048114933,1.53E-33,-4.87132904652143,5.76E-33,-4.8712584305581,1.58E-32
,,,,,,,,,,,,-4.86655748096895,3.01E-34,-4.8665193989271,3.79E-34,-4.86646171738876,6.56E-34,-4.86640476349288,1.53E-33,-4.8665289985208,5.76E-33,-4.86645838255764,1.58E-32
,,,,,,,,,,,,-4.86175743296839,3.02E-34,-4.86171935092661,3.79E-34,-4.86166166938816,6.56E-34,-4.86160471549236,1.53E-33,-4.86172895052038,5.76E-33,-4.86165833455726,1.58E-32
,,,,,,,,,,,,-4.85695738496801,3.02E-34,-4.85691930292605,3.80E-34,-4.85686162138778,6.56E-34,-4.85680466749188,1.53E-33,-4.85692890252,5.76E-33,-4.85685828655663,1.58E-32
,,,,,,,,,,,,-4.8521573369675,3.02E-34,-4.85211925492567,3.80E-34,-4.8520615733873,6.57E-34,-4.85200461949145,1.53E-33,-4.85212885451935,5.76E-33,-4.8520582385562,1.58E-32
,,,,,,,,,,,,-4.84735728896696,3.02E-34,-4.84731920692515,3.80E-34,-4.84726152538672,6.57E-34,-4.84720457149088,1.53E-33,-4.84732880651895,5.76E-33,-4.84725819055582,1.58E-32
,,,,,,,,,,,,-4.84255724096658,3.02E-34,-4.84251915892461,3.80E-34,-4.84246147738634,6.57E-34,-4.84240452349044,1.53E-33,-4.84252875851852,5.76E-33,-4.84245814255519,1.58E-32
,,,,,,,,,,,,-4.83775719296604,3.02E-34,-4.83771911092424,3.80E-34,-4.83766142938583,6.57E-34,-4.83760447549004,1.53E-33,-4.83772871051794,5.76E-33,-4.83765809455477,1.58E-32
,,,,,,,,,,,,-4.83295714496553,3.03E-34,-4.8329190629237,3.80E-34,-4.83286138138531,6.57E-34,-4.83280442748941,1.53E-33,-4.83292866251752,5.76E-33,-4.83285804655436,1.58E-32
,,,,,,,,,,,,-4.82815709696515,3.03E-34,-4.82811901492318,3.80E-34,-4.82806133338491,6.57E-34,-4.82800437948901,1.53E-33,-4.82812861451706,5.76E-33,-4.82805799855377,1.58E-32
,,,,,,,,,,,,-4.82335704896459,3.03E-34,-4.8233189669228,3.81E-34,-4.82326128538437,6.57E-34,-4.82320433148862,1.53E-33,-4.82332856651652,5.76E-33,-4.82325795055334,1.58E-32
,,,,,,,,,,,,-4.81855700096412,3.03E-34,-4.81851891892224,3.81E-34,-4.8184612373839,6.57E-34,-4.81840428348797,1.53E-33,-4.81852851851609,5.76E-33,-4.81845790255289,1.58E-32
,,,,,,,,,,,,-4.8137569529637,3.03E-34,-4.81371887092177,3.81E-34,-4.81366118938348,6.57E-34,-4.81360423548758,1.53E-33,-4.8137284705156,5.76E-33,-4.81365785455234,1.58E-32
,,,,,,,,,,,,-4.80895690496311,3.04E-34,-4.80891882292136,3.81E-34,-4.80886114138289,6.57E-34,-4.80880418748714,1.53E-33,-4.80892842251508,5.76E-33,-4.80885780655193,1.58E-32
,,,,,,,,,,,,-4.8041568569627,3.04E-34,-4.80411877492076,3.81E-34,-4.80406109338248,6.57E-34,-4.80400413948655,1.53E-33,-4.80412837451468,5.76E-33,-4.80405775855143,1.58E-32
,,,,,,,,,,,,-4.79935680896225,3.04E-34,-4.79931872692036,3.81E-34,-4.79926104538205,6.57E-34,-4.79920409148613,1.53E-33,-4.79932832651411,5.76E-33,-4.7992577105509,1.58E-32
,,,,,,,,,,,,-4.79455676096166,3.04E-34,-4.7945186789199,3.81E-34,-4.79446099738143,6.57E-34,-4.79440404348567,1.53E-33,-4.79452827851365,5.76E-33,-4.79445766255051,1.58E-32
,,,,,,,,,,,,-4.78975671296127,3.04E-34,-4.78971863091932,3.81E-34,-4.78966094938105,6.58E-34,-4.78960399548514,1.53E-33,-4.78972823051326,5.76E-33,-4.78965761454994,1.58E-32
,,,,,,,,,,,,-4.78495666496081,3.05E-34,-4.78491858291893,3.82E-34,-4.78486090138062,6.58E-34,-4.7848039474847,1.53E-33,-4.78492818251264,5.76E-33,-4.78485756654947,1.58E-32
,,,,,,,,,,,,-4.78015661696023,3.05E-34,-4.78011853491847,3.82E-34,-4.78006085337999,6.58E-34,-4.78000389948422,1.53E-33,-4.78012813451222,5.76E-33,-4.78005751854908,1.58E-32
,,,,,,,,,,,,-4.77535656895984,3.05E-34,-4.77531848691788,3.82E-34,-4.77526080537961,6.58E-34,-4.7752038514837,1.53E-33,-4.77532808651183,5.76E-33,-4.77525747054849,1.58E-32
,,,,,,,,,,,,-4.77055652095936,3.05E-34,-4.77051843891749,3.82E-34,-4.77046075737915,6.58E-34,-4.77040380348329,1.53E-33,-4.77052803851121,5.76E-33,-4.77045742254804,1.58E-32
,,,,,,,,,,,,-4.76575647295879,3.05E-34,-4.76571839091701,3.82E-34,-4.76566070937856,6.58E-34,-4.76560375548274,1.53E-33,-4.76572799051078,5.76E-33,-4.76565737454765,1.58E-32
,,,,,,,,,,,,-4.7609564249584,3.06E-34,-4.76091834291645,3.82E-34,-4.76086066137817,6.58E-34,-4.76080370748227,1.53E-33,-4.76092794251037,5.76E-33,-4.76085732654705,1.58E-32
,,,,,,,,,,,,-4.7561563769579,3.06E-34,-4.75611829491606,3.82E-34,-4.75606061337769,6.58E-34,-4.75600365948188,1.53E-33,-4.75612789450977,5.76E-33,-4.7560572785466,1.58E-32
,,,,,,,,,,,,-4.75135632895737,3.06E-34,-4.75131824691555,3.83E-34,-4.75126056537715,6.58E-34,-4.75120361148127,1.53E-33,-4.75132784650935,5.76E-33,-4.7512572305462,1.58E-32
,,,,,,,,,,,,-4.74655628095697,3.06E-34,-4.74651819891503,3.83E-34,-4.74646051737673,6.58E-34,-4.74640356348084,1.53E-33,-4.7465277985089,5.76E-33,-4.74645718254561,1.58E-32
,,,,,,,,,,,,-4.74175623295644,3.06E-34,-4.74171815091463,3.83E-34,-4.74166046937623,6.58E-34,-4.74160351548046,1.53E-33,-4.74172775050835,5.76E-33,-4.74165713454517,1.58E-32
,,,,,,,,,,,,-4.73695618495596,3.07E-34,-4.7369181029141,3.83E-34,-4.73686042137574,6.58E-34,-4.73680346747981,1.53E-33,-4.73692770250793,5.76E-33,-4.73685708654474,1.58E-32
,,,,,,,,,,,,-4.73215613695554,3.07E-34,-4.73211805491362,3.83E-34,-4.7320603733753,6.58E-34,-4.7320034194794,1.53E-33,-4.73212765450743,5.76E-33,-4.73205703854417,1.58E-32
,,,,,,,,,,,,-4.72735608895495,3.07E-34,-4.72731800691319,3.83E-34,-4.72726032537475,6.59E-34,-4.727203371479,1.53E-33,-4.72732760650692,5.76E-33,-4.72725699054376,1.58E-32
,,,,,,,,,,,,-4.72255604095454,3.07E-34,-4.72251795891261,3.83E-34,-4.7224602773743,6.59E-34,-4.72240332347839,1.53E-33,-4.72252755850652,5.76E-33,-4.72245694254327,1.58E-32
,,,,,,,,,,,,-4.7177559929541,3.07E-34,-4.71771791091219,3.84E-34,-4.71766022937389,6.59E-34,-4.71760327547797,1.53E-33,-4.71772751050597,5.76E-33,-4.71765689454274,1.58E-32
,,,,,,,,,,,,-4.71295594495349,3.08E-34,-4.71291786291176,3.84E-34,-4.71286018137328,6.59E-34,-4.71280322747753,1.53E-33,-4.71292746250549,5.76E-33,-4.71285684654235,1.58E-32
,,,,,,,,,,,,-4.70815589695311,3.08E-34,-4.70811781491114,3.84E-34,-4.70806013337287,6.59E-34,-4.70800317947697,1.53E-33,-4.7081274145051,5.76E-33,-4.7080567985418,1.58E-32
,,,,,,,,,,,,-4.70335584895267,3.08E-34,-4.70331776691076,3.84E-34,-4.70326008537247,6.59E-34,-4.70320313147655,1.53E-33,-4.70332736650451,5.76E-33,-4.70325675054131,1.58E-32
,,,,,,,,,,,,-4.69855580095205,3.08E-34,-4.69851771891032,3.84E-34,-4.69846003737183,6.59E-34,-4.69840308347604,1.53E-33,-4.69852731850405,5.76E-33,-4.69845670254092,1.58E-32
,,,,,,,,,,,,-4.69375575295167,3.09E-34,-4.69371767090971,3.84E-34,-4.69365998937144,6.59E-34,-4.69360303547554,1.53E-33,-4.69372727050366,5.76E-33,-4.69365665454035,1.58E-32
,,,,,,,,,,,,-4.68895570495121,3.09E-34,-4.68891762290933,3.84E-34,-4.68885994137101,6.59E-34,-4.68880298747512,1.53E-33,-4.68892722250304,5.76E-33,-4.68885660653987,1.58E-32
,,,,,,,,,,,,-4.68415565695062,3.09E-34,-4.68411757490887,3.85E-34,-4.6840598933704,6.59E-34,-4.68400293947459,1.53E-33,-4.68412717450261,5.76E-33,-4.68405655853948,1.58E-32
,,,,,,,,,,,,-4.67935560895024,3.09E-34,-4.67931752690827,3.85E-34,-4.67925984537,6.59E-34,-4.6792028914741,1.53E-33,-4.67932712650223,5.76E-33,-4.67925651053889,1.58E-32
,,,,,,,,,,,,-4.67455556094975,3.09E-34,-4.67451747890789,3.85E-34,-4.67445979736954,6.59E-34,-4.67440284347371,1.53E-33,-4.67452707850161,5.76E-33,-4.67445646253843,1.58E-32
,,,,,,,,,,,,-4.66975551294921,3.10E-34,-4.6697174309074,3.85E-34,-4.66965974936899,6.60E-34,-4.66960279547312,1.53E-33,-4.66972703050117,5.76E-33,-4.66965641453805,1.58E-32
,,,,,,,,,,,,-4.6649554649488,3.10E-34,-4.66491738290686,3.85E-34,-4.66485970136857,6.60E-34,-4.66480274747267,1.53E-33,-4.66492698250076,5.76E-33,-4.66485636653744,1.58E-32
,,,,,,,,,,,,-4.66015541694828,3.10E-34,-4.66011733490646,3.85E-34,-4.66005965336805,6.60E-34,-4.66000269947228,1.53E-33,-4.66012693450018,5.76E-33,-4.66005631853701,1.58E-32
,,,,,,,,,,,,-4.6553553689478,3.10E-34,-4.65531728690593,3.85E-34,-4.65525960536757,6.60E-34,-4.65520265147166,1.53E-33,-4.65532688649976,5.76E-33,-4.65525627053659,1.58E-32
,,,,,,,,,,,,-4.65055532094737,3.10E-34,-4.65051723890545,3.86E-34,-4.65045955736714,6.60E-34,-4.65040260347124,1.53E-33,-4.65052683849928,5.76E-33,-4.650456222536,1.58E-32
,,,,,,,,,,,,-4.64575527294681,3.11E-34,-4.64571719090503,3.86E-34,-4.6456595093666,6.60E-34,-4.64560255547085,1.53E-33,-4.64572679049874,5.76E-33,-4.6456561745356,1.58E-32
,,,,,,,,,,,,-4.64095522494637,3.11E-34,-4.64091714290447,3.86E-34,-4.64085946136614,6.60E-34,-4.64080250747023,1.53E-33,-4.64092674249835,5.76E-33,-4.64085612653511,1.58E-32
,,,,,,,,,,,,-4.63615517694595,3.11E-34,-4.63611709490403,3.86E-34,-4.63605941336572,6.60E-34,-4.6360024594698,1.53E-33,-4.63612669449783,5.76E-33,-4.63605607853456,1.58E-32
,,,,,,,,,,,,-4.63135512894534,3.11E-34,-4.6313170469036,3.86E-34,-4.63125936536513,6.60E-34,-4.63120241146938,1.53E-33,-4.63132664649731,5.76E-33,-4.63125603053418,1.58E-32
,,,,,,,,,,,,-4.62655508094494,3.12E-34,-4.626516998903,3.86E-34,-4.6264593173647,6.60E-34,-4.62640236346881,1.53E-33,-4.62652659849693,5.76E-33,-4.62645598253366,1.58E-32
,,,,,,,,,,,,-4.6217550329445,3.12E-34,-4.6217169509026,3.87E-34,-4.62165926936431,6.60E-34,-4.62160231546838,1.53E-33,-4.62172655049637,5.76E-33,-4.62165593453313,1.58E-32
,,,,,,,,,,,,-4.61695498494389,3.12E-34,-4.61691690290216,3.87E-34,-4.61685922136365,6.60E-34,-4.6168022674679,1.53E-33,-4.61692650249588,5.76E-33,-4.61685588653275,1.58E-32
,,,,,,,,,,,,-4.6121549369435,3.12E-34,-4.61211685490154,3.87E-34,-4.61205917336327,6.61E-34,-4.61200221946737,1.53E-33,-4.6121264544955,5.76E-33,-4.61205583853221,1.58E-32
,,,,,,,,,,,,-4.60735488894307,3.12E-34,-4.60731680690115,3.87E-34,-4.60725912536286,6.61E-34,-4.60720217146696,1.53E-33,-4.60732640649491,5.76E-33,-4.6072557905317,1.58E-32
,,,,,,,,,,,,-4.60255484094245,3.13E-34,-4.60251675890073,3.87E-34,-4.60245907736224,6.61E-34,-4.60240212346644,1.53E-33,-4.60252635849444,5.76E-33,-4.60245574253132,1.58E-32
,,,,,,,,,,,,-4.59775479294206,3.13E-34,-4.59771671090011,3.87E-34,-4.59765902936184,6.61E-34,-4.59760207546594,1.53E-33,-4.59772631049405,5.76E-33,-4.59765569453076,1.58E-32
,,,,,,,,,,,,-4.5929547449416,3.13E-34,-4.59291666289972,3.87E-34,-4.59285898136139,6.61E-34,-4.59280202746555,1.53E-33,-4.59292626249347,5.76E-33,-4.59285564653026,1.58E-32
,,,,,,,,,,,,-4.58815469694104,3.13E-34,-4.58811661489926,3.88E-34,-4.58805893336083,6.61E-34,-4.58800197946498,1.53E-33,-4.58812621449302,5.76E-33,-4.58805559852987,1.58E-32
,,,,,,,,,,,,-4.58335464894063,3.14E-34,-4.5833165668987,3.88E-34,-4.5832588853604,6.61E-34,-4.58320193146449,1.53E-33,-4.58332616649261,5.76E-33,-4.5832555505293,1.58E-32
,,,,,,,,,,,,-4.57855460094012,3.14E-34,-4.57851651889828,3.88E-34,-4.57845883735991,6.61E-34,-4.57840188346411,1.53E-33,-4.57852611849201,5.76E-33,-4.57845550252885,1.58E-32
,,,,,,,,,,,,-4.57375455293963,3.14E-34,-4.57371647089778,3.88E-34,-4.57365878935941,6.61E-34,-4.57360183546352,1.53E-33,-4.5737260704916,5.76E-33,-4.57365545452844,1.58E-32
,,,,,,,,,,,,-4.56895450493919,3.14E-34,-4.56891642289729,3.88E-34,-4.56885874135897,6.61E-34,-4.56880178746306,1.53E-33,-4.56892602249113,5.76E-33,-4.56885540652783,1.58E-32
,,,,,,,,,,,,-4.56415445693867,3.14E-34,-4.56411637489685,3.88E-34,-4.56405869335845,6.61E-34,-4.56400173946268,1.53E-33,-4.56412597449058,5.76E-33,-4.56405535852743,1.58E-32
,,,,,,,,,,,,-4.5593544089382,3.15E-34,-4.55931632689632,3.89E-34,-4.55925864535797,6.62E-34,-4.55920169146209,1.53E-33,-4.55932592649019,5.76E-33,-4.55925531052696,1.58E-32
,,,,,,,,,,,,-4.55455436093778,3.15E-34,-4.55451627889585,3.89E-34,-4.55445859735756,6.62E-34,-4.55440164346163,1.53E-33,-4.55452587848967,5.76E-33,-4.5544552625264,1.58E-32
,,,,,,,,,,,,-4.5497543129372,3.15E-34,-4.54971623089544,3.89E-34,-4.54965854935699,6.62E-34,-4.54960159546124,1.53E-33,-4.54972583048914,5.76E-33,-4.54965521452601,1.58E-32
,,,,,,,,,,,,-4.54495426493676,3.15E-34,-4.54491618289486,3.89E-34,-4.54485850135653,6.62E-34,-4.54480154746063,1.53E-33,-4.54492578248875,5.76E-33,-4.54485516652552,1.58E-32
,,,,,,,,,,,,-4.54015421693637,3.16E-34,-4.54011613489442,3.89E-34,-4.54005845335615,6.62E-34,-4.54000149946022,1.53E-33,-4.54012573448823,5.76E-33,-4.54005511852497,1.58E-32
,,,,,,,,,,,,-4.53535416893572,3.16E-34,-4.53531608689403,3.89E-34,-4.53525840535551,6.62E-34,-4.53520145145976,1.53E-33,-4.53532568648771,5.76E-33,-4.53525507052457,1.58E-32
,,,,,,,,,,,,-4.53055412093533,3.16E-34,-4.53051603889338,3.89E-34,-4.53045835735509,6.62E-34,-4.5304014034592,1.53E-33,-4.53052563848732,5.76E-33,-4.53045502252407,1.58E-32
,,,,,,,,,,,,-4.52575407293492,3.16E-34,-4.52571599089299,3.90E-34,-4.52565830935472,6.62E-34,-4.5256013554588,1.53E-33,-4.52572559048677,5.76E-33,-4.52565497452353,1.58E-32
,,,,,,,,,,,,-4.5209540249343,3.17E-34,-4.52091594289257,3.90E-34,-4.52085826135407,6.62E-34,-4.5208013074583,1.53E-33,-4.52092554248628,5.76E-33,-4.52085492652314,1.58E-32
,,,,,,,,,,,,-4.5161539769339,3.17E-34,-4.51611589489195,3.90E-34,-4.51605821335366,6.62E-34,-4.51600125945776,1.53E-33,-4.51612549448589,5.76E-33,-4.51605487852261,1.58E-32
,,,,,,,,,,,,-4.51135392893345,3.17E-34,-4.51131584689155,3.90E-34,-4.51125816535325,6.62E-34,-4.51120121145738,1.53E-33,-4.51132544648533,5.76E-33,-4.5112548305221,1.58E-32
,,,,,,,,,,,,-4.50655388093288,3.17E-34,-4.50651579889111,3.90E-34,-4.50645811735266,6.63E-34,-4.50640116345684,1.53E-33,-4.50652539848485,5.76E-33,-4.50645478252171,1.58E-32
,,,,,,,,,,,,-4.50175383293246,3.17E-34,-4.50171575089053,3.90E-34,-4.50165806935223,6.63E-34,-4.50160111545633,1.53E-33,-4.50172535048445,5.76E-33,-4.50165473452116,1.58E-32
,,,,,,,,,,,,-4.49695378493197,3.18E-34,-4.49691570289012,3.91E-34,-4.49685802135177,6.63E-34,-4.49680106745594,1.53E-33,-4.49692530248386,5.76E-33,-4.49685468652069,1.58E-32
,,,,,,,,,,,,-4.49215373693147,3.18E-34,-4.49211565488963,3.91E-34,-4.49205797335123,6.63E-34,-4.49200101945539,1.53E-33,-4.49212525448343,5.76E-33,-4.49205463852027,1.58E-32
,,,,,,,,,,,,-4.48735368893103,3.18E-34,-4.48731560688912,3.91E-34,-4.48725792535082,6.63E-34,-4.48720097145489,1.53E-33,-4.48732520648299,5.76E-33,-4.48725459051969,1.58E-32
,,,,,,,,,,,,-4.48255364093051,3.18E-34,-4.48251555888869,3.91E-34,-4.48245787735031,6.63E-34,-4.4824009234545,1.53E-33,-4.48252515848241,5.76E-33,-4.48245454251926,1.58E-32
,,,,,,,,,,,,-4.47775359293003,3.19E-34,-4.47771551088817,3.91E-34,-4.4776578293498,6.63E-34,-4.47760087545394,1.53E-33,-4.47772511048202,5.76E-33,-4.47765449451882,1.58E-32
,,,,,,,,,,,,-4.47295354492962,3.19E-34,-4.47291546288769,3.91E-34,-4.4728577813494,6.63E-34,-4.47280082745346,1.53E-33,-4.47292506248153,5.76E-33,-4.47285444651823,1.58E-32
,,,,,,,,,,,,-4.46815349692905,3.19E-34,-4.46811541488727,3.92E-34,-4.46805773334884,6.63E-34,-4.46800077945307,1.53E-33,-4.46812501448097,5.76E-33,-4.46805439851784,1.58E-32
,,,,,,,,,,,,-4.4633534489286,3.19E-34,-4.4633153668867,3.92E-34,-4.46325768534836,6.63E-34,-4.46320073145247,1.53E-33,-4.46332496648059,5.76E-33,-4.46325435051737,1.58E-32
,,,,,,,,,,,,-4.45855340092821,3.20E-34,-4.45851531888625,3.92E-34,-4.45845763734797,6.63E-34,-4.45840068345205,1.53E-33,-4.45852491848008,5.76E-33,-4.45845430251679,1.58E-32
,,,,,,,,,,,,-4.45375335292757,3.20E-34,-4.45371527088586,3.92E-34,-4.45365758934738,6.64E-34,-4.4536006354516,1.53E-33,-4.45372487047953,5.76E-33,-4.45365425451641,1.58E-32
,,,,,,,,,,,,-4.44895330492717,3.20E-34,-4.44891522288522,3.92E-34,-4.44885754134693,6.64E-34,-4.44880058745103,1.53E-33,-4.44892482247915,5.76E-33,-4.44885420651593,1.58E-32
,,,,,,,,,,,,-4.44415325692677,3.20E-34,-4.44411517488482,3.92E-34,-4.44405749334654,6.64E-34,-4.44400053945064,1.53E-33,-4.44412477447863,5.76E-33,-4.44405415851535,1.58E-32
,,,,,,,,,,,,-4.43935320892613,3.21E-34,-4.43931512688443,3.93E-34,-4.43925744534593,6.64E-34,-4.43920049145015,1.53E-33,-4.4393247264781,5.76E-33,-4.43925411051498,1.58E-32
,,,,,,,,,,,,-4.43455316092573,3.21E-34,-4.43451507888379,3.93E-34,-4.4344573973455,6.64E-34,-4.4344004434496,1.53E-33,-4.43452467847772,5.76E-33,-4.43445406251446,1.58E-32
,,,,,,,,,,,,-4.42975311292531,3.21E-34,-4.42971503088339,3.93E-34,-4.42965734934509,6.64E-34,-4.42960039544921,1.53E-33,-4.42972463047717,5.76E-33,-4.42965401451393,1.58E-32
,,,,,,,,,,,,-4.42495306492472,3.21E-34,-4.42491498288296,3.93E-34,-4.4248573013445,6.64E-34,-4.4248003474487,1.53E-33,-4.42492458247669,5.76E-33,-4.42485396651354,1.58E-32
,,,,,,,,,,,,-4.42015301692429,3.22E-34,-4.42011493488238,3.93E-34,-4.42005725334406,6.64E-34,-4.42000029944816,1.53E-33,-4.42012453447629,5.76E-33,-4.420053918513,1.58E-32
,,,,,,,,,,,,-4.41535296892383,3.22E-34,-4.41531488688194,3.93E-34,-4.41525720534361,6.64E-34,-4.41520025144777,1.53E-33,-4.4153244864757,5.76E-33,-4.41525387051252,1.58E-32
,,,,,,,,,,,,-4.4105529209233,3.22E-34,-4.41051483888148,3.94E-34,-4.41045715734306,6.64E-34,-4.41040020344725,1.53E-33,-4.41052443847528,5.76E-33,-4.41045382251211,1.58E-32
,,,,,,,,,,,,-4.40575287292287,3.22E-34,-4.40571479088096,3.94E-34,-4.40565710934265,6.65E-34,-4.40560015544673,1.53E-33,-4.40572439047484,5.76E-33,-4.40565377451154,1.58E-32
,,,,,,,,,,,,-4.40095282492237,3.23E-34,-4.40091474288052,3.94E-34,-4.40085706134216,6.65E-34,-4.40080010744634,1.53E-33,-4.40092434247424,5.76E-33,-4.40085372651111,1.58E-32
,,,,,,,,,,,,-4.39615277692186,3.23E-34,-4.39611469488003,3.94E-34,-4.39605701334163,6.65E-34,-4.3960000594458,1.53E-33,-4.39612429447386,5.76E-33,-4.39605367851068,1.58E-32
,,,,,,,,,,,,-4.39135272892145,3.23E-34,-4.39131464687951,3.94E-34,-4.39125696534124,6.65E-34,-4.3912000114453,1.53E-33,-4.3913242464734,5.76E-33,-4.39125363051006,1.58E-32
,,,,,,,,,,,,-4.3865526809209,3.23E-34,-4.38651459887911,3.95E-34,-4.38645691734069,6.65E-34,-4.38639996344491,1.53E-33,-4.3865241984728,5.76E-33,-4.38645358250968,1.58E-32
,,,,,,,,,,,,-4.38175263292042,3.24E-34,-4.38171455087856,3.95E-34,-4.3816568693402,6.65E-34,-4.38159991544432,1.53E-33,-4.38172415047241,5.76E-33,-4.38165353450924,1.58E-32
,,,,,,,,,,,,-4.37695258492004,3.24E-34,-4.37691450287808,3.95E-34,-4.37685682133981,6.65E-34,-4.37679986744389,1.53E-33,-4.37692410247194,5.76E-33,-4.37685348650862,1.58E-32
,,,,,,,,,,,,-4.37215253691943,3.24E-34,-4.3721144548777,3.95E-34,-4.37205677333923,6.65E-34,-4.37199981944346,1.53E-33,-4.37212405447137,5.76E-33,-4.37205343850823,1.58E-32
,,,,,,,,,,,,-4.36735248891899,3.24E-34,-4.36731440687708,3.95E-34,-4.36725672533876,6.65E-34,-4.36719977144285,1.53E-33,-4.36732400647098,5.76E-33,-4.36725339050778,1.58E-32
,,,,,,,,,,,,-4.36255244091861,3.25E-34,-4.36251435887664,3.95E-34,-4.36245667733837,6.65E-34,-4.36239972344247,1.53E-33,-4.36252395847049,5.76E-33,-4.36245334250719,1.58E-32
,,,,,,,,,,,,-4.35775239291799,3.25E-34,-4.35771431087627,3.96E-34,-4.3576566293378,6.66E-34,-4.35759967544199,1.53E-33,-4.35772391046994,5.76E-33,-4.3576532945068,1.58E-32
,,,,,,,,,,,,-4.35295234491756,3.25E-34,-4.35291426287565,3.96E-34,-4.35285658133732,6.66E-34,-4.35279962744142,1.53E-33,-4.35292386246955,5.76E-33,-4.35285324650632,1.58E-32
,,,,,,,,,,,,-4.34815229691716,3.25E-34,-4.34811421487521,3.96E-34,-4.34805653333694,6.66E-34,-4.34799957944104,1.53E-33,-4.34812381446902,5.76E-33,-4.34805319850577,1.58E-32
,,,,,,,,,,,,-4.34335224891656,3.26E-34,-4.34331416687482,3.96E-34,-4.34325648533633,6.66E-34,-4.34319953144056,1.53E-33,-4.34332376646852,5.76E-33,-4.34325315050537,1.58E-32
,,,,,,,,,,,,-4.33855220091612,3.26E-34,-4.33851411887421,3.96E-34,-4.3384564373359,6.66E-34,-4.33839948343999,1.53E-33,-4.33852371846811,5.76E-33,-4.33845310250485,1.58E-32
,,,,,,,,,,,,-4.33375215291569,3.26E-34,-4.33371407087378,3.97E-34,-4.33365638933547,6.66E-34,-4.33359943543961,1.53E-33,-4.33372367046756,5.76E-33,-4.33365305450436,1.58E-32
,,,,,,,,,,,,-4.32895210491512,3.27E-34,-4.32891402287334,3.97E-34,-4.32885634133489,6.66E-34,-4.3287993874391,1.53E-33,-4.32892362246711,5.76E-33,-4.32885300650393,1.58E-32
,,,,,,,,,,,,-4.32415205691471,3.27E-34,-4.32411397487278,3.97E-34,-4.32405629333449,6.66E-34,-4.32399933943855,1.53E-33,-4.32412357446668,5.76E-33,-4.32405295850339,1.58E-32
,,,,,,,,,,,,-4.31935200891423,3.27E-34,-4.31931392687237,3.97E-34,-4.319256245334,6.66E-34,-4.31919929143817,1.53E-33,-4.31932352646608,5.76E-33,-4.31925291050293,1.58E-32
,,,,,,,,,,,,-4.31455196091369,3.27E-34,-4.31451387887189,3.97E-34,-4.31445619733345,6.66E-34,-4.31439924343764,1.53E-33,-4.31452347846568,5.76E-33,-4.31445286250251,1.58E-32
,,,,,,,,,,,,-4.30975191291329,3.28E-34,-4.30971383087135,3.97E-34,-4.30965614933308,6.67E-34,-4.30959919543714,1.53E-33,-4.30972343046524,5.76E-33,-4.30965281450191,1.58E-32
,,,,,,,,,,,,-4.30495186491275,3.28E-34,-4.30491378287094,3.98E-34,-4.30485610133255,6.67E-34,-4.30479914743674,1.53E-33,-4.30492338246464,5.76E-33,-4.3048527665015,1.58E-32
,,,,,,,,,,,,-4.30015181691226,3.28E-34,-4.30011373487041,3.98E-34,-4.30005605333202,6.67E-34,-4.29999909943618,1.53E-33,-4.30012333446425,5.76E-33,-4.30005271850109,1.58E-32
,,,,,,,,,,,,-4.29535176891187,3.28E-34,-4.29531368686991,3.98E-34,-4.29525600533164,6.67E-34,-4.29519905143573,1.53E-33,-4.29532328646381,5.76E-33,-4.29525267050046,1.58E-32
,,,,,,,,,,,,-4.29055172091128,3.29E-34,-4.29051363886952,3.98E-34,-4.29045595733109,6.67E-34,-4.29039900343531,1.53E-33,-4.2905232384632,5.76E-33,-4.29045262250007,1.58E-32
,,,,,,,,,,,,-4.28575167291082,3.29E-34,-4.28571359086894,3.98E-34,-4.28565590933059,6.67E-34,-4.2855989554347,1.53E-33,-4.28572319046281,5.76E-33,-4.28565257449965,1.58E-32
,,,,,,,,,,,,-4.28095162491043,3.29E-34,-4.28091354286848,3.99E-34,-4.28085586133021,6.67E-34,-4.2807989074343,1.53E-33,-4.28092314246234,5.76E-33,-4.28085252649903,1.58E-32
,,,,,,,,,,,,-4.27615157690984,3.30E-34,-4.27611349486809,3.99E-34,-4.27605581332965,6.67E-34,-4.27599885943385,1.53E-33,-4.27612309446177,5.76E-33,-4.27605247849863,1.58E-32
,,,,,,,,,,,,-4.27135152890939,3.30E-34,-4.27131344686749,3.99E-34,-4.27125576532915,6.67E-34,-4.27119881143326,1.53E-33,-4.27132304646138,5.76E-33,-4.27125243049818,1.58E-32
,,,,,,,,,,,,-4.266551480909,3.30E-34,-4.26651339886705,3.99E-34,-4.26645571732877,6.68E-34,-4.26639876343286,1.53E-33,-4.26652299846086,5.76E-33,-4.2664523824976,1.58E-32
,,,,,,,,,,,,-4.2617514329084,3.30E-34,-4.26171335086666,3.99E-34,-4.26165566932819,6.68E-34,-4.26159871543242,1.53E-33,-4.26172295046036,5.76E-33,-4.2616523344972,1.58E-32
,,,,,,,,,,,,-4.25695138490796,3.31E-34,-4.25691330286606,4.00E-34,-4.25685562132774,6.68E-34,-4.25679866743182,1.53E-33,-4.25692290245995,5.76E-33,-4.2568522864967,1.58E-32
,,,,,,,,,,,,-4.25215133690753,3.31E-34,-4.25211325486561,4.00E-34,-4.25205557332733,6.68E-34,-4.25199861943143,1.53E-33,-4.25212285445941,5.76E-33,-4.25205223849619,1.58E-32
,,,,,,,,,,,,-4.24735128890696,3.31E-34,-4.24731320686519,4.00E-34,-4.24725552532672,6.68E-34,-4.24719857143096,1.53E-33,-4.24732280645895,5.76E-33,-4.24725219049577,1.58E-32
,,,,,,,,,,,,-4.24255124090655,3.31E-34,-4.24251315886462,4.00E-34,-4.24245547732632,6.68E-34,-4.24239852343039,1.53E-33,-4.24252275845851,5.76E-33,-4.24245214249524,1.58E-32
,,,,,,,,,,,,-4.23775119290606,3.32E-34,-4.2377131108642,4.00E-34,-4.23765542932585,6.68E-34,-4.23759847543,1.53E-33,-4.23772271045793,5.76E-33,-4.23765209449477,1.58E-32
,,,,,,,,,,,,-4.23295114490553,3.32E-34,-4.23291306286372,4.01E-34,-4.23285538132529,6.68E-34,-4.23279842742949,1.53E-33,-4.23292266245752,5.76E-33,-4.23285204649434,1.58E-32
,,,,,,,,,,,,-4.22815109690513,3.32E-34,-4.22811301486318,4.01E-34,-4.2280553333249,6.68E-34,-4.22799837942898,1.53E-33,-4.2281226144571,5.76E-33,-4.22805199849376,1.58E-32
,,,,,,,,,,,,-4.22335104890461,3.33E-34,-4.22331296686279,4.01E-34,-4.22325528532441,6.69E-34,-4.22319833142856,1.53E-33,-4.22332256645646,5.76E-33,-4.22325195049334,1.58E-32
,,,,,,,,,,,,-4.21855100090409,3.33E-34,-4.21851291886226,4.01E-34,-4.21845523732386,6.69E-34,-4.21839828342804,1.53E-33,-4.21852251845608,5.76E-33,-4.21845190249293,1.58E-32
,,,,,,,,,,,,-4.2137509529037,3.33E-34,-4.21371287086175,4.01E-34,-4.21365518932347,6.69E-34,-4.21359823542757,1.53E-33,-4.21372247045567,5.76E-33,-4.21365185449229,1.58E-32
,,,,,,,,,,,,-4.20895090490315,3.34E-34,-4.20891282286136,4.01E-34,-4.20885514132295,6.69E-34,-4.20879818742713,1.53E-33,-4.20892242245503,5.76E-33,-4.2088518064919,1.58E-32
,,,,,,,,,,,,-4.20415085690265,3.34E-34,-4.20411277486081,4.02E-34,-4.20405509332242,6.69E-34,-4.20399813942656,1.53E-33,-4.20412237445465,5.76E-33,-4.2040517584915,1.58E-32
,,,,,,,,,,,,-4.19935080890227,3.34E-34,-4.1993127268603,4.02E-34,-4.19925504532203,6.69E-34,-4.19919809142613,1.53E-33,-4.19932232645419,5.76E-33,-4.19925171049086,1.58E-32
,,,,,,,,,,,,-4.1945507609017,3.34E-34,-4.19451267885992,4.02E-34,-4.1944549973215,6.69E-34,-4.19439804342572,1.53E-33,-4.19452227845362,5.76E-33,-4.19445166249047,1.58E-32
,,,,,,,,,,,,-4.18975071290121,3.35E-34,-4.18971263085935,4.02E-34,-4.18965494932099,6.69E-34,-4.18959799542508,1.53E-33,-4.18972223045321,5.76E-33,-4.18965161449002,1.58E-32
,,,,,,,,,,,,-4.18495066490083,3.35E-34,-4.18491258285887,4.03E-34,-4.1848549013206,6.69E-34,-4.1847979474247,1.53E-33,-4.18492218245272,5.76E-33,-4.18485156648945,1.58E-32
,,,,,,,,,,,,-4.18015061690025,3.35E-34,-4.18011253485849,4.03E-34,-4.18005485332005,6.70E-34,-4.17999789942429,1.53E-33,-4.18012213445219,5.76E-33,-4.18005151848904,1.58E-32
,,,,,,,,,,,,-4.17535056889979,3.36E-34,-4.17531248685791,4.03E-34,-4.17525480531958,6.70E-34,-4.17519785142365,1.53E-33,-4.17532208645178,5.76E-33,-4.17525147048855,1.58E-32
,,,,,,,,,,,,-4.17055052089939,3.36E-34,-4.17051243885745,4.03E-34,-4.17045475731916,6.70E-34,-4.17039780342327,1.53E-33,-4.17052203845127,5.76E-33,-4.17045142248803,1.58E-32
,,,,,,,,,,,,-4.16575047289878,3.36E-34,-4.16571239085705,4.03E-34,-4.16565470931857,6.70E-34,-4.16559775542281,1.53E-33,-4.16572199045077,5.76E-33,-4.1656513744876,1.58E-32
,,,,,,,,,,,,-4.16095042489838,3.36E-34,-4.16091234285644,4.04E-34,-4.16085466131817,6.70E-34,-4.16079770742222,1.53E-33,-4.16092194245035,5.76E-33,-4.1608513264871,1.58E-32
,,,,,,,,,,,,-4.15615037689792,3.37E-34,-4.15611229485604,4.04E-34,-4.15605461331771,6.70E-34,-4.15599765942183,1.53E-33,-4.15612189444979,5.76E-33,-4.15605127848659,1.58E-32
,,,,,,,,,,,,-4.15135032889735,3.37E-34,-4.15131224685558,4.04E-34,-4.15125456531711,6.70E-34,-4.15119761142134,1.53E-33,-4.15132184644934,5.76E-33,-4.15125123048618,1.58E-32
,,,,,,,,,,,,-4.14655028089697,3.37E-34,-4.146512198855,4.04E-34,-4.14645451731673,6.70E-34,-4.14639756342081,1.53E-33,-4.14652179844894,5.76E-33,-4.14645118248562,1.58E-32
,,,,,,,,,,,,-4.14175023289647,3.38E-34,-4.14171215085463,4.04E-34,-4.14165446931627,6.71E-34,-4.1415975154204,1.53E-33,-4.14172175044832,5.76E-33,-4.14165113448516,1.58E-32
,,,,,,,,,,,,-4.13695018489592,3.38E-34,-4.13691210285412,4.05E-34,-4.13685442131568,6.71E-34,-4.13679746741988,1.53E-33,-4.13692170244791,5.76E-33,-4.13685108648477,1.58E-32
,,,,,,,,,,,,-4.13215013689554,3.38E-34,-4.13211205485357,4.05E-34,-4.1320543733153,6.71E-34,-4.1319974194194,1.53E-33,-4.13212165444753,5.76E-33,-4.13205103848415,1.58E-32
,,,,,,,,,,,,-4.12735008889501,3.39E-34,-4.12731200685319,4.05E-34,-4.12725432531481,6.71E-34,-4.12719737141897,1.53E-33,-4.12732160644686,5.76E-33,-4.12725099048373,1.58E-32
,,,,,,,,,,,,-4.12255004089448,3.39E-34,-4.12251195885266,4.05E-34,-4.12245427731425,6.71E-34,-4.1223973234184,1.53E-33,-4.12252155844647,5.76E-33,-4.12245094248335,1.58E-32
,,,,,,,,,,,,-4.1177499928941,3.39E-34,-4.11771191085214,4.05E-34,-4.11765422931387,6.71E-34,-4.11759727541797,1.53E-33,-4.11772151044605,5.76E-33,-4.11765089448271,1.58E-32
,,,,,,,,,,,,-4.11294994489355,3.40E-34,-4.11291186285176,4.06E-34,-4.11285418131335,6.71E-34,-4.11279722741755,1.53E-33,-4.11292146244545,5.76E-33,-4.11285084648229,1.58E-32
,,,,,,,,,,,,-4.10814989689305,3.40E-34,-4.10811181485121,4.06E-34,-4.10805413331282,6.71E-34,-4.10799717941694,1.53E-33,-4.10812141444504,5.76E-33,-4.10805079848188,1.58E-32
,,,,,,,,,,,,-4.10334984889267,3.40E-34,-4.1033117668507,4.06E-34,-4.10325408531243,6.71E-34,-4.10319713141653,1.53E-33,-4.10332136644458,5.76E-33,-4.10325075048128,1.58E-32
,,,,,,,,,,,,-4.09854980089211,3.40E-34,-4.09851171885033,4.06E-34,-4.09845403731189,6.72E-34,-4.09839708341614,1.53E-33,-4.09852131844404,5.76E-33,-4.09845070248086,1.58E-32
,,,,,,,,,,,,-4.09374975289163,3.41E-34,-4.09371167084976,4.07E-34,-4.09365398931141,6.72E-34,-4.09359703541548,1.53E-33,-4.0937212704436,5.76E-33,-4.09365065448041,1.58E-32
,,,,,,,,,,,,-4.08894970489122,3.41E-34,-4.08891162284928,4.07E-34,-4.088853941311,6.72E-34,-4.0887969874151,1.53E-33,-4.08892122244312,5.76E-33,-4.08885060647986,1.58E-32
,,,,,,,,,,,,-4.08414965689063,3.41E-34,-4.08411157484888,4.07E-34,-4.08405389331042,6.72E-34,-4.08399693941467,1.53E-33,-4.08412117444261,5.76E-33,-4.08405055847944,1.58E-32
,,,,,,,,,,,,-4.07934960889022,3.42E-34,-4.07931152684828,4.07E-34,-4.07925384531,6.72E-34,-4.07919689141406,1.53E-33,-4.07932112644219,5.76E-33,-4.07925051047896,1.58E-32
,,,,,,,,,,,,-4.07454956088977,3.42E-34,-4.07451147884787,4.07E-34,-4.07445379730957,6.72E-34,-4.07439684341366,1.53E-33,-4.07452107844163,5.76E-33,-4.07445046247843,1.58E-32
,,,,,,,,,,,,-4.06974951288918,3.42E-34,-4.06971143084742,4.08E-34,-4.06965374930895,6.72E-34,-4.0695967954132,1.53E-33,-4.06972103044117,5.76E-33,-4.06965041447803,1.58E-32
,,,,,,,,,,,,-4.06494946488879,3.43E-34,-4.06491138284684,4.08E-34,-4.06485370130857,6.72E-34,-4.06479674741265,1.53E-33,-4.06492098244077,5.76E-33,-4.06485036647747,1.58E-32
,,,,,,,,,,,,-4.06014941688832,3.43E-34,-4.06011133484645,4.08E-34,-4.06005365330813,6.73E-34,-4.05999669941222,1.53E-33,-4.06012093444016,5.76E-33,-4.06005031847699,1.58E-32
,,,,,,,,,,,,-4.05534936888775,3.43E-34,-4.05531128684598,4.08E-34,-4.05525360530751,6.73E-34,-4.05519665141173,1.53E-33,-4.05532088643974,5.76E-33,-4.0552502704766,1.58E-32
,,,,,,,,,,,,-4.05054932088736,3.44E-34,-4.05051123884541,4.08E-34,-4.05045355730713,6.73E-34,-4.05039660341122,1.54E-33,-4.05052083843935,5.76E-33,-4.050450222476,1.58E-32
,,,,,,,,,,,,-4.04574927288687,3.44E-34,-4.04571119084502,4.09E-34,-4.04565350930666,6.73E-34,-4.0455965554108,1.54E-33,-4.04572079043871,5.76E-33,-4.04565017447556,1.58E-32
,,,,,,,,,,,,-4.04094922488632,3.44E-34,-4.04091114284452,4.09E-34,-4.04085346130608,6.73E-34,-4.04079650741026,1.54E-33,-4.04092074243831,5.76E-33,-4.04085012647517,1.58E-32
,,,,,,,,,,,,-4.03614917688593,3.45E-34,-4.03611109484397,4.09E-34,-4.03605341330569,6.73E-34,-4.03599645940979,1.54E-33,-4.03612069443789,5.76E-33,-4.03605007847455,1.58E-32
,,,,,,,,,,,,-4.03134912888542,3.45E-34,-4.03131104684358,4.09E-34,-4.03125336530521,6.73E-34,-4.03119641140939,1.54E-33,-4.03132064643729,5.76E-33,-4.03125003047413,1.58E-32
,,,,,,,,,,,,-4.02654908088488,3.45E-34,-4.02651099884308,4.10E-34,-4.02645331730466,6.73E-34,-4.02639636340879,1.54E-33,-4.02652059843687,5.76E-33,-4.02644998247373,1.58E-32
,,,,,,,,,,,,-4.02174903288449,3.46E-34,-4.02171095084254,4.10E-34,-4.02165326930426,6.74E-34,-4.02159631540836,1.54E-33,-4.02172055043643,5.76E-33,-4.02164993447312,1.58E-32
,,,,,,,,,,,,-4.01694898488397,3.46E-34,-4.01691090284215,4.10E-34,-4.01685322130374,6.74E-34,-4.01679626740798,1.54E-33,-4.01692050243588,5.76E-33,-4.01684988647269,1.58E-32
,,,,,,,,,,,,-4.01214893688347,3.46E-34,-4.01211085484162,4.10E-34,-4.01205317330325,6.74E-34,-4.01199621940732,1.54E-33,-4.01212045443544,5.77E-33,-4.01204983847226,1.58E-32
,,,,,,,,,,,,-4.00734888888306,3.47E-34,-4.00731080684113,4.11E-34,-4.00725312530282,6.74E-34,-4.00719617140692,1.54E-33,-4.00732040643495,5.77E-33,-4.0072497904717,1.58E-32
,,,,,,,,,,,,-4.00254884088248,3.47E-34,-4.00251075884071,4.11E-34,-4.00245307730227,6.74E-34,-4.00239612340652,1.54E-33,-4.00252035843444,5.77E-33,-4.00244974247127,1.58E-32
,,,,,,,,,,,,-3.99774879288205,3.47E-34,-3.99771071084013,4.11E-34,-3.99765302930183,6.74E-34,-3.9975960754059,1.54E-33,-3.99772031043403,5.77E-33,-3.99764969447078,1.58E-32
,,,,,,,,,,,,-3.99294874488163,3.48E-34,-3.99291066283971,4.11E-34,-3.9928529813014,6.74E-34,-3.99279602740549,1.54E-33,-3.99292026243349,5.77E-33,-3.99284964647026,1.58E-32
,,,,,,,,,,,,-3.98814869688101,3.48E-34,-3.98811061483928,4.11E-34,-3.9880529333008,6.75E-34,-3.98799597940505,1.54E-33,-3.98812021443301,5.77E-33,-3.98804959846986,1.58E-32
,,,,,,,,,,,,-3.98334864888063,3.48E-34,-3.98331056683866,4.12E-34,-3.98325288530039,6.75E-34,-3.98319593140449,1.54E-33,-3.98332016643262,5.77E-33,-3.98324955046932,1.58E-32
,,,,,,,,,,,,-3.97854860088017,3.49E-34,-3.97851051883828,4.12E-34,-3.97845283729997,6.75E-34,-3.97839588340406,1.54E-33,-3.97852011843202,5.77E-33,-3.97844950246883,1.58E-32
,,,,,,,,,,,,-3.97374855287957,3.49E-34,-3.97371047083782,4.12E-34,-3.97365278929935,6.75E-34,-3.97359583540356,1.54E-33,-3.97372007043158,5.77E-33,-3.97364945446844,1.58E-32
,,,,,,,,,,,,-3.96894850487919,3.49E-34,-3.96891042283723,4.12E-34,-3.96885274129896,6.75E-34,-3.96879578740306,1.54E-33,-3.96892002243118,5.77E-33,-3.96884940646787,1.58E-32
,,,,,,,,,,,,-3.96414845687872,3.50E-34,-3.96411037483685,4.13E-34,-3.96405269329853,6.75E-34,-3.96399573940263,1.54E-33,-3.96411997443055,5.77E-33,-3.9640493584674,1.58E-32
,,,,,,,,,,,,-3.95934840887814,3.50E-34,-3.95931032683638,4.13E-34,-3.95925264529792,6.75E-34,-3.95919569140211,1.54E-33,-3.95931992643013,5.77E-33,-3.959249310467,1.58E-32
,,,,,,,,,,,,-3.95454836087776,3.50E-34,-3.9545102788358,4.13E-34,-3.95445259729752,6.75E-34,-3.95439564340163,1.54E-33,-3.95451987842975,5.77E-33,-3.9544492624664,1.58E-32
,,,,,,,,,,,,-3.94974831287727,3.51E-34,-3.94971023083542,4.13E-34,-3.94965254929707,6.76E-34,-3.94959559540122,1.54E-33,-3.94971983042912,5.77E-33,-3.94964921446595,1.58E-32
,,,,,,,,,,,,-3.94494826487672,3.51E-34,-3.94491018283492,4.14E-34,-3.9448525012965,6.76E-34,-3.94479554740064,1.54E-33,-3.9449197824287,5.77E-33,-3.94484916646557,1.58E-32
,,,,,,,,,,,,-3.94014821687633,3.52E-34,-3.94011013483437,4.14E-34,-3.94005245329609,6.76E-34,-3.93999549940019,1.54E-33,-3.94011973442828,5.77E-33,-3.94004911846496,1.58E-32
,,,,,,,,,,,,-3.93534816887579,3.52E-34,-3.93531008683398,4.14E-34,-3.93525240529558,6.76E-34,-3.9351954513998,1.54E-33,-3.9353196864277,5.77E-33,-3.93524907046452,1.58E-32
,,,,,,,,,,,,-3.93054812087531,3.52E-34,-3.93051003883344,4.14E-34,-3.93045235729508,6.76E-34,-3.93039540339917,1.54E-33,-3.93051963842727,5.77E-33,-3.93044902246411,1.58E-32
,,,,,,,,,,,,-3.92574807287489,3.53E-34,-3.92570999083296,4.15E-34,-3.92565230929466,6.76E-34,-3.92559535539876,1.54E-33,-3.9257195904268,5.77E-33,-3.92564897446352,1.58E-32
,,,,,,,,,,,,-3.92094802487433,3.53E-34,-3.92090994283255,4.15E-34,-3.92085226129412,6.76E-34,-3.92079530739837,1.54E-33,-3.92091954242627,5.77E-33,-3.92084892646311,1.58E-32
,,,,,,,,,,,,-3.9161479768739,3.53E-34,-3.91610989483199,4.15E-34,-3.91605221329366,6.77E-34,-3.91599525939774,1.54E-33,-3.91611949442586,5.77E-33,-3.91604887846264,1.58E-32
,,,,,,,,,,,,-3.91134792887346,3.54E-34,-3.91130984683155,4.15E-34,-3.91125216529324,6.77E-34,-3.91119521139733,1.54E-33,-3.91131944642535,5.77E-33,-3.91124883046209,1.58E-32
,,,,,,,,,,,,-3.90654788087287,3.54E-34,-3.90650979883112,4.16E-34,-3.90645211729265,6.77E-34,-3.9063951633969,1.54E-33,-3.90651939842483,5.77E-33,-3.9064487824617,1.58E-32
,,,,,,,,,,,,-3.90174783287246,3.54E-34,-3.90170975083052,4.16E-34,-3.90165206929223,6.77E-34,-3.90159511539633,1.54E-33,-3.90171935042445,5.77E-33,-3.90164873446118,1.58E-32
,,,,,,,,,,,,-3.89694778487202,3.55E-34,-3.89690970283012,4.16E-34,-3.89685202129182,6.77E-34,-3.89679506739589,1.54E-33,-3.89691930242388,5.77E-33,-3.89684868646065,1.58E-32
,,,,,,,,,,,,-3.89214773687141,3.55E-34,-3.89210965482967,4.16E-34,-3.89205197329117,6.77E-34,-3.89199501939542,1.54E-33,-3.8921192544234,5.77E-33,-3.89204863846027,1.58E-32
,,,,,,,,,,,,-3.88734768887102,3.55E-34,-3.88730960682906,4.17E-34,-3.88725192529079,6.77E-34,-3.88719497139489,1.54E-33,-3.88731920642302,5.77E-33,-3.88724859045972,1.58E-32
,,,,,,,,,,,,-3.88254764087058,3.56E-34,-3.88250955882867,4.17E-34,-3.88245187729038,6.78E-34,-3.88239492339448,1.54E-33,-3.88251915842242,5.77E-33,-3.88244854245922,1.58E-32
,,,,,,,,,,,,-3.87774759286998,3.56E-34,-3.87770951082824,4.17E-34,-3.87765182928975,6.78E-34,-3.87759487539397,1.54E-33,-3.87771911042196,5.77E-33,-3.87764849445884,1.58E-32
,,,,,,,,,,,,-3.87294754486958,3.57E-34,-3.87290946282763,4.17E-34,-3.87285178128936,6.78E-34,-3.87279482739346,1.54E-33,-3.87291906242159,5.77E-33,-3.87284844645827,1.58E-32
,,,,,,,,,,,,-3.86814749686913,3.57E-34,-3.86810941482724,4.18E-34,-3.86805173328891,6.78E-34,-3.86799477939306,1.54E-33,-3.86811901442099,5.77E-33,-3.86804839845779,1.58E-32
,,,,,,,,,,,,-3.86334744886855,3.57E-34,-3.86330936682678,4.18E-34,-3.86325168528834,6.78E-34,-3.8631947313925,1.54E-33,-3.86331896642053,5.77E-33,-3.86324835045741,1.58E-32
,,,,,,,,,,,,-3.85854740086815,3.58E-34,-3.85850931882621,4.18E-34,-3.85845163728793,6.78E-34,-3.85839468339202,1.54E-33,-3.85851891842013,5.77E-33,-3.85844830245682,1.58E-32
,,,,,,,,,,,,-3.85374735286765,3.58E-34,-3.85370927082581,4.18E-34,-3.85365158928743,6.78E-34,-3.85359463539164,1.54E-33,-3.85371887041953,5.77E-33,-3.85364825445636,1.58E-32
,,,,,,,,,,,,-3.84894730486714,3.58E-34,-3.8489092228253,4.19E-34,-3.84885154128693,6.79E-34,-3.84879458739103,1.54E-33,-3.84891882241911,5.77E-33,-3.84884820645596,1.58E-32
,,,,,,,,,,,,-3.84414725686672,3.59E-34,-3.8441091748248,4.19E-34,-3.84405149328649,6.79E-34,-3.84399453939058,1.54E-33,-3.84411877441865,5.77E-33,-3.84404815845535,1.58E-32
,,,,,,,,,,,,-3.83934720886619,3.59E-34,-3.83930912682437,4.19E-34,-3.83925144528598,6.79E-34,-3.8391944913902,1.54E-33,-3.8393187264181,5.77E-33,-3.83924811045494,1.58E-32
,,,,,,,,,,,,-3.83454716086572,3.60E-34,-3.83450907882385,4.19E-34,-3.83445139728549,6.79E-34,-3.8343944433896,1.54E-33,-3.8345186784177,5.77E-33,-3.83444806245448,1.58E-32
,,,,,,,,,,,,-3.8297471128653,3.60E-34,-3.82970903082338,4.20E-34,-3.82965134928507,6.79E-34,-3.82959439538915,1.54E-33,-3.82971863041719,5.77E-33,-3.82964801445392,1.58E-32
,,,,,,,,,,,,-3.82494706486472,3.60E-34,-3.82490898282295,4.20E-34,-3.82485130128451,6.79E-34,-3.82479434738876,1.54E-33,-3.82491858241667,5.77E-33,-3.82484796645353,1.58E-32
,,,,,,,,,,,,-3.82014701686429,3.61E-34,-3.82010893482238,4.20E-34,-3.82005125328405,6.80E-34,-3.81999429938815,1.54E-33,-3.82011853441628,5.77E-33,-3.82004791845303,1.58E-32
,,,,,,,,,,,,-3.81534696886388,3.61E-34,-3.81530888682194,4.21E-34,-3.81525120528366,6.80E-34,-3.81519425138773,1.54E-33,-3.81531848641574,5.77E-33,-3.81524787045249,1.58E-32
,,,,,,,,,,,,-3.81054692086324,3.62E-34,-3.81050883882154,4.21E-34,-3.81045115728303,6.80E-34,-3.81039420338728,1.54E-33,-3.81051843841523,5.77E-33,-3.8104478224521,1.58E-32
,,,,,,,,,,,,-3.80574687286285,3.62E-34,-3.8057087908209,4.21E-34,-3.80565110928262,6.80E-34,-3.80559415538672,1.54E-33,-3.80571839041484,5.77E-33,-3.80564777445158,1.58E-32
,,,,,,,,,,,,-3.80094682486245,3.62E-34,-3.80090874282051,4.21E-34,-3.80085106128224,6.80E-34,-3.80079410738632,1.54E-33,-3.80091834241428,5.77E-33,-3.80084772645105,1.58E-32
,,,,,,,,,,,,-3.79614677686181,3.63E-34,-3.79610869482011,4.22E-34,-3.79605101328159,6.80E-34,-3.79599405938582,1.54E-33,-3.7961182944138,5.77E-33,-3.79604767845066,1.58E-32
,,,,,,,,,,,,-3.79134672886142,3.63E-34,-3.79130864681947,4.22E-34,-3.79125096528118,6.80E-34,-3.79119401138528,1.54E-33,-3.79131824641341,5.77E-33,-3.79124763045012,1.58E-32
,,,,,,,,,,,,-3.78654668086097,3.64E-34,-3.78650859881908,4.22E-34,-3.78645091728077,6.81E-34,-3.78639396338491,1.54E-33,-3.78651819841285,5.77E-33,-3.78644758244962,1.58E-32
,,,,,,,,,,,,-3.78174663286039,3.64E-34,-3.78170855081863,4.22E-34,-3.78165086928017,6.81E-34,-3.78159391538436,1.54E-33,-3.78171815041237,5.77E-33,-3.78164753444923,1.58E-32
,,,,,,,,,,,,-3.77694658485999,3.64E-34,-3.77690850281804,4.23E-34,-3.77685082127975,6.81E-34,-3.77679386738385,1.54E-33,-3.77691810241198,5.77E-33,-3.77684748644868,1.58E-32
,,,,,,,,,,,,-3.77214653685949,3.65E-34,-3.77210845481764,4.23E-34,-3.77205077327929,6.81E-34,-3.77199381938346,1.54E-33,-3.77211805441138,5.77E-33,-3.7720474384482,1.58E-32
,,,,,,,,,,,,-3.76734648885898,3.65E-34,-3.76730840681715,4.23E-34,-3.76725072527875,6.81E-34,-3.7671937713829,1.54E-33,-3.76731800641094,5.77E-33,-3.7672473904478,1.58E-32
,,,,,,,,,,,,-3.76254644085855,3.66E-34,-3.76250835881663,4.24E-34,-3.76245067727833,6.81E-34,-3.76239372338242,1.54E-33,-3.76251795841051,5.77E-33,-3.76244734244721,1.58E-32
,,,,,,,,,,,,-3.75774639285804,3.66E-34,-3.75770831081621,4.24E-34,-3.75765062927783,6.82E-34,-3.75759367538203,1.54E-33,-3.75771791040994,5.77E-33,-3.75764729444678,1.58E-32
,,,,,,,,,,,,-3.75294634485756,3.66E-34,-3.75290826281569,4.24E-34,-3.75285058127732,6.82E-34,-3.75279362738145,1.54E-33,-3.75291786240953,5.77E-33,-3.75284724644634,1.58E-32
,,,,,,,,,,,,-3.74814629685713,3.67E-34,-3.74810821481521,4.24E-34,-3.74805053327692,6.82E-34,-3.74799357938098,1.54E-33,-3.74811781440905,5.77E-33,-3.74804719844576,1.58E-32
,,,,,,,,,,,,-3.74334624885657,3.67E-34,-3.74330816681479,4.25E-34,-3.74325048527637,6.82E-34,-3.74319353138059,1.54E-33,-3.74331776640849,5.77E-33,-3.74324715044537,1.58E-32
,,,,,,,,,,,,-3.73854620085612,3.68E-34,-3.73850811881422,4.25E-34,-3.73845043727588,6.82E-34,-3.73839348338,1.54E-33,-3.73851771840811,5.77E-33,-3.73844710244488,1.58E-32
,,,,,,,,,,,,-3.73374615285572,3.68E-34,-3.73370807081378,4.25E-34,-3.73365038927549,6.82E-34,-3.73359343537956,1.54E-33,-3.7337176704076,5.77E-33,-3.73364705444431,1.58E-32
,,,,,,,,,,,,-3.72894610485509,3.68E-34,-3.72890802281337,4.26E-34,-3.72885034127489,6.83E-34,-3.72879338737913,1.54E-33,-3.72891762240706,5.77E-33,-3.72884700644393,1.58E-32
,,,,,,,,,,,,-3.72414605685469,3.69E-34,-3.72410797481275,4.26E-34,-3.72405029327445,6.83E-34,-3.72399333937855,1.54E-33,-3.72411757440668,5.77E-33,-3.72404695844344,1.58E-32
,,,,,,,,,,,,-3.7193460088543,3.69E-34,-3.71930792681234,4.26E-34,-3.71925024527406,6.83E-34,-3.71919329137815,1.54E-33,-3.71931752640614,5.77E-33,-3.71924691044288,1.58E-32
,,,,,,,,,,,,-3.71454596085364,3.70E-34,-3.71450787881195,4.26E-34,-3.71445019727344,6.83E-34,-3.71439324337766,1.54E-33,-3.71451747840562,5.77E-33,-3.7144468624425,1.58E-32
,,,,,,,,,,,,-3.70974591285325,3.70E-34,-3.7097078308113,4.27E-34,-3.70965014927302,6.83E-34,-3.70959319537712,1.54E-33,-3.70971743040524,5.77E-33,-3.70964681444198,1.58E-32
,,,,,,,,,,,,-3.70494586485283,3.71E-34,-3.70490778281091,4.27E-34,-3.70485010127262,6.83E-34,-3.70479314737673,1.54E-33,-3.70491738240468,5.77E-33,-3.70484676644144,1.58E-32
,,,,,,,,,,,,-3.70014581685223,3.71E-34,-3.70010773481049,4.27E-34,-3.70005005327201,6.84E-34,-3.69999309937621,1.54E-33,-3.7001173344042,5.77E-33,-3.70004671844106,1.58E-32
,,,,,,,,,,,,-3.69534576885181,3.71E-34,-3.69530768680989,4.28E-34,-3.69525000527158,6.84E-34,-3.69519305137569,1.54E-33,-3.69531728640381,5.77E-33,-3.69524667044051,1.58E-32
,,,,,,,,,,,,-3.69054572085135,3.72E-34,-3.69050763880947,4.28E-34,-3.69044995727114,6.84E-34,-3.6903930033753,1.54E-33,-3.69051723840323,5.77E-33,-3.69044662244003,1.58E-32
,,,,,,,,,,,,-3.68574567285082,3.72E-34,-3.68570759080901,4.28E-34,-3.68564990927059,6.84E-34,-3.68559295537476,1.54E-33,-3.68571719040279,5.77E-33,-3.68564657443963,1.58E-32
,,,,,,,,,,,,-3.68094562485038,3.73E-34,-3.68090754280848,4.28E-34,-3.68084986127016,6.84E-34,-3.68079290737425,1.54E-33,-3.68091714240237,5.77E-33,-3.68084652643906,1.58E-32
,,,,,,,,,,,,-3.67614557684989,3.73E-34,-3.67610749480803,4.29E-34,-3.67604981326967,6.84E-34,-3.67599285937386,1.54E-33,-3.67611709440176,5.77E-33,-3.67604647843862,1.58E-32
,,,,,,,,,,,,-3.67134552884938,3.74E-34,-3.67130744680755,4.29E-34,-3.67124976526915,6.85E-34,-3.67119281137331,1.54E-33,-3.67131704640138,5.77E-33,-3.6712464304382,1.58E-32
,,,,,,,,,,,,-3.66654548084896,3.74E-34,-3.66650739880703,4.29E-34,-3.66644971726875,6.85E-34,-3.66639276337281,1.54E-33,-3.6665169984009,5.77E-33,-3.66644638243758,1.58E-32
,,,,,,,,,,,,-3.66174543284843,3.74E-34,-3.66170735080662,4.30E-34,-3.66164966926821,6.85E-34,-3.66159271537243,1.54E-33,-3.66171695040033,5.77E-33,-3.6616463344372,1.58E-32
,,,,,,,,,,,,-3.65694538484795,3.75E-34,-3.65690730280608,4.30E-34,-3.65684962126772,6.85E-34,-3.65679266737184,1.54E-33,-3.65691690239993,5.77E-33,-3.65684628643674,1.58E-32
,,,,,,,,,,,,-3.65214533684755,3.75E-34,-3.6521072548056,4.30E-34,-3.65204957326733,6.85E-34,-3.6519926193714,1.54E-33,-3.65211685439945,5.77E-33,-3.65204623843615,1.58E-32
,,,,,,,,,,,,-3.64734528884695,3.76E-34,-3.64730720680521,4.31E-34,-3.64724952526675,6.85E-34,-3.64719257137098,1.54E-33,-3.64731680639889,5.77E-33,-3.64724619043576,1.58E-32
,,,,,,,,,,,,-3.64254524084651,3.76E-34,-3.6425071588046,4.31E-34,-3.64244947726629,6.86E-34,-3.64239252337038,1.54E-33,-3.6425167583985,5.77E-33,-3.6424461424353,1.58E-32
,,,,,,,,,,,,-3.63774519284613,3.77E-34,-3.63770711080417,4.31E-34,-3.6376494292659,6.86E-34,-3.63759247536999,1.54E-33,-3.637716710398,5.77E-33,-3.63764609443471,1.58E-32
,,,,,,,,,,,,-3.63294514484549,3.77E-34,-3.63290706280379,4.32E-34,-3.6328493812653,6.86E-34,-3.63279242736952,1.54E-33,-3.63291666239746,5.77E-33,-3.63284604643432,1.58E-32
,,,,,,,,,,,,-3.62814509684508,3.78E-34,-3.62810701480315,4.32E-34,-3.62804933326484,6.86E-34,-3.62799237936894,1.54E-33,-3.62811661439707,5.77E-33,-3.62804599843384,1.58E-32
,,,,,,,,,,,,-3.62334504884469,3.78E-34,-3.62330696680273,4.32E-34,-3.62324928526446,6.86E-34,-3.62319233136856,1.54E-33,-3.62331656639654,5.77E-33,-3.62324595043328,1.58E-32
,,,,,,,,,,,,-3.61854500084407,3.79E-34,-3.61850691880234,4.32E-34,-3.61844923726386,6.86E-34,-3.61839228336807,1.54E-33,-3.61851651839604,5.77E-33,-3.61844590243289,1.58E-32
,,,,,,,,,,,,-3.61374495284364,3.79E-34,-3.61370687080172,4.33E-34,-3.61364918926341,6.87E-34,-3.61359223536751,1.54E-33,-3.61371647039563,5.77E-33,-3.61364585443237,1.58E-32
,,,,,,,,,,,,-3.60894490484321,3.79E-34,-3.6089068228013,4.33E-34,-3.60884914126299,6.87E-34,-3.60879218736713,1.54E-33,-3.60891642239508,5.77E-33,-3.60884580643187,1.58E-32
,,,,,,,,,,,,-3.60414485684265,3.80E-34,-3.60410677480086,4.33E-34,-3.60404909326241,6.87E-34,-3.60399213936661,1.54E-33,-3.60411637439463,5.77E-33,-3.60404575843145,1.58E-32
,,,,,,,,,,,,-3.59934480884222,3.80E-34,-3.5993067268003,4.34E-34,-3.599249045262,6.87E-34,-3.59919209136608,1.54E-33,-3.5993163263942,5.77E-33,-3.59924571043092,1.58E-32
,,,,,,,,,,,,-3.59454476084174,3.81E-34,-3.59450667879988,4.34E-34,-3.59444899726153,6.87E-34,-3.5943920433657,1.54E-33,-3.59451627839361,5.77E-33,-3.59444566243046,1.58E-32
,,,,,,,,,,,,-3.58974471284121,3.81E-34,-3.5897066307994,4.34E-34,-3.58964894926098,6.88E-34,-3.58959199536516,1.54E-33,-3.5897162303932,5.77E-33,-3.58964561443002,1.58E-32
,,,,,,,,,,,,-3.5849446648408,3.82E-34,-3.58490658279887,4.35E-34,-3.58484890126059,6.88E-34,-3.58479194736465,1.54E-33,-3.58491618239276,5.77E-33,-3.58484556642944,1.58E-32
,,,,,,,,,,,,-3.58014461684027,3.82E-34,-3.58010653479846,4.35E-34,-3.58004885326007,6.88E-34,-3.57999189936426,1.54E-33,-3.58011613439216,5.77E-33,-3.58004551842902,1.58E-32
,,,,,,,,,,,,-3.57534456883978,3.83E-34,-3.57530648679793,4.35E-34,-3.57524880525954,6.88E-34,-3.5751918513637,1.54E-33,-3.57531608639177,5.77E-33,-3.5752454704286,1.58E-32
,,,,,,,,,,,,-3.57054452083939,3.83E-34,-3.57050643879744,4.36E-34,-3.57044875725916,6.88E-34,-3.57039180336323,1.54E-33,-3.57051603839132,5.77E-33,-3.57044542242798,1.58E-32
,,,,,,,,,,,,-3.56574447283879,3.84E-34,-3.56570639079704,4.36E-34,-3.5656487092586,6.88E-34,-3.56559175536283,1.54E-33,-3.56571599039072,5.77E-33,-3.56564537442759,1.58E-32
,,,,,,,,,,,,-3.56094442483835,3.84E-34,-3.56090634279645,4.36E-34,-3.56084866125811,6.89E-34,-3.56079170736222,1.54E-33,-3.56091594239034,5.77E-33,-3.56084532642717,1.58E-32
,,,,,,,,,,,,-3.55614437683796,3.85E-34,-3.556106294796,4.37E-34,-3.55604861325773,6.89E-34,-3.55599165936182,1.54E-33,-3.55611589438987,5.77E-33,-3.55604527842654,1.58E-32
,,,,,,,,,,,,-3.55134432883735,3.85E-34,-3.55130624679561,4.37E-34,-3.55124856525716,6.89E-34,-3.55119161136137,1.54E-33,-3.55131584638928,5.77E-33,-3.55124523042616,1.58E-32
,,,,,,,,,,,,-3.54654428083691,3.86E-34,-3.546506198795,4.37E-34,-3.54644851725668,6.89E-34,-3.54639156336078,1.54E-33,-3.5465157983889,5.77E-33,-3.5464451824257,1.58E-32
,,,,,,,,,,,,-3.54174423283652,3.86E-34,-3.54170615079457,4.38E-34,-3.5416484692563,6.89E-34,-3.54159151536039,1.55E-33,-3.5417157503884,5.77E-33,-3.54164513442511,1.58E-32
,,,,,,,,,,,,-3.53694418483592,3.87E-34,-3.53690610279418,4.38E-34,-3.53684842125571,6.90E-34,-3.53679146735993,1.55E-33,-3.53691570238787,5.77E-33,-3.53684508642472,1.58E-32
,,,,,,,,,,,,-3.53214413683548,3.87E-34,-3.53210605479357,4.38E-34,-3.53204837325524,6.90E-34,-3.53199141935934,1.55E-33,-3.53211565438747,5.77E-33,-3.53204503842423,1.58E-32
,,,,,,,,,,,,-3.52734408883505,3.88E-34,-3.52730600679313,4.39E-34,-3.52724832525485,6.90E-34,-3.52719137135895,1.55E-33,-3.52731560638693,5.77E-33,-3.5272449904237,1.58E-32
,,,,,,,,,,,,-3.52254404083448,3.88E-34,-3.52250595879271,4.39E-34,-3.52244827725425,6.90E-34,-3.52239132335847,1.55E-33,-3.52251555838646,5.77E-33,-3.52244494242329,1.58E-32
,,,,,,,,,,,,-3.51774399283406,3.89E-34,-3.51770591079214,4.39E-34,-3.51764822925383,6.90E-34,-3.51759127535791,1.55E-33,-3.51771551038604,5.77E-33,-3.51764489442276,1.58E-32
,,,,,,,,,,,,-3.51294394483359,3.89E-34,-3.51290586279171,4.40E-34,-3.51284818125338,6.91E-34,-3.51279122735752,1.55E-33,-3.51291546238545,5.77E-33,-3.51284484642229,1.58E-32
,,,,,,,,,,,,-3.50814389683305,3.90E-34,-3.50810581479124,4.40E-34,-3.50804813325281,6.91E-34,-3.50799117935702,1.55E-33,-3.50811541438504,5.77E-33,-3.50804479842186,1.58E-32
,,,,,,,,,,,,-3.50334384883265,3.90E-34,-3.5033057667907,4.40E-34,-3.50324808525242,6.91E-34,-3.50319113135649,1.55E-33,-3.50331536638461,5.77E-33,-3.50324475042128,1.58E-32
,,,,,,,,,,,,-3.49854380083213,3.91E-34,-3.4985057187903,4.41E-34,-3.49844803725192,6.91E-34,-3.49839108335609,1.55E-33,-3.49851531838398,5.77E-33,-3.49844470242086,1.58E-32
,,,,,,,,,,,,-3.4937437528316,3.91E-34,-3.49370567078979,4.41E-34,-3.49364798925138,6.91E-34,-3.49359103535556,1.55E-33,-3.4937152703836,5.77E-33,-3.49364465442045,1.58E-32
,,,,,,,,,,,,-3.48894370483122,3.92E-34,-3.48890562278926,4.41E-34,-3.48884794125099,6.92E-34,-3.48879098735508,1.55E-33,-3.48891522238318,5.77E-33,-3.48884460641982,1.58E-32
,,,,,,,,,,,,-3.48414365683066,3.92E-34,-3.48410557478888,4.42E-34,-3.48404789325046,6.92E-34,-3.48399093935465,1.55E-33,-3.48411517438255,5.77E-33,-3.48404455841942,1.58E-32
,,,,,,,,,,,,-3.47934360883017,3.93E-34,-3.47930552678832,4.42E-34,-3.47924784524994,6.92E-34,-3.47919089135408,1.55E-33,-3.47931512638217,5.77E-33,-3.47924451041902,1.58E-32
,,,,,,,,,,,,-3.47454356082979,3.93E-34,-3.47450547878783,4.43E-34,-3.47444779724955,6.92E-34,-3.47439084335366,1.55E-33,-3.47451507838171,5.77E-33,-3.47444446241837,1.58E-32
,,,,,,,,,,,,-3.46974351282922,3.94E-34,-3.46970543078745,4.43E-34,-3.46964774924902,6.92E-34,-3.46959079535323,1.55E-33,-3.46971503038113,5.77E-33,-3.46964441441799,1.58E-32
,,,,,,,,,,,,-3.46494346482874,3.94E-34,-3.46490538278687,4.43E-34,-3.46484770124851,6.93E-34,-3.4647907473526,1.55E-33,-3.46491498238074,5.77E-33,-3.46484436641754,1.58E-32
,,,,,,,,,,,,-3.46014341682836,3.95E-34,-3.46010533478639,4.44E-34,-3.46004765324812,6.93E-34,-3.45999069935222,1.55E-33,-3.46011493438024,5.77E-33,-3.46004431841696,1.58E-32
,,,,,,,,,,,,-3.45534336882777,3.95E-34,-3.45530528678601,4.44E-34,-3.45524760524757,6.93E-34,-3.4551906513518,1.55E-33,-3.45531488637971,5.77E-33,-3.45524427041656,1.58E-32
,,,,,,,,,,,,-3.4505433208273,3.96E-34,-3.45050523878543,4.44E-34,-3.45044755724709,6.93E-34,-3.45039060335117,1.55E-33,-3.4505148383793,5.77E-33,-3.45044422241608,1.58E-32
,,,,,,,,,,,,-3.44574327282691,3.96E-34,-3.44570519078496,4.45E-34,-3.44564750924669,6.93E-34,-3.44559055535079,1.55E-33,-3.44571479037879,5.77E-33,-3.44564417441554,1.58E-32
,,,,,,,,,,,,-3.44094322482631,3.97E-34,-3.44090514278457,4.45E-34,-3.44084746124609,6.94E-34,-3.44079050735033,1.55E-33,-3.44091474237829,5.77E-33,-3.44084412641512,1.58E-32
,,,,,,,,,,,,-3.43614317682589,3.97E-34,-3.43610509478396,4.45E-34,-3.43604741324568,6.94E-34,-3.43599045934973,1.55E-33,-3.43611469437786,5.77E-33,-3.43604407841462,1.58E-32
,,,,,,,,,,,,-3.43134312882544,3.98E-34,-3.43130504678355,4.46E-34,-3.43124736524523,6.94E-34,-3.43119041134936,1.55E-33,-3.43131464637731,5.77E-33,-3.43124403041412,1.58E-32
,,,,,,,,,,,,-3.42654308082487,3.98E-34,-3.4265049987831,4.46E-34,-3.42644731724464,6.94E-34,-3.42639036334886,1.55E-33,-3.42651459837686,5.77E-33,-3.42644398241369,1.58E-32
,,,,,,,,,,,,-3.42174303282448,3.99E-34,-3.42170495078253,4.47E-34,-3.42164726924426,6.94E-34,-3.42159031534832,1.55E-33,-3.42171455037645,5.77E-33,-3.42164393441314,1.58E-32
,,,,,,,,,,,,-3.41694298482399,4.00E-34,-3.41690490278214,4.47E-34,-3.41684722124379,6.95E-34,-3.41679026734792,1.55E-33,-3.41691450237584,5.77E-33,-3.41684388641268,1.58E-32
,,,,,,,,,,,,-3.41214293682344,4.00E-34,-3.41210485478164,4.47E-34,-3.4120471732432,6.95E-34,-3.41199021934739,1.55E-33,-3.41211445437543,5.77E-33,-3.41204383841228,1.58E-32
,,,,,,,,,,,,-3.40734288882306,4.01E-34,-3.40730480678109,4.48E-34,-3.40724712524282,6.95E-34,-3.40719017134691,1.55E-33,-3.40731440637503,5.77E-33,-3.40724379041167,1.58E-32
,,,,,,,,,,,,-3.40254284082252,4.01E-34,-3.40250475878071,4.48E-34,-3.40244707724232,6.95E-34,-3.40239012334649,1.55E-33,-3.40251435837438,5.77E-33,-3.40244374241125,1.58E-32
,,,,,,,,,,,,-3.397742792822,4.02E-34,-3.39770471078018,4.48E-34,-3.39764702924177,6.96E-34,-3.39759007534593,1.55E-33,-3.39771431037399,5.77E-33,-3.39764369441087,1.58E-32
,,,,,,,,,,,,-3.39294274482163,4.02E-34,-3.39290466277966,4.49E-34,-3.39284698124139,6.96E-34,-3.39279002734549,1.55E-33,-3.39291426237357,5.77E-33,-3.39284364641021,1.58E-32
,,,,,,,,,,,,-3.38814269682106,4.03E-34,-3.38810461477928,4.49E-34,-3.38804693324087,6.96E-34,-3.38798997934507,1.55E-33,-3.38811421437296,5.77E-33,-3.38804359840982,1.58E-32
,,,,,,,,,,,,-3.38334264882057,4.03E-34,-3.38330456677872,4.50E-34,-3.38324688524033,6.96E-34,-3.38318993134446,1.55E-33,-3.38331416637256,5.77E-33,-3.3832435504094,1.58E-32
,,,,,,,,,,,,-3.37854260082019,4.04E-34,-3.37850451877823,4.50E-34,-3.37844683723996,6.96E-34,-3.37838988334406,1.55E-33,-3.3785141183721,5.77E-33,-3.37844350240879,1.58E-32
,,,,,,,,,,,,-3.37374255281963,4.04E-34,-3.37370447077785,4.50E-34,-3.37364678923941,6.97E-34,-3.37358983534364,1.55E-33,-3.37371407037155,5.77E-33,-3.37364345440838,1.58E-32
,,,,,,,,,,,,-3.36894250481914,4.05E-34,-3.36890442277729,4.51E-34,-3.36884674123892,6.97E-34,-3.368789787343,1.55E-33,-3.36891402237113,5.77E-33,-3.36884340640793,1.58E-32
,,,,,,,,,,,,-3.36414245681875,4.06E-34,-3.36410437477679,4.51E-34,-3.36404669323852,6.97E-34,-3.36398973934262,1.55E-33,-3.36411397437063,5.77E-33,-3.36404335840738,1.58E-32
,,,,,,,,,,,,-3.35934240881815,4.06E-34,-3.3593043267764,4.52E-34,-3.35924664523794,6.97E-34,-3.35918969134219,1.55E-33,-3.35931392637013,5.77E-33,-3.35924331040695,1.58E-32
,,,,,,,,,,,,-3.35454236081773,4.07E-34,-3.35450427877581,4.52E-34,-3.35444659723751,6.97E-34,-3.35438964334157,1.55E-33,-3.3545138783697,5.77E-33,-3.35444326240647,1.58E-32
,,,,,,,,,,,,-3.34974231281729,4.07E-34,-3.34970423077538,4.52E-34,-3.34964654923709,6.98E-34,-3.34958959534119,1.55E-33,-3.34971383036916,5.77E-33,-3.34964321440595,1.58E-32
,,,,,,,,,,,,-3.34494226481671,4.08E-34,-3.34490418277495,4.53E-34,-3.34484650123647,6.98E-34,-3.34478954734072,1.55E-33,-3.3449137823687,5.77E-33,-3.34484316640554,1.58E-32
,,,,,,,,,,,,-3.34014221681632,4.09E-34,-3.34010413477436,4.53E-34,-3.34004645323609,6.98E-34,-3.33998949934016,1.55E-33,-3.34011373436829,5.77E-33,-3.34004311840499,1.58E-32
,,,,,,,,,,,,-3.33534216881582,4.09E-34,-3.33530408677397,4.54E-34,-3.33524640523563,6.98E-34,-3.33518945133974,1.55E-33,-3.33531368636769,5.78E-33,-3.33524307040452,1.58E-32
,,,,,,,,,,,,-3.33054212081527,4.10E-34,-3.33050403877348,4.54E-34,-3.33044635723504,6.99E-34,-3.33038940333924,1.55E-33,-3.33051363836726,5.78E-33,-3.33044302240413,1.58E-32
,,,,,,,,,,,,-3.32574207281488,4.10E-34,-3.32570399077293,4.54E-34,-3.32564630923466,6.99E-34,-3.32558935533875,1.55E-33,-3.32571359036687,5.78E-33,-3.32564297440352,1.58E-32
,,,,,,,,,,,,-3.32094202481438,4.11E-34,-3.32090394277254,4.55E-34,-3.32084626123418,6.99E-34,-3.32078930733831,1.55E-33,-3.32091354236621,5.78E-33,-3.32084292640308,1.58E-32
,,,,,,,,,,,,-3.31614197681384,4.11E-34,-3.31610389477203,4.55E-34,-3.3160462132336,6.99E-34,-3.31598925933778,1.55E-33,-3.31611349436583,5.78E-33,-3.31604287840269,1.58E-32
,,,,,,,,,,,,-3.31134192881345,4.12E-34,-3.3113038467715,4.56E-34,-3.31124616523322,7.00E-34,-3.31118921133731,1.55E-33,-3.31131344636542,5.78E-33,-3.31124283040205,1.58E-32
,,,,,,,,,,,,-3.30654188081293,4.13E-34,-3.3065037987711,4.56E-34,-3.30644611723273,7.00E-34,-3.3063891633369,1.55E-33,-3.3065133983648,5.78E-33,-3.30644278240165,1.58E-32
,,,,,,,,,,,,-3.30174183281241,4.13E-34,-3.30170375077059,4.56E-34,-3.30164606923217,7.00E-34,-3.30158911533632,1.55E-33,-3.3017133503644,5.78E-33,-3.30164273440125,1.58E-32
,,,,,,,,,,,,-3.29694178481202,4.14E-34,-3.29690370277006,4.57E-34,-3.29684602123178,7.00E-34,-3.29678906733588,1.55E-33,-3.29691330236395,5.78E-33,-3.29684268640063,1.58E-32
,,,,,,,,,,,,-3.29214173681148,4.14E-34,-3.29210365476967,4.57E-34,-3.29204597323125,7.00E-34,-3.29198901933549,1.55E-33,-3.29211325436339,5.78E-33,-3.29204263840022,1.58E-32
,,,,,,,,,,,,-3.28734168881098,4.15E-34,-3.28730360676913,4.58E-34,-3.28724592523076,7.01E-34,-3.28718897133484,1.55E-33,-3.28731320636296,5.78E-33,-3.28724259039978,1.58E-32
,,,,,,,,,,,,-3.28254164081058,4.16E-34,-3.28250355876864,4.58E-34,-3.28244587723035,7.01E-34,-3.28238892333445,1.55E-33,-3.28251315836247,5.78E-33,-3.28244254239922,1.58E-32
,,,,,,,,,,,,-3.27774159281,4.16E-34,-3.27770351076824,4.58E-34,-3.2776458292298,7.01E-34,-3.27758887533404,1.55E-33,-3.27771311036196,5.78E-33,-3.27764249439878,1.58E-32
,,,,,,,,,,,,-3.27294154480957,4.17E-34,-3.27290346276765,4.59E-34,-3.27284578122935,7.01E-34,-3.27278882733342,1.55E-33,-3.27291306236154,5.78E-33,-3.2728424463983,1.58E-32
,,,,,,,,,,,,-3.26814149680915,4.18E-34,-3.26810341476723,4.59E-34,-3.26804573322891,7.02E-34,-3.26798877933301,1.55E-33,-3.26811301436101,5.78E-33,-3.26804239839779,1.58E-32
,,,,,,,,,,,,-3.26334144880853,4.18E-34,-3.2633033667668,4.60E-34,-3.26324568522833,7.02E-34,-3.26318873133258,1.55E-33,-3.26331296636053,5.78E-33,-3.26324235039737,1.58E-32
,,,,,,,,,,,,-3.25854140080815,4.19E-34,-3.25850331876619,4.60E-34,-3.25844563722791,7.02E-34,-3.258388683332,1.55E-33,-3.25851291836013,5.78E-33,-3.25844230239685,1.58E-32
,,,,,,,,,,,,-3.25374135280767,4.19E-34,-3.25370327076581,4.61E-34,-3.25364558922748,7.02E-34,-3.25358863533158,1.55E-33,-3.25371287035955,5.78E-33,-3.25364225439635,1.58E-32
,,,,,,,,,,,,-3.2489413048071,4.20E-34,-3.24890322276532,4.61E-34,-3.24884554122687,7.03E-34,-3.24878858733109,1.55E-33,-3.2489128223591,5.78E-33,-3.24884220639596,1.58E-32
,,,,,,,,,,,,-3.24414125680672,4.21E-34,-3.24410317476475,4.61E-34,-3.24404549322648,7.03E-34,-3.24398853933058,1.55E-33,-3.24411277435871,5.78E-33,-3.24404215839538,1.58E-32
,,,,,,,,,,,,-3.23934120880624,4.21E-34,-3.23930312676437,4.62E-34,-3.23924544522604,7.03E-34,-3.23918849133016,1.55E-33,-3.23931272635807,5.78E-33,-3.23924211039492,1.58E-32
,,,,,,,,,,,,-3.23454116080566,4.22E-34,-3.23450307876389,4.62E-34,-3.23444539722544,7.03E-34,-3.23438844332963,1.55E-33,-3.23451267835766,5.78E-33,-3.23444206239453,1.58E-32
,,,,,,,,,,,,-3.22974111280528,4.23E-34,-3.22970303076332,4.63E-34,-3.22964534922505,7.04E-34,-3.22958839532915,1.55E-33,-3.22971263035727,5.78E-33,-3.22964201439391,1.58E-32
,,,,,,,,,,,,-3.22494106480479,4.23E-34,-3.22490298276294,4.63E-34,-3.22484530122459,7.04E-34,-3.22478834732874,1.55E-33,-3.22491258235663,5.78E-33,-3.22484196639348,1.58E-32
,,,,,,,,,,,,-3.22014101680423,4.24E-34,-3.22010293476245,4.64E-34,-3.22004525322402,7.04E-34,-3.21998829932816,1.55E-33,-3.22011253435622,5.78E-33,-3.22004191839309,1.58E-32
,,,,,,,,,,,,-3.21534096880385,4.25E-34,-3.21530288676189,4.64E-34,-3.21524520522361,7.04E-34,-3.21518825132772,1.55E-33,-3.21531248635581,5.78E-33,-3.21524187039248,1.58E-32
,,,,,,,,,,,,-3.21054092080331,4.25E-34,-3.21050283876151,4.65E-34,-3.2104451572231,7.05E-34,-3.21038820332732,1.55E-33,-3.21051243835522,5.78E-33,-3.21044182239204,1.58E-32
,,,,,,,,,,,,-3.20574087280282,4.26E-34,-3.20570279076097,4.65E-34,-3.2056451092226,7.05E-34,-3.20558815532668,1.55E-33,-3.20571239035479,5.78E-33,-3.20564177439164,1.58E-32
,,,,,,,,,,,,-3.20094082480242,4.27E-34,-3.20090274276047,4.66E-34,-3.20084506122218,7.05E-34,-3.20078810732628,1.55E-33,-3.20091234235433,5.78E-33,-3.20084172639104,1.58E-32
,,,,,,,,,,,,-3.19614077680186,4.27E-34,-3.19610269476007,4.66E-34,-3.19604501322164,7.05E-34,-3.19598805932589,1.55E-33,-3.19611229435379,5.78E-33,-3.19604167839062,1.58E-32
,,,,,,,,,,,,-3.19134072880141,4.28E-34,-3.19130264675951,4.66E-34,-3.19124496522118,7.06E-34,-3.19118801132525,1.55E-33,-3.19131224635337,5.78E-33,-3.19124163039016,1.58E-32
,,,,,,,,,,,,-3.18654068080098,4.29E-34,-3.18650259875906,4.67E-34,-3.18644491722075,7.06E-34,-3.18638796332485,1.56E-33,-3.18651219835287,5.78E-33,-3.18644158238961,1.58E-32
,,,,,,,,,,,,-3.18174063280039,4.29E-34,-3.18170255075864,4.67E-34,-3.18164486922017,7.06E-34,-3.18158791532442,1.56E-33,-3.18171215035235,5.78E-33,-3.18164153438921,1.58E-32
,,,,,,,,,,,,-3.17694058479999,4.30E-34,-3.17690250275804,4.68E-34,-3.17684482121975,7.06E-34,-3.17678786732384,1.56E-33,-3.17691210235196,5.78E-33,-3.1768414863887,1.58E-32
,,,,,,,,,,,,-3.17214053679953,4.31E-34,-3.17210245475764,4.68E-34,-3.17204477321934,7.07E-34,-3.17198781932341,1.56E-33,-3.1721120543514,5.78E-33,-3.17204143838818,1.58E-32
,,,,,,,,,,,,-3.16734048879893,4.31E-34,-3.16730240675718,4.69E-34,-3.1672447252187,7.07E-34,-3.16718777132294,1.56E-33,-3.16731200635092,5.78E-33,-3.1672413903878,1.58E-32
,,,,,,,,,,,,-3.16254044079855,4.32E-34,-3.16250235875659,4.69E-34,-3.16244467721832,7.07E-34,-3.16238772332242,1.56E-33,-3.16251195835054,5.78E-33,-3.16244134238723,1.58E-32
,,,,,,,,,,,,-3.15774039279809,4.33E-34,-3.15770231075621,4.70E-34,-3.1576446292179,7.08E-34,-3.15758767532198,1.56E-33,-3.15771191034994,5.78E-33,-3.15764129438674,1.58E-32
,,,,,,,,,,,,-3.1529403447975,4.33E-34,-3.15290226275575,4.70E-34,-3.15284458121726,7.08E-34,-3.15278762732149,1.56E-33,-3.15291186234949,5.78E-33,-3.15284124638636,1.58E-32
,,,,,,,,,,,,-3.14814029679711,4.34E-34,-3.14810221475515,4.71E-34,-3.14804453321688,7.08E-34,-3.14798757932098,1.56E-33,-3.1481118143491,5.78E-33,-3.14804119838578,1.58E-32
,,,,,,,,,,,,-3.14334024879665,4.35E-34,-3.14330216675476,4.71E-34,-3.14324448521643,7.08E-34,-3.14318753132057,1.56E-33,-3.1433117663485,5.78E-33,-3.14324115038531,1.58E-32
,,,,,,,,,,,,-3.13854020079606,4.35E-34,-3.1385021187543,4.72E-34,-3.13844443721585,7.09E-34,-3.13838748332002,1.56E-33,-3.13851171834805,5.78E-33,-3.13844110238492,1.58E-32
,,,,,,,,,,,,-3.13374015279567,4.36E-34,-3.13370207075372,4.72E-34,-3.13364438921545,7.09E-34,-3.13358743531955,1.56E-33,-3.13371167034765,5.78E-33,-3.13364105438435,1.58E-32
,,,,,,,,,,,,-3.12894010479517,4.37E-34,-3.12890202275333,4.73E-34,-3.12884434121496,7.09E-34,-3.12878738731916,1.56E-33,-3.12891162234706,5.78E-33,-3.12884100638387,1.58E-32
,,,,,,,,,,,,-3.12414005679465,4.37E-34,-3.12410197475283,4.73E-34,-3.12404429321444,7.09E-34,-3.12398733931854,1.56E-33,-3.12411157434663,5.78E-33,-3.12404095838348,1.58E-32
,,,,,,,,,,,,-3.11934000879424,4.38E-34,-3.11930192675231,4.74E-34,-3.119244245214,7.10E-34,-3.11918729131811,1.56E-33,-3.11931152634617,5.78E-33,-3.11924091038288,1.58E-32
,,,,,,,,,,,,-3.11453996079371,4.39E-34,-3.1145018787519,4.74E-34,-3.1144441972135,7.10E-34,-3.11438724331773,1.56E-33,-3.11451147834562,5.78E-33,-3.11444086238246,1.58E-32
,,,,,,,,,,,,-3.10973991279324,4.40E-34,-3.10970183075137,4.75E-34,-3.10964414921302,7.10E-34,-3.10958719531711,1.56E-33,-3.10971143034521,5.78E-33,-3.10964081438201,1.58E-32
,,,,,,,,,,,,-3.10493986479281,4.40E-34,-3.1049017827509,4.75E-34,-3.10484410121258,7.11E-34,-3.10478714731667,1.56E-33,-3.10491138234472,5.78E-33,-3.10484076638144,1.58E-32
,,,,,,,,,,,,-3.10013981679225,4.41E-34,-3.10010173475046,4.76E-34,-3.10004405321203,7.11E-34,-3.09998709931628,1.56E-33,-3.10011133434419,5.78E-33,-3.10004071838104,1.58E-32
,,,,,,,,,,,,-3.09533976879181,4.42E-34,-3.0953016867499,4.76E-34,-3.09524400521158,7.11E-34,-3.09518705131567,1.56E-33,-3.0953112863438,5.78E-33,-3.09524067038055,1.58E-32
,,,,,,,,,,,,-3.0905397207914,4.43E-34,-3.09050163874947,4.77E-34,-3.09044395721117,7.11E-34,-3.09038700331524,1.56E-33,-3.09051123834325,5.78E-33,-3.09044062238001,1.58E-32
,,,,,,,,,,,,-3.08573967279077,4.43E-34,-3.08570159074905,4.77E-34,-3.08564390921055,7.12E-34,-3.0855869553148,1.56E-33,-3.08571119034276,5.78E-33,-3.08564057437962,1.58E-32
,,,,,,,,,,,,-3.08093962479038,4.44E-34,-3.08090154274842,4.78E-34,-3.08084386121014,7.12E-34,-3.08078690731424,1.56E-33,-3.08091114234237,5.78E-33,-3.08084052637909,1.58E-32
,,,,,,,,,,,,-3.07613957678995,4.45E-34,-3.07610149474803,4.78E-34,-3.07604381320976,7.12E-34,-3.07598685931383,1.56E-33,-3.07611109434179,5.78E-33,-3.07604047837858,1.58E-32
,,,,,,,,,,,,-3.07133952878933,4.46E-34,-3.07130144674761,4.79E-34,-3.0712437652091,7.13E-34,-3.07118681131335,1.56E-33,-3.07131104634132,5.78E-33,-3.07124043037819,1.58E-32
,,,,,,,,,,,,-3.06653948078894,4.46E-34,-3.06650139874699,4.79E-34,-3.06644371720871,7.13E-34,-3.06638676331281,1.56E-33,-3.06651099834093,5.78E-33,-3.06644038237764,1.58E-32
,,,,,,,,,,,,-3.06173943278849,4.47E-34,-3.0617013507466,4.80E-34,-3.06164366920829,7.13E-34,-3.06158671531242,1.56E-33,-3.06171095034036,5.78E-33,-3.06164033437714,1.58E-32
,,,,,,,,,,,,-3.05693938478791,4.48E-34,-3.05690130274615,4.80E-34,-3.05684362120769,7.13E-34,-3.05678666731188,1.56E-33,-3.05691090233989,5.78E-33,-3.05684028637675,1.58E-32
,,,,,,,,,,,,-3.05213933678751,4.49E-34,-3.05210125474557,4.81E-34,-3.05204357320727,7.14E-34,-3.05198661931137,1.56E-33,-3.0521108543395,5.78E-33,-3.0520402383762,1.58E-32
,,,,,,,,,,,,-3.04733928878702,4.49E-34,-3.04730120674516,4.81E-34,-3.04724352520681,7.14E-34,-3.04718657131098,1.56E-33,-3.0473108063389,5.78E-33,-3.04724019037571,1.58E-32
,,,,,,,,,,,,-3.04253924078649,4.50E-34,-3.04250115874467,4.82E-34,-3.04244347720627,7.14E-34,-3.04238652331041,1.56E-33,-3.04251075833846,5.78E-33,-3.04244014237532,1.58E-32
,,,,,,,,,,,,-3.03773919278607,4.51E-34,-3.03770111074414,4.82E-34,-3.03764342920584,7.15E-34,-3.03758647530994,1.56E-33,-3.03771071033803,5.78E-33,-3.03764009437473,1.58E-32
,,,,,,,,,,,,-3.03293914478556,4.52E-34,-3.03290106274373,4.83E-34,-3.03284338120536,7.15E-34,-3.03278642730955,1.56E-33,-3.03291066233746,5.78E-33,-3.03284004637429,1.58E-32
,,,,,,,,,,,,-3.02813909678508,4.52E-34,-3.02810101474322,4.83E-34,-3.02804333320484,7.15E-34,-3.02798637930895,1.56E-33,-3.02811061433704,5.78E-33,-3.02803999837386,1.58E-32
,,,,,,,,,,,,-3.02333904878464,4.53E-34,-3.02330096674273,4.84E-34,-3.02324328520443,7.16E-34,-3.02318633130851,1.56E-33,-3.02331056633656,5.78E-33,-3.02323995037328,1.58E-32
,,,,,,,,,,,,-3.01853900078409,4.54E-34,-3.0185009187423,4.84E-34,-3.01844323720389,7.16E-34,-3.01838628330812,1.56E-33,-3.01851051833601,5.78E-33,-3.01843990237288,1.58E-32
,,,,,,,,,,,,-3.01373895278364,4.55E-34,-3.01370087074175,4.85E-34,-3.01364318920341,7.16E-34,-3.01358623530752,1.56E-33,-3.01371047033563,5.78E-33,-3.0136398543724,1.58E-32
,,,,,,,,,,,,-3.00893890478323,4.56E-34,-3.0089008227413,4.85E-34,-3.00884314120301,7.17E-34,-3.00878618730707,1.56E-33,-3.00891042233511,5.78E-33,-3.00883980637183,1.58E-32
,,,,,,,,,,,,-3.00413885678261,4.56E-34,-3.00410077474089,4.86E-34,-3.00404309320241,7.17E-34,-3.00398613930665,1.56E-33,-3.00411037433458,5.78E-33,-3.00403975837145,1.58E-32
,,,,,,,,,,,,-2.99933880878221,4.57E-34,-2.99930072674027,4.87E-34,-2.99924304520197,7.17E-34,-2.99918609130608,1.56E-33,-2.9993103263342,5.78E-33,-2.99923971037095,1.58E-32
,,,,,,,,,,,,-2.99453876078182,4.58E-34,-2.99450067873987,4.87E-34,-2.99444299720158,7.17E-34,-2.99438604330566,1.56E-33,-2.99451027833365,5.78E-33,-2.9944396623704,1.58E-32
,,,,,,,,,,,,-2.98973871278116,4.59E-34,-2.98970063073948,4.88E-34,-2.98964294920094,7.18E-34,-2.98958599530518,1.56E-33,-2.98971023033315,5.78E-33,-2.98963961437002,1.58E-32
,,,,,,,,,,,,-2.98493866478078,4.60E-34,-2.98490058273881,4.88E-34,-2.98484290120054,7.18E-34,-2.98478594730464,1.56E-33,-2.98491018233277,5.78E-33,-2.98483956636949,1.58E-32
,,,,,,,,,,,,-2.98013861678035,4.60E-34,-2.98010053473843,4.89E-34,-2.98004285320014,7.18E-34,-2.97998589930425,1.56E-33,-2.98011013433221,5.78E-33,-2.98003951836897,1.58E-32
,,,,,,,,,,,,-2.97533856877975,4.61E-34,-2.97530048673801,4.89E-34,-2.97524280519952,7.19E-34,-2.97518585130372,1.56E-33,-2.97531008633171,5.78E-33,-2.97523947036859,1.58E-32
,,,,,,,,,,,,-2.97053852077933,4.62E-34,-2.9705004387374,4.90E-34,-2.97044275719911,7.19E-34,-2.97038580330321,1.56E-33,-2.97051003833133,5.78E-33,-2.97043942236804,1.58E-32
,,,,,,,,,,,,-2.96573847277887,4.63E-34,-2.96570039073699,4.91E-34,-2.96564270919866,7.19E-34,-2.96558575530282,1.56E-33,-2.96570999033075,5.78E-33,-2.96563937436754,1.58E-32
,,,,,,,,,,,,-2.96093842477833,4.64E-34,-2.96090034273653,4.91E-34,-2.96084266119811,7.20E-34,-2.96078570730227,1.56E-33,-2.9609099423303,5.78E-33,-2.96083932636715,1.58E-32
,,,,,,,,,,,,-2.9561383767779,4.65E-34,-2.95610029473599,4.92E-34,-2.95604261319767,7.20E-34,-2.95598565930178,1.56E-33,-2.95610989432989,5.78E-33,-2.95603927836658,1.58E-32
,,,,,,,,,,,,-2.95133832877741,4.65E-34,-2.95130024673555,4.92E-34,-2.95124256519719,7.20E-34,-2.95118561130138,1.56E-33,-2.95130984632928,5.78E-33,-2.95123923036613,1.58E-32
,,,,,,,,,,,,-2.9465382807769,4.66E-34,-2.94650019873506,4.93E-34,-2.94644251719668,7.21E-34,-2.94638556330082,1.56E-33,-2.94650979832889,5.78E-33,-2.94643918236572,1.58E-32
,,,,,,,,,,,,-2.94173823277648,4.67E-34,-2.94170015073456,4.93E-34,-2.94164246919626,7.21E-34,-2.94158551530033,1.56E-33,-2.94170975032842,5.78E-33,-2.9416391343651,1.58E-32
,,,,,,,,,,,,-2.93693818477595,4.68E-34,-2.93690010273413,4.94E-34,-2.93684242119574,7.21E-34,-2.93678546729995,1.56E-33,-2.93690970232785,5.78E-33,-2.93683908636472,1.58E-32
,,,,,,,,,,,,-2.93213813677547,4.69E-34,-2.93210005473361,4.95E-34,-2.93204237319524,7.22E-34,-2.93198541929938,1.56E-33,-2.93210965432746,5.78E-33,-2.93203903836425,1.58E-32
,,,,,,,,,,,,-2.92733808877507,4.70E-34,-2.92730000673312,4.95E-34,-2.92724232519485,7.22E-34,-2.92718537129891,1.56E-33,-2.92730960632698,5.78E-33,-2.92723899036367,1.58E-32
,,,,,,,,,,,,-2.92253804077447,4.71E-34,-2.92249995873272,4.96E-34,-2.92244227719426,7.22E-34,-2.92238532329851,1.56E-33,-2.92250955832641,5.78E-33,-2.92243894236328,1.58E-32
,,,,,,,,,,,,-2.91773799277403,4.71E-34,-2.91769991073213,4.96E-34,-2.91764222919381,7.23E-34,-2.9175852752979,1.57E-33,-2.91770951032602,5.78E-33,-2.91763889436282,1.58E-32
,,,,,,,,,,,,-2.91293794477365,4.72E-34,-2.91289986273169,4.97E-34,-2.91284218119342,7.23E-34,-2.9127852272975,1.57E-33,-2.91290946232551,5.79E-33,-2.91283884636224,1.58E-32
,,,,,,,,,,,,-2.908137896773,4.73E-34,-2.90809981473131,4.98E-34,-2.90804213319281,7.23E-34,-2.90798517929704,1.57E-33,-2.90810941432498,5.79E-33,-2.90803879836184,1.58E-32
,,,,,,,,,,,,-2.9033378487726,4.74E-34,-2.90329976673066,4.98E-34,-2.90324208519236,7.24E-34,-2.90318513129647,1.57E-33,-2.90330936632459,5.79E-33,-2.90323875036135,1.58E-32
,,,,,,,,,,,,-2.89853780077221,4.75E-34,-2.89849971873026,4.99E-34,-2.89844203719198,7.24E-34,-2.89838508329609,1.57E-33,-2.89850931832406,5.79E-33,-2.8984387023608,1.58E-32
,,,,,,,,,,,,-2.89373775277158,4.76E-34,-2.89369967072987,4.99E-34,-2.89364198919138,7.24E-34,-2.89358503529558,1.57E-33,-2.89370927032355,5.79E-33,-2.89363865436041,1.58E-32
,,,,,,,,,,,,-2.88893770477117,4.77E-34,-2.88889962272924,5.00E-34,-2.88884194119093,7.25E-34,-2.88878498729503,1.57E-33,-2.88890922232316,5.79E-33,-2.8888386063599,1.58E-32
,,,,,,,,,,,,-2.88413765677073,4.78E-34,-2.88409957472882,5.01E-34,-2.88404189319052,7.25E-34,-2.88398493929465,1.57E-33,-2.88410917432261,5.79E-33,-2.88403855835938,1.58E-32
,,,,,,,,,,,,-2.87933760877017,4.79E-34,-2.87929952672839,5.01E-34,-2.87924184518993,7.25E-34,-2.87918489129413,1.57E-33,-2.87930912632214,5.79E-33,-2.87923851035898,1.58E-32
,,,,,,,,,,,,-2.87453756076973,4.79E-34,-2.87449947872783,5.02E-34,-2.87444179718951,7.26E-34,-2.8743848432936,1.57E-33,-2.87450907832172,5.79E-33,-2.87443846235844,1.58E-32
,,,,,,,,,,,,-2.86973751276926,4.80E-34,-2.86969943072739,5.03E-34,-2.86964174918905,7.26E-34,-2.86958479529322,1.57E-33,-2.86970903032113,5.79E-33,-2.86963841435797,1.58E-32
,,,,,,,,,,,,-2.86493746476874,4.81E-34,-2.86489938272692,5.03E-34,-2.8648417011885,7.27E-34,-2.86478474729268,1.57E-33,-2.86490898232073,5.79E-33,-2.86483836635754,1.58E-32
,,,,,,,,,,,,-2.86013741676831,4.82E-34,-2.86009933472639,5.04E-34,-2.8600416531881,7.27E-34,-2.85998469929217,1.57E-33,-2.86010893432027,5.79E-33,-2.86003831835696,1.58E-32
,,,,,,,,,,,,-2.85533736876781,4.83E-34,-2.85529928672597,5.04E-34,-2.85524160518759,7.27E-34,-2.85518465129179,1.57E-33,-2.85530888631968,5.79E-33,-2.85523827035655,1.58E-32
,,,,,,,,,,,,-2.8505373207673,4.84E-34,-2.85049923872546,5.05E-34,-2.85044155718707,7.28E-34,-2.85038460329122,1.57E-33,-2.85050883831929,5.79E-33,-2.85043822235611,1.58E-32
,,,,,,,,,,,,-2.8457372727669,4.85E-34,-2.84569919072496,5.06E-34,-2.84564150918669,7.28E-34,-2.84558455529075,1.57E-33,-2.84570879031883,5.79E-33,-2.8456381743555,1.58E-32
,,,,,,,,,,,,-2.84093722476632,4.86E-34,-2.84089914272456,5.06E-34,-2.84084146118611,7.28E-34,-2.84078450729035,1.57E-33,-2.84090874231825,5.79E-33,-2.84083812635511,1.58E-32
,,,,,,,,,,,,-2.83613717676587,4.87E-34,-2.83609909472397,5.07E-34,-2.83604141318563,7.29E-34,-2.83598445928975,1.57E-33,-2.83610869431786,5.79E-33,-2.83603807835468,1.58E-32
,,,,,,,,,,,,-2.83133712876548,4.88E-34,-2.83129904672352,5.08E-34,-2.83124136518525,7.29E-34,-2.83118441128933,1.57E-33,-2.83130864631738,5.79E-33,-2.83123803035407,1.58E-32
,,,,,,,,,,,,-2.82653708076486,4.89E-34,-2.82649899872313,5.08E-34,-2.82644131718467,7.30E-34,-2.8263843632889,1.57E-33,-2.8265085983168,5.79E-33,-2.82643798235368,1.58E-32
,,,,,,,,,,,,-2.82173703276444,4.90E-34,-2.82169895072252,5.09E-34,-2.8216412691842,7.30E-34,-2.8215843152883,1.57E-33,-2.82170855031643,5.79E-33,-2.82163793435322,1.58E-32
,,,,,,,,,,,,-2.81693698476404,4.91E-34,-2.81689890272209,5.10E-34,-2.81684122118382,7.30E-34,-2.81678426728791,1.57E-33,-2.81690850231592,5.79E-33,-2.81683788635263,1.58E-32
,,,,,,,,,,,,-2.81213693676343,4.92E-34,-2.8120988547217,5.10E-34,-2.81204117318324,7.31E-34,-2.81198421928744,1.57E-33,-2.81210845431538,5.79E-33,-2.81203783835225,1.58E-32
,,,,,,,,,,,,-2.807336888763,4.93E-34,-2.80729880672108,5.11E-34,-2.80724112518277,7.31E-34,-2.80718417128687,1.57E-33,-2.80730840631499,5.79E-33,-2.80723779035175,1.58E-32
,,,,,,,,,,,,-2.80253684076258,4.94E-34,-2.80249875872066,5.12E-34,-2.80244107718237,7.31E-34,-2.80238412328648,1.57E-33,-2.80250835831445,5.79E-33,-2.80243774235121,1.58E-32
,,,,,,,,,,,,-2.797736792762,4.95E-34,-2.79769871072023,5.12E-34,-2.79764102918177,7.32E-34,-2.79758407528598,1.57E-33,-2.79770831031397,5.79E-33,-2.79763769435081,1.58E-32
,,,,,,,,,,,,-2.79293674476157,4.96E-34,-2.79289866271966,5.13E-34,-2.79284098118134,7.32E-34,-2.79278402728543,1.57E-33,-2.79290826231356,5.79E-33,-2.79283764635029,1.58E-32
,,,,,,,,,,,,-2.78813669676111,4.97E-34,-2.78809861471922,5.14E-34,-2.78804093318091,7.33E-34,-2.78798397928504,1.57E-33,-2.78810821431297,5.79E-33,-2.7880375983498,1.58E-32
,,,,,,,,,,,,-2.78333664876057,4.98E-34,-2.78329856671877,5.14E-34,-2.78324088518033,7.33E-34,-2.78318393128454,1.57E-33,-2.78330816631256,5.79E-33,-2.78323755034938,1.58E-32
,,,,,,,,,,,,-2.77853660076016,4.99E-34,-2.77849851871823,5.15E-34,-2.77844083717993,7.33E-34,-2.778383883284,1.57E-33,-2.77850811831212,5.79E-33,-2.77843750234881,1.58E-32
,,,,,,,,,,,,-2.77373655275965,5.00E-34,-2.77369847071781,5.16E-34,-2.77364078917944,7.34E-34,-2.77358383528361,1.57E-33,-2.77370807031151,5.79E-33,-2.77363745434838,1.58E-32
,,,,,,,,,,,,-2.76893650475914,5.01E-34,-2.76889842271731,5.17E-34,-2.7688407411789,7.34E-34,-2.76878378728308,1.57E-33,-2.76890802231113,5.79E-33,-2.76883740634796,1.58E-32
,,,,,,,,,,,,-2.76413645675875,5.02E-34,-2.76409837471679,5.17E-34,-2.76404069317851,7.35E-34,-2.76398373928259,1.57E-33,-2.76410797431069,5.79E-33,-2.76403735834734,1.58E-32
,,,,,,,,,,,,-2.75933640875817,5.03E-34,-2.7592983267164,5.18E-34,-2.75924064517797,7.35E-34,-2.75918369128218,1.57E-33,-2.75930792631007,5.79E-33,-2.75923731034695,1.58E-32
,,,,,,,,,,,,-2.75453636075769,5.04E-34,-2.75449827871583,5.19E-34,-2.75444059717747,7.35E-34,-2.7543836432816,1.57E-33,-2.75450787830969,5.79E-33,-2.75443726234653,1.58E-32
,,,,,,,,,,,,-2.74973631275731,5.05E-34,-2.74969823071535,5.19E-34,-2.74964054917708,7.36E-34,-2.74958359528118,1.57E-33,-2.74970783030923,5.79E-33,-2.74963721434589,1.58E-32
,,,,,,,,,,,,-2.74493626475673,5.06E-34,-2.74489818271497,5.20E-34,-2.74484050117653,7.36E-34,-2.74478354728074,1.57E-33,-2.74490778230864,5.79E-33,-2.74483716634551,1.58E-32
,,,,,,,,,,,,-2.74013621675626,5.07E-34,-2.74009813471438,5.21E-34,-2.74004045317603,7.37E-34,-2.73998349928012,1.57E-33,-2.74010773430826,5.79E-33,-2.74003711834507,1.58E-32
,,,,,,,,,,,,-2.73533616875588,5.08E-34,-2.73529808671391,5.22E-34,-2.73524040517564,7.37E-34,-2.73518345127974,1.57E-33,-2.73530768630777,5.79E-33,-2.73523707034447,1.58E-32
,,,,,,,,,,,,-2.73053612075528,5.09E-34,-2.73049803871354,5.22E-34,-2.73044035717509,7.37E-34,-2.7303834032793,1.57E-33,-2.73050763830722,5.79E-33,-2.73043702234408,1.58E-32
,,,,,,,,,,,,-2.72573607275483,5.10E-34,-2.72569799071294,5.23E-34,-2.7256403091746,7.38E-34,-2.72558335527869,1.57E-33,-2.72570759030683,5.79E-33,-2.7256369743436,1.58E-32
,,,,,,,,,,,,-2.72093602475443,5.11E-34,-2.72089794271248,5.24E-34,-2.72084026117421,7.38E-34,-2.72078330727831,1.57E-33,-2.7209075423063,5.79E-33,-2.72083692634305,1.58E-32
,,,,,,,,,,,,-2.71613597675383,5.12E-34,-2.71609789471209,5.25E-34,-2.71604021317361,7.39E-34,-2.71598325927784,1.57E-33,-2.71610749430581,5.79E-33,-2.71603687834265,1.58E-32
,,,,,,,,,,,,-2.7113359287534,5.13E-34,-2.71129784671148,5.25E-34,-2.71124016517319,7.39E-34,-2.71118321127726,1.58E-33,-2.71130744630538,5.79E-33,-2.71123683034213,1.58E-32
,,,,,,,,,,,,-2.70653588075297,5.14E-34,-2.70649779871106,5.26E-34,-2.70644011717275,7.40E-34,-2.70638316327688,1.58E-33,-2.70650739830483,5.79E-33,-2.70643678234164,1.58E-32
,,,,,,,,,,,,-2.70173583275239,5.16E-34,-2.70169775071062,5.27E-34,-2.70164006917216,7.40E-34,-2.70158311527638,1.58E-33,-2.70170735030438,5.79E-33,-2.7016367343412,1.58E-32
,,,,,,,,,,,,-2.69693578475199,5.17E-34,-2.69689770271005,5.28E-34,-2.69684002117178,7.40E-34,-2.69678306727583,1.58E-33,-2.69690730230396,5.79E-33,-2.69683668634066,1.58E-32
,,,,,,,,,,,,-2.69213573675151,5.18E-34,-2.69209765470965,5.28E-34,-2.69203997317129,7.41E-34,-2.69198301927544,1.58E-33,-2.69210725430336,5.79E-33,-2.69203663834021,1.58E-32
,,,,,,,,,,,,-2.68733568875096,5.19E-34,-2.68729760670917,5.29E-34,-2.68723992517072,7.41E-34,-2.68718297127491,1.58E-33,-2.68730720630295,5.79E-33,-2.68723659033979,1.58E-32
,,,,,,,,,,,,-2.68253564075058,5.20E-34,-2.68249755870862,5.30E-34,-2.68243987717035,7.42E-34,-2.68238292327442,1.58E-33,-2.68250715830253,5.79E-33,-2.6824365423392,1.58E-32
,,,,,,,,,,,,-2.67773559275003,5.21E-34,-2.67769751070824,5.31E-34,-2.67763982916983,7.42E-34,-2.67758287527401,1.58E-33,-2.67770711030191,5.79E-33,-2.67763649433877,1.58E-32
,,,,,,,,,,,,-2.67293554474953,5.22E-34,-2.67289746270769,5.31E-34,-2.67283978116929,7.43E-34,-2.67278282727345,1.58E-33,-2.67290706230152,5.79E-33,-2.67283644633837,1.58E-32
,,,,,,,,,,,,-2.66813549674915,5.23E-34,-2.66809741470718,5.32E-34,-2.66803973316891,7.43E-34,-2.66798277927301,1.58E-33,-2.66810701430109,5.79E-33,-2.66803639833773,1.58E-32
,,,,,,,,,,,,-2.66333544874858,5.25E-34,-2.6632973667068,5.33E-34,-2.66323968516838,7.43E-34,-2.66318273127258,1.58E-33,-2.66330696630047,5.79E-33,-2.66323635033734,1.58E-32
,,,,,,,,,,,,-2.65853540074809,5.26E-34,-2.65849731870623,5.34E-34,-2.65843963716786,7.44E-34,-2.65838268327198,1.58E-33,-2.65850691830008,5.79E-33,-2.65843630233692,1.58E-32
,,,,,,,,,,,,-2.65373535274771,5.27E-34,-2.65369727070575,5.35E-34,-2.65363958916748,7.44E-34,-2.65358263527158,1.58E-33,-2.65370687029962,5.79E-33,-2.65363625433631,1.58E-32
,,,,,,,,,,,,-2.64893530474713,5.28E-34,-2.64889722270537,5.35E-34,-2.64883954116692,7.45E-34,-2.64878258727114,1.58E-33,-2.64890682229906,5.79E-33,-2.6488362063359,1.58E-32
,,,,,,,,,,,,-2.64413525674666,5.29E-34,-2.64409717470479,5.36E-34,-2.64403949316644,7.45E-34,-2.64398253927053,1.58E-33,-2.64410677429865,5.79E-33,-2.64403615833546,1.58E-32
,,,,,,,,,,,,-2.63933520874627,5.30E-34,-2.63929712670432,5.37E-34,-2.63923944516604,7.46E-34,-2.63918249127015,1.58E-33,-2.63930672629815,5.79E-33,-2.6392361103349,1.58E-32
,,,,,,,,,,,,-2.63453516074567,5.32E-34,-2.63449707870393,5.38E-34,-2.63443939716546,7.46E-34,-2.6343824432697,1.58E-33,-2.63450667829765,5.79E-33,-2.63443606233447,1.58E-32
,,,,,,,,,,,,-2.62973511274524,5.33E-34,-2.62969703070333,5.39E-34,-2.62963934916502,7.47E-34,-2.62958239526909,1.58E-33,-2.62970663029722,5.79E-33,-2.62963601433398,1.58E-32
,,,,,,,,,,,,-2.62493506474481,5.34E-34,-2.62489698270289,5.39E-34,-2.62483930116461,7.47E-34,-2.62478234726871,1.58E-33,-2.62490658229668,5.79E-33,-2.62483596633347,1.58E-32
,,,,,,,,,,,,-2.62013501674423,5.35E-34,-2.62009693470247,5.40E-34,-2.62003925316399,7.48E-34,-2.61998229926824,1.58E-33,-2.62010653429622,5.80E-33,-2.62003591833305,1.58E-32
,,,,,,,,,,,,-2.61533496874383,5.36E-34,-2.61529688670189,5.41E-34,-2.61523920516361,7.48E-34,-2.61518225126767,1.58E-33,-2.61530648629581,5.80E-33,-2.61523587033251,1.58E-32
,,,,,,,,,,,,-2.61053492074333,5.38E-34,-2.61049683870148,5.42E-34,-2.61043915716313,7.49E-34,-2.61038220326727,1.58E-33,-2.61050643829521,5.80E-33,-2.61043582233204,1.58E-32
,,,,,,,,,,,,-2.6057348727428,5.39E-34,-2.60569679070099,5.43E-34,-2.60563910916256,7.49E-34,-2.60558215526676,1.58E-33,-2.60570639029479,5.80E-33,-2.60563577433164,1.58E-32
,,,,,,,,,,,,-2.60093482474241,5.40E-34,-2.60089674270045,5.44E-34,-2.60083906116218,7.50E-34,-2.60078210726626,1.58E-33,-2.60090634229438,5.80E-33,-2.60083572633104,1.58E-32
,,,,,,,,,,,,-2.59613477674189,5.41E-34,-2.59609669470006,5.44E-34,-2.59603901316169,7.50E-34,-2.59598205926583,1.58E-33,-2.59610629429373,5.80E-33,-2.59603567833061,1.58E-32
,,,,,,,,,,,,-2.59133472874136,5.42E-34,-2.59129664669954,5.45E-34,-2.59123896516113,7.50E-34,-2.59118201126531,1.58E-33,-2.59130624629335,5.80E-33,-2.59123563033022,1.58E-32
,,,,,,,,,,,,-2.58653468074097,5.44E-34,-2.58649659869902,5.46E-34,-2.58643891716075,7.51E-34,-2.58638196326484,1.58E-33,-2.58650619829294,5.80E-33,-2.58643558232956,1.58E-32
,,,,,,,,,,,,-2.58173463274044,5.45E-34,-2.58169655069863,5.47E-34,-2.58163886916024,7.51E-34,-2.58158191526441,1.58E-33,-2.58170615029231,5.80E-33,-2.58163553432917,1.58E-32
,,,,,,,,,,,,-2.57693458473993,5.46E-34,-2.5768965026981,5.48E-34,-2.57683882115969,7.52E-34,-2.57678186726384,1.58E-33,-2.57690610229192,5.80E-33,-2.57683548632877,1.58E-32
,,,,,,,,,,,,-2.57213453673954,5.48E-34,-2.57209645469758,5.49E-34,-2.5720387731593,7.52E-34,-2.5719818192634,1.58E-33,-2.57210605429147,5.80E-33,-2.57203543832814,1.58E-32
,,,,,,,,,,,,-2.56733448873899,5.49E-34,-2.56729640669719,5.50E-34,-2.56723872515877,7.53E-34,-2.567181771263,1.58E-33,-2.5673060062909,5.80E-33,-2.56723539032774,1.58E-32
,,,,,,,,,,,,-2.5625344407385,5.50E-34,-2.56249635869664,5.51E-34,-2.56243867715827,7.53E-34,-2.56238172326236,1.58E-33,-2.56250595829048,5.80E-33,-2.5624353423273,1.58E-32
,,,,,,,,,,,,-2.5577343927381,5.51E-34,-2.55769631069615,5.51E-34,-2.55763862915787,7.54E-34,-2.55758167526197,1.58E-33,-2.55770591028999,5.80E-33,-2.55763529432673,1.58E-32
,,,,,,,,,,,,-2.55293434473752,5.53E-34,-2.55289626269576,5.52E-34,-2.55283858115732,7.54E-34,-2.55278162726157,1.58E-33,-2.55290586228949,5.80E-33,-2.55283524632631,1.58E-32
,,,,,,,,,,,,-2.54813429673708,5.54E-34,-2.54809621469518,5.53E-34,-2.54803853315686,7.55E-34,-2.54798157926093,1.58E-33,-2.54810581428905,5.80E-33,-2.54803519832582,1.58E-32
,,,,,,,,,,,,-2.54333424873667,5.55E-34,-2.54329616669474,5.54E-34,-2.54323848515643,7.55E-34,-2.54318153126054,1.58E-33,-2.54330576628854,5.80E-33,-2.54323515032531,1.58E-32
,,,,,,,,,,,,-2.53853420073605,5.57E-34,-2.53849611869433,5.55E-34,-2.53843843715585,7.56E-34,-2.5383814832601,1.59E-33,-2.53850571828805,5.80E-33,-2.53843510232488,1.58E-32
,,,,,,,,,,,,-2.53373415273566,5.58E-34,-2.53369607069371,5.56E-34,-2.53363838915544,7.57E-34,-2.53358143525952,1.59E-33,-2.53370567028764,5.80E-33,-2.53363505432437,1.58E-32
,,,,,,,,,,,,-2.52893410473519,5.59E-34,-2.52889602269332,5.57E-34,-2.52883834115499,7.57E-34,-2.5287813872591,1.59E-33,-2.52890562228707,5.80E-33,-2.52883500632387,1.58E-32
,,,,,,,,,,,,-2.52413405673462,5.61E-34,-2.52409597469285,5.58E-34,-2.52403829315439,7.58E-34,-2.52398133925861,1.59E-33,-2.52410557428662,5.80E-33,-2.52403495832347,1.58E-32
,,,,,,,,,,,,-2.51933400873424,5.62E-34,-2.51929592669228,5.59E-34,-2.519238245154,7.58E-34,-2.5191812912581,1.59E-33,-2.51930552628622,5.80E-33,-2.5192349103229,1.58E-32
,,,,,,,,,,,,-2.51453396073375,5.63E-34,-2.5144958786919,5.60E-34,-2.51443819715356,7.59E-34,-2.51438124325767,1.59E-33,-2.51450547828559,5.80E-33,-2.51443486232244,1.58E-32
,,,,,,,,,,,,-2.50973391273319,5.65E-34,-2.5096958306914,5.61E-34,-2.50963814915296,7.59E-34,-2.50958119525715,1.59E-33,-2.50970543028519,5.80E-33,-2.50963481432205,1.58E-32
,,,,,,,,,,,,-2.50493386473281,5.66E-34,-2.50489578269084,5.62E-34,-2.50483810115257,7.60E-34,-2.50478114725667,1.59E-33,-2.5049053822848,5.80E-33,-2.50483476632142,1.58E-32
,,,,,,,,,,,,-2.5001338167323,5.67E-34,-2.50009573469046,5.63E-34,-2.50003805315211,7.60E-34,-2.49998109925625,1.59E-33,-2.50010533428414,5.80E-33,-2.50003471832101,1.58E-32
,,,,,,,,,,,,-2.49533376873175,5.69E-34,-2.49529568668996,5.63E-34,-2.49523800515153,7.61E-34,-2.49518105125569,1.59E-33,-2.49530528628374,5.80E-33,-2.49523467032062,1.58E-32
,,,,,,,,,,,,-2.49053372073137,5.70E-34,-2.49049563868941,5.64E-34,-2.49043795715114,7.61E-34,-2.49038100325524,1.59E-33,-2.49050523828333,5.80E-33,-2.49043462231999,1.58E-32
,,,,,,,,,,,,-2.48573367273083,5.72E-34,-2.48569559068903,5.65E-34,-2.48563790915062,7.62E-34,-2.48558095525484,1.59E-33,-2.48570519028273,5.80E-33,-2.48563457431956,1.58E-32
,,,,,,,,,,,,-2.48093362473033,5.73E-34,-2.48089554268849,5.66E-34,-2.48083786115012,7.62E-34,-2.48078090725421,1.59E-33,-2.48090514228231,5.80E-33,-2.48083452631916,1.58E-32
,,,,,,,,,,,,-2.47613357672994,5.75E-34,-2.47609549468799,5.67E-34,-2.4760378131497,7.63E-34,-2.4759808592538,1.59E-33,-2.47610509428185,5.80E-33,-2.47603447831857,1.58E-32
,,,,,,,,,,,,-2.47133352872938,5.76E-34,-2.4712954466876,5.68E-34,-2.47123776514916,7.64E-34,-2.47118081125341,1.59E-33,-2.47130504628131,5.80E-33,-2.47123443031813,1.58E-32
,,,,,,,,,,,,-2.46653348072892,5.77E-34,-2.46649539868703,5.69E-34,-2.46643771714869,7.64E-34,-2.46638076325276,1.59E-33,-2.46650499828089,5.80E-33,-2.46643438231768,1.58E-32
,,,,,,,,,,,,-2.46173343272851,5.79E-34,-2.46169535068658,5.70E-34,-2.46163766914827,7.65E-34,-2.46158071525237,1.59E-33,-2.46170495028039,5.80E-33,-2.46163433431713,1.58E-32
,,,,,,,,,,,,-2.45693338472791,5.80E-34,-2.45689530268616,5.71E-34,-2.4568376211477,7.65E-34,-2.45678066725195,1.59E-33,-2.45690490227988,5.80E-33,-2.45683428631672,1.58E-32
,,,,,,,,,,,,-2.45213333672751,5.82E-34,-2.45209525468557,5.72E-34,-2.45203757314727,7.66E-34,-2.45198061925135,1.59E-33,-2.45210485427948,5.80E-33,-2.45203423831623,1.58E-32
,,,,,,,,,,,,-2.44733328872704,5.83E-34,-2.44729520668516,5.73E-34,-2.44723752514685,7.66E-34,-2.44718057125094,1.59E-33,-2.44730480627893,5.80E-33,-2.4472341903157,1.58E-32
,,,,,,,,,,,,-2.44253324072645,5.85E-34,-2.44249515868469,5.74E-34,-2.44243747714622,7.67E-34,-2.44238052325047,1.59E-33,-2.44250475827844,5.80E-33,-2.44243414231531,1.58E-32
,,,,,,,,,,,,-2.43773319272607,5.86E-34,-2.43769511068411,5.75E-34,-2.43763742914584,7.68E-34,-2.43758047524994,1.59E-33,-2.43770471027806,5.80E-33,-2.43763409431476,1.58E-32
,,,,,,,,,,,,-2.4329331447256,5.88E-34,-2.43289506268373,5.76E-34,-2.43283738114541,7.68E-34,-2.4327804272495,1.59E-33,-2.43290466227745,5.80E-33,-2.43283404631426,1.58E-32
,,,,,,,,,,,,-2.42813309672502,5.89E-34,-2.42809501468326,5.77E-34,-2.42803733314478,7.69E-34,-2.42798037924901,1.59E-33,-2.42810461427701,5.80E-33,-2.42803399831389,1.58E-32
,,,,,,,,,,,,-2.42333304872463,5.91E-34,-2.42329496668268,5.79E-34,-2.4232372851444,7.69E-34,-2.42318033124851,1.59E-33,-2.42330456627663,5.80E-33,-2.42323395031329,1.58E-32
,,,,,,,,,,,,-2.41853300072416,5.92E-34,-2.41849491868229,5.80E-34,-2.41843723714396,7.70E-34,-2.41838028324808,1.59E-33,-2.41850451827601,5.80E-33,-2.41843390231283,1.58E-32
,,,,,,,,,,,,-2.41373295272359,5.94E-34,-2.41369487068182,5.81E-34,-2.41363718914336,7.71E-34,-2.41358023524754,1.59E-33,-2.41370447027558,5.80E-33,-2.41363385431245,1.58E-32
,,,,,,,,,,,,-2.4089329047232,5.95E-34,-2.40889482268124,5.82E-34,-2.40883714114297,7.71E-34,-2.40878018724707,1.59E-33,-2.40890442227517,5.80E-33,-2.40883380631186,1.58E-32
,,,,,,,,,,,,-2.40413285672269,5.97E-34,-2.40409477468085,5.83E-34,-2.40403709314248,7.72E-34,-2.40398013924667,1.59E-33,-2.40410437427458,5.81E-33,-2.4040337583114,1.58E-32
,,,,,,,,,,,,-2.39933280872217,5.98E-34,-2.39929472668035,5.84E-34,-2.39923704514195,7.72E-34,-2.39918009124606,1.60E-33,-2.39930432627414,5.81E-33,-2.39923371031101,1.58E-32
,,,,,,,,,,,,-2.39453276072176,6.00E-34,-2.39449467867982,5.85E-34,-2.39443699714154,7.73E-34,-2.39438004324563,1.60E-33,-2.3945042782737,5.81E-33,-2.3944336623104,1.58E-32
,,,,,,,,,,,,-2.38973271272124,6.02E-34,-2.38969463067942,5.86E-34,-2.38963694914102,7.74E-34,-2.38957999524525,1.60E-33,-2.38970423027315,5.81E-33,-2.38963361430998,1.58E-32
,,,,,,,,,,,,-2.38493266472075,6.03E-34,-2.38489458267889,5.87E-34,-2.38483690114054,7.74E-34,-2.38477994724461,1.60E-33,-2.38490418227272,5.81E-33,-2.38483356630953,1.58E-32
,,,,,,,,,,,,-2.38013261672033,6.05E-34,-2.38009453467841,5.88E-34,-2.38003685314009,7.75E-34,-2.37997989924419,1.60E-33,-2.38010413427223,5.81E-33,-2.38003351830897,1.58E-32
,,,,,,,,,,,,-2.37533256871977,6.06E-34,-2.37529448667798,5.89E-34,-2.37523680513955,7.75E-34,-2.3751798512438,1.60E-33,-2.37530408627171,5.81E-33,-2.37523347030855,1.58E-32
,,,,,,,,,,,,-2.37053252071933,6.08E-34,-2.37049443867742,5.90E-34,-2.37043675713911,7.76E-34,-2.37037980324319,1.60E-33,-2.37050403827131,5.81E-33,-2.37043342230806,1.58E-32
,,,,,,,,,,,,-2.36573247271891,6.10E-34,-2.36569439067699,5.92E-34,-2.36563670913868,7.77E-34,-2.36557975524276,1.60E-33,-2.36570399027077,5.81E-33,-2.36563337430753,1.58E-32
,,,,,,,,,,,,-2.36093242471829,6.11E-34,-2.36089434267656,5.93E-34,-2.36083666113808,7.77E-34,-2.36077970724232,1.60E-33,-2.36090394227028,5.81E-33,-2.36083332630714,1.58E-32
,,,,,,,,,,,,-2.3561323767179,6.13E-34,-2.35609429467594,5.94E-34,-2.35603661313766,7.78E-34,-2.35597965924176,1.60E-33,-2.35610389426989,5.81E-33,-2.3560332783066,1.58E-32
,,,,,,,,,,,,-2.35133232871747,6.15E-34,-2.35129424667555,5.95E-34,-2.35123656513726,7.79E-34,-2.35117961124134,1.60E-33,-2.3513038462693,5.81E-33,-2.3512332303061,1.58E-32
,,,,,,,,,,,,-2.34653228071686,6.16E-34,-2.34649419867513,5.96E-34,-2.34643651713662,7.79E-34,-2.34637956324086,1.60E-33,-2.34650379826885,5.81E-33,-2.34643318230571,1.58E-32
,,,,,,,,,,,,-2.34173223271646,6.18E-34,-2.34169415067451,5.97E-34,-2.34163646913623,7.80E-34,-2.34157951524033,1.60E-33,-2.34170375026845,5.81E-33,-2.34163313430515,1.58E-32
,,,,,,,,,,,,-2.33693218471602,6.20E-34,-2.33689410267412,5.98E-34,-2.33683642113582,7.81E-34,-2.33677946723993,1.60E-33,-2.33690370226786,5.81E-33,-2.33683308630467,1.58E-32
,,,,,,,,,,,,-2.33213213671542,6.21E-34,-2.33209405467367,6.00E-34,-2.3320363731352,7.81E-34,-2.3319794192394,1.60E-33,-2.33210365426741,5.81E-33,-2.33203303830428,1.58E-32
,,,,,,,,,,,,-2.32733208871503,6.23E-34,-2.32729400667308,6.01E-34,-2.32723632513479,7.82E-34,-2.3271793712389,1.60E-33,-2.32730360626702,5.81E-33,-2.3272329903037,1.58E-32
,,,,,,,,,,,,-2.32253204071454,6.25E-34,-2.32249395867269,6.02E-34,-2.32243627713434,7.83E-34,-2.32237932323851,1.60E-33,-2.32250355826643,5.81E-33,-2.32243294230323,1.58E-32
,,,,,,,,,,,,-2.317731992714,6.27E-34,-2.31769391067219,6.03E-34,-2.31763622913379,7.83E-34,-2.31757927523792,1.60E-33,-2.31770351026597,5.81E-33,-2.31763289430284,1.58E-32
,,,,,,,,,,,,-2.3129319447136,6.28E-34,-2.31289386267166,6.04E-34,-2.31283618113336,7.84E-34,-2.31277922723746,1.60E-33,-2.31290346226555,5.81E-33,-2.31283284630226,1.58E-32
,,,,,,,,,,,,-2.30813189671307,6.30E-34,-2.30809381467125,6.06E-34,-2.30803613313287,7.85E-34,-2.30797917923707,1.60E-33,-2.30810341426498,5.81E-33,-2.3080327983018,1.58E-32
,,,,,,,,,,,,-2.30333184871259,6.32E-34,-2.30329376667073,6.07E-34,-2.30323608513236,7.85E-34,-2.30317913123647,1.60E-33,-2.30330336626456,5.81E-33,-2.30323275030139,1.58E-32
,,,,,,,,,,,,-2.29853180071216,6.34E-34,-2.29849371867024,6.08E-34,-2.29843603713194,7.86E-34,-2.29837908323603,1.60E-33,-2.29850331826409,5.81E-33,-2.2984327023008,1.58E-32
,,,,,,,,,,,,-2.29373175271161,6.35E-34,-2.29369367066982,6.09E-34,-2.29363598913141,7.87E-34,-2.29357903523564,1.60E-33,-2.29370327026354,5.81E-33,-2.29363265430039,1.58E-32
,,,,,,,,,,,,-2.28893170471117,6.37E-34,-2.28889362266927,6.11E-34,-2.28883594113093,7.87E-34,-2.28877898723503,1.60E-33,-2.28890322226315,5.81E-33,-2.28883260629992,1.58E-32
,,,,,,,,,,,,-2.28413165671074,6.39E-34,-2.28409357466882,6.12E-34,-2.28403589313052,7.88E-34,-2.2839789392346,1.60E-33,-2.28410317426263,5.81E-33,-2.28403255829936,1.58E-32
,,,,,,,,,,,,-2.27933160871014,6.41E-34,-2.2792935266684,6.13E-34,-2.27923584512993,7.89E-34,-2.27917889123417,1.61E-33,-2.2793031262621,5.81E-33,-2.27923251029898,1.58E-32
,,,,,,,,,,,,-2.27453156070973,6.43E-34,-2.27449347866779,6.14E-34,-2.2744357971295,7.90E-34,-2.2743788432336,1.61E-33,-2.27450307826172,5.81E-33,-2.27443246229846,1.58E-32
,,,,,,,,,,,,-2.26973151270932,6.45E-34,-2.26969343066739,6.16E-34,-2.26963574912911,7.90E-34,-2.26957879523317,1.61E-33,-2.26970303026116,5.81E-33,-2.26963241429792,1.58E-32
,,,,,,,,,,,,-2.26493146470868,6.46E-34,-2.26489338266698,6.17E-34,-2.26483570112845,7.91E-34,-2.2647787472327,1.61E-33,-2.26490298226067,5.81E-33,-2.26483236629754,1.58E-32
,,,,,,,,,,,,-2.2601314167083,6.48E-34,-2.26009333466633,6.18E-34,-2.26003565312806,7.92E-34,-2.25997869923216,1.61E-33,-2.26010293426029,5.81E-33,-2.26003231829701,1.58E-32
,,,,,,,,,,,,-2.25533136870787,6.50E-34,-2.25529328666596,6.19E-34,-2.25523560512766,7.93E-34,-2.25517865123176,1.61E-33,-2.25530288625972,5.81E-33,-2.25523227029649,1.58E-32
,,,,,,,,,,,,-2.25053132070726,6.52E-34,-2.25049323866553,6.21E-34,-2.25043555712703,7.93E-34,-2.25037860323125,1.61E-33,-2.25050283825924,5.81E-33,-2.25043222229611,1.58E-32
,,,,,,,,,,,,-2.24573127270686,6.54E-34,-2.24569319066491,6.22E-34,-2.24563550912663,7.94E-34,-2.24557855523073,1.61E-33,-2.24570279025886,5.81E-33,-2.24563217429556,1.58E-32
,,,,,,,,,,,,-2.2409312247064,6.56E-34,-2.24089314266451,6.23E-34,-2.24083546112618,7.95E-34,-2.24077850723034,1.61E-33,-2.24090274225827,5.81E-33,-2.24083212629506,1.58E-32
,,,,,,,,,,,,-2.23613117670585,6.58E-34,-2.23609309466405,6.25E-34,-2.23603541312562,7.96E-34,-2.23597845922978,1.61E-33,-2.23610269425781,5.81E-33,-2.23603207829468,1.58E-32
,,,,,,,,,,,,-2.23133112870542,6.60E-34,-2.2312930466635,6.26E-34,-2.2312353651252,7.96E-34,-2.2311784112293,1.61E-33,-2.23130264625741,5.82E-33,-2.2312320302941,1.58E-32
,,,,,,,,,,,,-2.22653108070493,6.62E-34,-2.22649299866308,6.27E-34,-2.22643531712471,7.97E-34,-2.22637836322891,1.61E-33,-2.2265025982568,5.82E-33,-2.22643198229365,1.58E-32
,,,,,,,,,,,,-2.22173103270442,6.64E-34,-2.22169295066258,6.29E-34,-2.2216352691242,7.98E-34,-2.22157831522833,1.61E-33,-2.2217025502564,5.82E-33,-2.22163193429324,1.58E-32
,,,,,,,,,,,,-2.21693098470399,6.66E-34,-2.21689290266208,6.30E-34,-2.21683522112377,7.99E-34,-2.21677826722785,1.61E-33,-2.21690250225594,5.82E-33,-2.21683188629263,1.58E-32
,,,,,,,,,,,,-2.21213093670347,6.68E-34,-2.21209285466164,6.32E-34,-2.21203517312326,7.99E-34,-2.21197821922747,1.61E-33,-2.21210245425537,5.82E-33,-2.21203183829223,1.58E-32
,,,,,,,,,,,,-2.20733088870299,6.70E-34,-2.20729280666113,6.33E-34,-2.20723512512277,8.00E-34,-2.2071781712269,1.61E-33,-2.20730240625498,5.82E-33,-2.20723179029178,1.58E-32
,,,,,,,,,,,,-2.20253084070258,6.72E-34,-2.20249275866065,6.34E-34,-2.20243507712236,8.01E-34,-2.20237812322642,1.61E-33,-2.20250235825449,5.82E-33,-2.20243174229119,1.58E-32
,,,,,,,,,,,,-2.19773079270199,6.74E-34,-2.19769271066023,6.36E-34,-2.19763502912178,8.02E-34,-2.19757807522603,1.61E-33,-2.19770231025394,5.82E-33,-2.1976316942908,1.58E-32
,,,,,,,,,,,,-2.19293074470156,6.76E-34,-2.19289266265965,6.37E-34,-2.19283498112133,8.03E-34,-2.19277802722542,1.61E-33,-2.19290226225355,5.82E-33,-2.19283164629033,1.58E-32
,,,,,,,,,,,,-2.18813069670117,6.78E-34,-2.18809261465921,6.39E-34,-2.18803493312094,8.03E-34,-2.18797797922501,1.61E-33,-2.18810221425302,5.82E-33,-2.18803159828976,1.58E-32
,,,,,,,,,,,,-2.18333064870053,6.80E-34,-2.18329256665882,6.40E-34,-2.18323488512032,8.04E-34,-2.18317793122456,1.61E-33,-2.1833021662525,5.82E-33,-2.18323155028937,1.58E-32
,,,,,,,,,,,,-2.17853060070012,6.82E-34,-2.17849251865818,6.41E-34,-2.17843483711989,8.05E-34,-2.17837788322399,1.61E-33,-2.17850211825211,5.82E-33,-2.17843150228886,1.58E-32
,,,,,,,,,,,,-2.17373055269973,6.84E-34,-2.17369247065778,6.43E-34,-2.17363478911951,8.06E-34,-2.1735778352236,1.62E-33,-2.17370207025157,5.82E-33,-2.17363145428832,1.58E-32
,,,,,,,,,,,,-2.16893050469909,6.86E-34,-2.16889242265739,6.44E-34,-2.16883474111889,8.07E-34,-2.1687777872231,1.62E-33,-2.16890202225107,5.82E-33,-2.16883140628793,1.58E-32
,,,,,,,,,,,,-2.16413045669869,6.88E-34,-2.16409237465675,6.46E-34,-2.16403469311845,8.07E-34,-2.16397773922255,1.62E-33,-2.16410197425068,5.82E-33,-2.16403135828742,1.58E-32
,,,,,,,,,,,,-2.15933040869825,6.91E-34,-2.15929232665635,6.47E-34,-2.15923464511804,8.08E-34,-2.15917769122218,1.62E-33,-2.15930192625013,5.82E-33,-2.15923131028689,1.58E-32
,,,,,,,,,,,,-2.15453036069768,6.93E-34,-2.15449227865591,6.49E-34,-2.15443459711746,8.09E-34,-2.15437764322164,1.62E-33,-2.15450187824965,5.82E-33,-2.1544312622865,1.58E-32
,,,,,,,,,,,,-2.14973031269726,6.95E-34,-2.14969223065534,6.50E-34,-2.14963454911702,8.10E-34,-2.14957759522112,1.62E-33,-2.14970183024925,5.82E-33,-2.14963121428596,1.58E-32
,,,,,,,,,,,,-2.14493026469679,6.97E-34,-2.14489218265491,6.52E-34,-2.14483450111657,8.11E-34,-2.14477754722074,1.62E-33,-2.14490178224865,5.82E-33,-2.14483116628548,1.58E-32
,,,,,,,,,,,,-2.14013021669626,6.99E-34,-2.14009213465444,6.53E-34,-2.14003445311602,8.12E-34,-2.13997749922019,1.62E-33,-2.14010173424824,5.82E-33,-2.14003111828507,1.58E-32
,,,,,,,,,,,,-2.13533016869582,7.02E-34,-2.13529208665391,6.55E-34,-2.13523440511561,8.13E-34,-2.13517745121969,1.62E-33,-2.13530168624779,5.82E-33,-2.13523107028448,1.58E-32
,,,,,,,,,,,,-2.13053012069533,7.04E-34,-2.13049203865348,6.56E-34,-2.13043435711512,8.13E-34,-2.13037740321931,1.62E-33,-2.13050163824721,5.82E-33,-2.13043102228407,1.58E-32
,,,,,,,,,,,,-2.12573007269483,7.06E-34,-2.12569199065299,6.58E-34,-2.12563430911459,8.14E-34,-2.12557735521875,1.62E-33,-2.12570159024681,5.82E-33,-2.12563097428362,1.58E-32
,,,,,,,,,,,,-2.12093002469441,7.08E-34,-2.12089194265248,6.59E-34,-2.1208342611142,8.15E-34,-2.12077730721827,1.62E-33,-2.12090154224634,5.82E-33,-2.12083092628303,1.58E-32
,,,,,,,,,,,,-2.11612997669384,7.11E-34,-2.11609189465207,6.61E-34,-2.11603421311364,8.16E-34,-2.11597725921787,1.62E-33,-2.11610149424577,5.82E-33,-2.11603087828264,1.58E-32
,,,,,,,,,,,,-2.11132992869339,7.13E-34,-2.11129184665149,6.63E-34,-2.11123416511316,8.17E-34,-2.11117721121727,1.62E-33,-2.11130144624538,5.82E-33,-2.11123083028219,1.59E-32
,,,,,,,,,,,,-2.106529880693,7.15E-34,-2.10649179865105,6.64E-34,-2.10643411711278,8.18E-34,-2.10637716321684,1.62E-33,-2.10650139824489,5.82E-33,-2.10643078228159,1.59E-32
,,,,,,,,,,,,-2.10172983269237,7.17E-34,-2.10169175065066,6.66E-34,-2.10163406911218,8.19E-34,-2.10157711521642,1.62E-33,-2.10170135024433,5.82E-33,-2.1016307342812,1.59E-32
,,,,,,,,,,,,-2.09692978469196,7.20E-34,-2.09689170265003,6.67E-34,-2.09683402111172,8.20E-34,-2.09677706721582,1.62E-33,-2.09690130224395,5.82E-33,-2.09683068628073,1.59E-32
,,,,,,,,,,,,-2.09212973669157,7.22E-34,-2.09209165464961,6.69E-34,-2.09203397311134,8.21E-34,-2.09197701921543,1.62E-33,-2.09210125424344,5.83E-33,-2.09203063828015,1.59E-32
,,,,,,,,,,,,-2.08732968869094,7.25E-34,-2.08729160664922,6.71E-34,-2.08723392511075,8.22E-34,-2.08717697121494,1.62E-33,-2.08730120624289,5.83E-33,-2.08723059027977,1.59E-32
,,,,,,,,,,,,-2.08252964069052,7.27E-34,-2.08249155864859,6.72E-34,-2.08243387711029,8.23E-34,-2.08237692321439,1.63E-33,-2.08250115824251,5.83E-33,-2.08243054227928,1.59E-32
,,,,,,,,,,,,-2.0777295926901,7.29E-34,-2.07769151064818,6.74E-34,-2.0776338291099,8.23E-34,-2.077576875214,1.63E-33,-2.07770111024196,5.83E-33,-2.07763049427873,1.59E-32
,,,,,,,,,,,,-2.07292954468952,7.32E-34,-2.07289146264776,6.76E-34,-2.07283378110929,8.24E-34,-2.07277682721349,1.63E-33,-2.07290106224148,5.83E-33,-2.07283044627834,1.59E-32
,,,,,,,,,,,,-2.06812949668909,7.34E-34,-2.06809141464717,6.77E-34,-2.06803373310885,8.25E-34,-2.06797677921296,1.63E-33,-2.06810101424108,5.83E-33,-2.0680303982778,1.59E-32
,,,,,,,,,,,,-2.06332944868863,7.37E-34,-2.06329136664675,6.79E-34,-2.06323368510843,8.26E-34,-2.06317673121257,1.63E-33,-2.0633009662405,5.83E-33,-2.06323035027732,1.59E-32
,,,,,,,,,,,,-2.05852940068809,7.39E-34,-2.05849131864629,6.81E-34,-2.05843363710786,8.27E-34,-2.05837668321205,1.63E-33,-2.05850091824007,5.83E-33,-2.0584303022769,1.59E-32
,,,,,,,,,,,,-2.05372935268767,7.42E-34,-2.05369127064575,6.82E-34,-2.05363358910744,8.28E-34,-2.05357663521152,1.63E-33,-2.05370087023965,5.83E-33,-2.05363025427633,1.59E-32
,,,,,,,,,,,,-2.04892930468718,7.44E-34,-2.04889122264532,6.84E-34,-2.04883354110695,8.29E-34,-2.04877658721113,1.63E-33,-2.04890082223903,5.83E-33,-2.0488302062759,1.59E-32
,,,,,,,,,,,,-2.04412925668666,7.47E-34,-2.04409117464483,6.86E-34,-2.04403349310642,8.30E-34,-2.04397653921059,1.63E-33,-2.04410077423865,5.83E-33,-2.04403015827547,1.59E-32
,,,,,,,,,,,,-2.03932920868626,7.49E-34,-2.03929112664432,6.88E-34,-2.03923344510603,8.31E-34,-2.0391764912101,1.63E-33,-2.03930072623819,5.83E-33,-2.03923011027486,1.59E-32
,,,,,,,,,,,,-2.0345291606857,7.52E-34,-2.03449107864391,6.89E-34,-2.03443339710548,8.32E-34,-2.0343764432097,1.63E-33,-2.0345006782376,5.83E-33,-2.03443006227447,1.59E-32
,,,,,,,,,,,,-2.02972911268522,7.54E-34,-2.02969103064335,6.91E-34,-2.02963334910499,8.33E-34,-2.02957639520913,1.63E-33,-2.02970063023722,5.83E-33,-2.02963001427403,1.59E-32
,,,,,,,,,,,,-2.02492906468484,7.57E-34,-2.02489098264287,6.93E-34,-2.0248333011046,8.34E-34,-2.02477634720869,1.63E-33,-2.02490058223675,5.83E-33,-2.02482996627342,1.59E-32
,,,,,,,,,,,,-2.02012901668424,7.60E-34,-2.02009093464249,6.95E-34,-2.02003325310404,8.35E-34,-2.01997629920826,1.63E-33,-2.02010053423616,5.83E-33,-2.02002991827304,1.59E-32
,,,,,,,,,,,,-2.01532896868378,7.62E-34,-2.0152908866419,6.97E-34,-2.01523320510356,8.36E-34,-2.01517625120765,1.63E-33,-2.01530048623578,5.83E-33,-2.01522987027259,1.59E-32
,,,,,,,,,,,,-2.0105289206834,7.65E-34,-2.01049083864144,6.98E-34,-2.01043315710317,8.37E-34,-2.01037620320727,1.63E-33,-2.01050043823529,5.83E-33,-2.01042982227198,1.59E-32
,,,,,,,,,,,,-2.00572887268278,7.68E-34,-2.00569079064106,7.00E-34,-2.00563310910259,8.38E-34,-2.0055761552068,1.64E-33,-2.00570039023473,5.83E-33,-2.0056297742716,1.59E-32
,,,,,,,,,,,,-2.00092882468235,7.70E-34,-2.00089074264044,7.02E-34,-2.00083306110212,8.39E-34,-2.00077610720621,1.64E-33,-2.00090034223435,5.83E-33,-2.00082972627112,1.59E-32
,,,,,,,,,,,,-1.99612877668196,7.73E-34,-1.99609069464,7.04E-34,-1.99603301310173,8.41E-34,-1.99597605920583,1.64E-33,-1.99610029423381,5.83E-33,-1.99602967827056,1.59E-32
,,,,,,,,,,,,-1.99132872868135,7.76E-34,-1.99129064663961,7.06E-34,-1.99123296510114,8.42E-34,-1.99117601120536,1.64E-33,-1.99130024623332,5.83E-33,-1.99122963027017,1.59E-32
,,,,,,,,,,,,-1.98652868068091,7.79E-34,-1.98649059863901,7.08E-34,-1.9864329171007,8.43E-34,-1.98637596320478,1.64E-33,-1.98650019823292,5.83E-33,-1.98642958226964,1.59E-32
,,,,,,,,,,,,-1.98172863268049,7.81E-34,-1.98169055063857,7.10E-34,-1.98163286910028,8.44E-34,-1.9815759152044,1.64E-33,-1.98170015023235,5.83E-33,-1.98162953426915,1.59E-32
,,,,,,,,,,,,-1.97692858467992,7.84E-34,-1.97689050263815,7.12E-34,-1.97683282109968,8.45E-34,-1.97677586720391,1.64E-33,-1.97690010223191,5.83E-33,-1.97682948626874,1.59E-32
,,,,,,,,,,,,-1.9721285366795,7.87E-34,-1.97209045463757,7.14E-34,-1.97203277309929,8.46E-34,-1.97197581920335,1.64E-33,-1.97210005423147,5.84E-33,-1.97202943826819,1.59E-32
,,,,,,,,,,,,-1.96732848867902,7.90E-34,-1.96729040663716,7.16E-34,-1.9672327250988,8.47E-34,-1.96717577120297,1.64E-33,-1.96730000623089,5.84E-33,-1.96722939026773,1.59E-32
,,,,,,,,,,,,-1.96252844067848,7.93E-34,-1.96249035863668,7.17E-34,-1.96243267709825,8.48E-34,-1.96237572320243,1.64E-33,-1.96249995823047,5.84E-33,-1.9624293422673,1.59E-32
,,,,,,,,,,,,-1.95772839267809,7.95E-34,-1.95769031063614,7.19E-34,-1.95763262909787,8.49E-34,-1.95757567520194,1.64E-33,-1.95769991023004,5.84E-33,-1.95762929426672,1.59E-32
,,,,,,,,,,,,-1.95292834467755,7.98E-34,-1.95289026263575,7.21E-34,-1.95283258109735,8.50E-34,-1.95277562720153,1.64E-33,-1.95289986222943,5.84E-33,-1.95282924626629,1.59E-32
,,,,,,,,,,,,-1.94812829667705,8.01E-34,-1.94809021463521,7.23E-34,-1.94803253309681,8.52E-34,-1.94797557920097,1.64E-33,-1.94809981422904,5.84E-33,-1.94802919826588,1.59E-32
,,,,,,,,,,,,-1.94332824867667,8.04E-34,-1.94329016663471,7.25E-34,-1.94323248509643,8.53E-34,-1.94317553120052,1.64E-33,-1.9432997662286,5.84E-33,-1.94322915026525,1.59E-32
,,,,,,,,,,,,-1.93852820067609,8.07E-34,-1.93849011863433,7.28E-34,-1.9384324370959,8.54E-34,-1.9383754832001,1.64E-33,-1.938499718228,5.84E-33,-1.93842910226486,1.59E-32
,,,,,,,,,,,,-1.93372815267562,8.10E-34,-1.93369007063374,7.30E-34,-1.93363238909538,8.55E-34,-1.9335754351995,1.65E-33,-1.93369967022761,5.84E-33,-1.93362905426445,1.59E-32
,,,,,,,,,,,,-1.92892810467524,8.13E-34,-1.92889002263327,7.32E-34,-1.928832341095,8.56E-34,-1.9287753871991,1.65E-33,-1.92889962222715,5.84E-33,-1.92882900626382,1.59E-32
,,,,,,,,,,,,-1.92412805667463,8.16E-34,-1.92408997463289,7.34E-34,-1.92403229309444,8.57E-34,-1.92397533919865,1.65E-33,-1.92409957422657,5.84E-33,-1.92402895826343,1.59E-32
,,,,,,,,,,,,-1.91932800867418,8.19E-34,-1.91928992663229,7.36E-34,-1.91923224509395,8.59E-34,-1.91917529119805,1.65E-33,-1.91929952622617,5.84E-33,-1.91922891026298,1.59E-32
,,,,,,,,,,,,-1.9145279606738,8.22E-34,-1.91448987863184,7.38E-34,-1.91443219709357,8.60E-34,-1.91437524319767,1.65E-33,-1.91449947822567,5.84E-33,-1.91442886226241,1.59E-32
,,,,,,,,,,,,-1.9097279126732,8.25E-34,-1.90968983063146,7.40E-34,-1.90963214909298,8.61E-34,-1.90957519519721,1.65E-33,-1.90969943022516,5.84E-33,-1.90962881426199,1.59E-32
,,,,,,,,,,,,-1.90492786467275,8.29E-34,-1.90488978263085,7.42E-34,-1.90483210109254,8.62E-34,-1.90477514719661,1.65E-33,-1.90489938222474,5.84E-33,-1.9048287662615,1.59E-32
,,,,,,,,,,,,-1.90012781667234,8.32E-34,-1.90008973463041,7.44E-34,-1.90003205309213,8.63E-34,-1.89997509919624,1.65E-33,-1.9000993342242,5.84E-33,-1.900028718261,1.59E-32
,,,,,,,,,,,,-1.89532776867175,8.35E-34,-1.89528968662999,7.47E-34,-1.89523200509152,8.65E-34,-1.89517505119577,1.65E-33,-1.89529928622374,5.84E-33,-1.89522867026056,1.59E-32
,,,,,,,,,,,,-1.89052772067134,8.38E-34,-1.89048963862941,7.49E-34,-1.89043195709112,8.66E-34,-1.89037500319518,1.65E-33,-1.89049923822332,5.84E-33,-1.89042862226003,1.59E-32
,,,,,,,,,,,,-1.88572767267086,8.41E-34,-1.88568959062899,7.51E-34,-1.88563190909065,8.67E-34,-1.88557495519479,1.65E-33,-1.88569919022273,5.84E-33,-1.88562857425956,1.59E-32
,,,,,,,,,,,,-1.88092762467032,8.45E-34,-1.88088954262851,7.53E-34,-1.88083186109008,8.68E-34,-1.88077490719429,1.65E-33,-1.88089914222231,5.84E-33,-1.88082852625915,1.59E-32
,,,,,,,,,,,,-1.87612757666993,8.48E-34,-1.87608949462797,7.56E-34,-1.8760318130897,8.70E-34,-1.87597485919377,1.65E-33,-1.87609909422189,5.85E-33,-1.87602847825856,1.59E-32
,,,,,,,,,,,,-1.8713275286694,8.51E-34,-1.87128944662758,7.58E-34,-1.8712317650892,8.71E-34,-1.87117481119336,1.65E-33,-1.87129904622125,5.85E-33,-1.87122843025813,1.59E-32
,,,,,,,,,,,,-1.86652748066888,8.54E-34,-1.86648939862706,7.60E-34,-1.86643171708865,8.72E-34,-1.86637476319283,1.66E-33,-1.86649899822087,5.85E-33,-1.86642838225773,1.59E-32
,,,,,,,,,,,,-1.86172743266849,8.58E-34,-1.86168935062654,7.62E-34,-1.86163166908827,8.74E-34,-1.86157471519236,1.66E-33,-1.86169895022046,5.85E-33,-1.86162833425709,1.59E-32
,,,,,,,,,,,,-1.85692738466796,8.61E-34,-1.85688930262615,7.65E-34,-1.85683162108775,8.75E-34,-1.85677466719192,1.66E-33,-1.85689890221982,5.85E-33,-1.8568282862567,1.59E-32
,,,,,,,,,,,,-1.85212733666745,8.65E-34,-1.85208925462561,7.67E-34,-1.85203157308721,8.76E-34,-1.85197461919136,1.66E-33,-1.85209885421944,5.85E-33,-1.85202823825629,1.59E-32
,,,,,,,,,,,,-1.84732728866706,8.68E-34,-1.84728920662511,7.69E-34,-1.84723152508682,8.78E-34,-1.84717457119093,1.66E-33,-1.84729880621899,5.85E-33,-1.84722819025565,1.59E-32
,,,,,,,,,,,,-1.8425272406665,8.71E-34,-1.84248915862472,7.72E-34,-1.8424314770863,8.79E-34,-1.84237452319051,1.66E-33,-1.84249875821841,5.85E-33,-1.84242814225526,1.59E-32
,,,,,,,,,,,,-1.83772719266602,8.75E-34,-1.83768911062416,7.74E-34,-1.83763142908578,8.80E-34,-1.83757447518988,1.66E-33,-1.83769871021801,5.85E-33,-1.83762809425483,1.59E-32
,,,,,,,,,,,,-1.83292714466563,8.78E-34,-1.83288906262367,7.77E-34,-1.83283138108539,8.82E-34,-1.83277442718949,1.66E-33,-1.83289866221751,5.85E-33,-1.83282804625424,1.59E-32
,,,,,,,,,,,,-1.82812709666504,8.82E-34,-1.82808901462328,7.79E-34,-1.82803133308484,8.83E-34,-1.82797437918908,1.66E-33,-1.828098614217,5.85E-33,-1.82802799825383,1.59E-32
,,,,,,,,,,,,-1.8233270486646,8.86E-34,-1.8232889666227,7.81E-34,-1.82323128508437,8.84E-34,-1.82317433118845,1.66E-33,-1.82329856621657,5.85E-33,-1.82322795025335,1.59E-32
,,,,,,,,,,,,-1.81852700066419,8.89E-34,-1.81848891862225,7.84E-34,-1.81843123708396,8.86E-34,-1.81837428318806,1.66E-33,-1.81849851821606,5.85E-33,-1.81842790225283,1.59E-32
,,,,,,,,,,,,-1.81372695266358,8.93E-34,-1.81368887062185,7.86E-34,-1.81363118908337,8.87E-34,-1.81357423518762,1.66E-33,-1.81369847021558,5.85E-33,-1.81362785425239,1.59E-32
,,,,,,,,,,,,-1.80892690466317,8.96E-34,-1.80888882262123,7.89E-34,-1.80883114108296,8.89E-34,-1.80877418718703,1.67E-33,-1.80889842221515,5.85E-33,-1.80882780625189,1.59E-32
,,,,,,,,,,,,-1.80412685666271,9.00E-34,-1.80408877462083,7.91E-34,-1.8040310930825,8.90E-34,-1.80397413918663,1.67E-33,-1.80409837421459,5.85E-33,-1.8040277582514,1.59E-32
,,,,,,,,,,,,-1.79932680866214,9.04E-34,-1.79928872662037,7.94E-34,-1.79923104508192,8.92E-34,-1.79917409118613,1.67E-33,-1.79929832621414,5.85E-33,-1.79922771025098,1.59E-32
,,,,,,,,,,,,-1.79452676066176,9.08E-34,-1.7944886786198,7.97E-34,-1.79443099708153,8.93E-34,-1.79437404318562,1.67E-33,-1.79449827821373,5.85E-33,-1.79442766225042,1.59E-32
,,,,,,,,,,,,-1.78972671266126,9.11E-34,-1.78968863061942,7.99E-34,-1.78963094908107,8.95E-34,-1.78957399518519,1.67E-33,-1.78969823021311,5.86E-33,-1.78962761424996,1.59E-32
,,,,,,,,,,,,-1.78492666466071,9.15E-34,-1.78488858261891,8.02E-34,-1.78483090108048,8.96E-34,-1.78477394718468,1.67E-33,-1.78489818221271,5.86E-33,-1.78482756624956,1.59E-32
,,,,,,,,,,,,-1.78012661666033,9.19E-34,-1.78008853461836,8.04E-34,-1.78003085308009,8.98E-34,-1.77997389918419,1.67E-33,-1.78009813421232,5.86E-33,-1.78002751824894,1.59E-32
,,,,,,,,,,,,-1.77532656865981,9.23E-34,-1.77528848661798,8.07E-34,-1.77523080507962,8.99E-34,-1.77517385118376,1.67E-33,-1.77529808621166,5.86E-33,-1.77522747024853,1.59E-32
,,,,,,,,,,,,-1.77052652065928,9.27E-34,-1.77048843861747,8.10E-34,-1.77043075707905,9.01E-34,-1.77037380318321,1.67E-33,-1.77049803821126,5.86E-33,-1.77042742224814,1.59E-32
,,,,,,,,,,,,-1.7657264726589,9.31E-34,-1.76568839061693,8.12E-34,-1.76563070907866,9.02E-34,-1.76557375518276,1.67E-33,-1.76569799021085,5.86E-33,-1.7656273742475,1.59E-32
,,,,,,,,,,,,-1.76092642465836,9.35E-34,-1.76088834261655,8.15E-34,-1.76083066107814,9.04E-34,-1.76077370718235,1.67E-33,-1.76089794221024,5.86E-33,-1.76082732624709,1.59E-32
,,,,,,,,,,,,-1.75612637665784,9.39E-34,-1.75608829461601,8.18E-34,-1.75603061307763,9.05E-34,-1.75597365918173,1.68E-33,-1.75609789420983,5.86E-33,-1.75602727824668,1.59E-32
,,,,,,,,,,,,-1.75132632865746,9.43E-34,-1.7512882466155,8.21E-34,-1.75123056507723,9.07E-34,-1.75117361118133,1.68E-33,-1.75129784620937,5.86E-33,-1.75122723024608,1.59E-32
,,,,,,,,,,,,-1.7465262806569,9.47E-34,-1.74648819861512,8.23E-34,-1.74643051707669,9.08E-34,-1.74637356318094,1.68E-33,-1.74649779820883,5.86E-33,-1.74642718224565,1.59E-32
,,,,,,,,,,,,-1.74172623265643,9.51E-34,-1.74168815061456,8.26E-34,-1.74163046907621,9.10E-34,-1.74157351518027,1.68E-33,-1.7416977502084,5.86E-33,-1.7416271342452,1.59E-32
,,,,,,,,,,,,-1.73692618465603,9.55E-34,-1.73688810261409,8.29E-34,-1.73683042107579,9.12E-34,-1.73677346717989,1.68E-33,-1.73689770220792,5.86E-33,-1.73682708624465,1.59E-32
,,,,,,,,,,,,-1.73212613665543,9.59E-34,-1.73208805461368,8.32E-34,-1.73203037307522,9.13E-34,-1.73197341917947,1.68E-33,-1.7320976542074,5.86E-33,-1.73202703824423,1.59E-32
,,,,,,,,,,,,-1.72732608865502,9.63E-34,-1.72728800661309,8.35E-34,-1.72723032507479,9.15E-34,-1.72717337117886,1.68E-33,-1.72729760620699,5.86E-33,-1.72722699024375,1.59E-32
,,,,,,,,,,,,-1.72252604065456,9.67E-34,-1.72248795861268,8.38E-34,-1.72243027707436,9.16E-34,-1.72237332317846,1.68E-33,-1.72249755820645,5.86E-33,-1.72242694224322,1.59E-32
,,,,,,,,,,,,-1.71772599265398,9.72E-34,-1.71768791061222,8.41E-34,-1.71763022907374,9.18E-34,-1.71757327517799,1.68E-33,-1.71769751020597,5.86E-33,-1.71762689424282,1.59E-32
,,,,,,,,,,,,-1.7129259446536,9.76E-34,-1.71288786261163,8.44E-34,-1.71283018107336,9.20E-34,-1.71277322717745,1.68E-33,-1.71289746220558,5.87E-33,-1.71282684624228,1.59E-32
,,,,,,,,,,,,-1.70812589665312,9.80E-34,-1.70808781461125,8.47E-34,-1.70803013307293,9.21E-34,-1.70797317917703,1.69E-33,-1.70809741420497,5.87E-33,-1.70802679824179,1.59E-32
,,,,,,,,,,,,-1.70332584865254,9.85E-34,-1.70328776661077,8.50E-34,-1.70323008507231,9.23E-34,-1.70317313117652,1.69E-33,-1.70329736620453,5.87E-33,-1.70322675024141,1.59E-32
,,,,,,,,,,,,-1.69852580065215,9.89E-34,-1.6984877186102,8.53E-34,-1.69843003707193,9.25E-34,-1.69837308317603,1.69E-33,-1.69849731820415,5.87E-33,-1.6984267022408,1.59E-32
,,,,,,,,,,,,-1.69372575265167,9.93E-34,-1.69368767060981,8.56E-34,-1.69362998907148,9.27E-34,-1.69357303517559,1.69E-33,-1.69369727020351,5.87E-33,-1.69362665424035,1.59E-32
,,,,,,,,,,,,-1.68892570465111,9.98E-34,-1.68888762260933,8.59E-34,-1.68882994107087,9.28E-34,-1.68877298717507,1.69E-33,-1.6888972222031,5.87E-33,-1.68882660623997,1.59E-32
,,,,,,,,,,,,-1.68412565665072,1.00E-33,-1.68408757460877,8.62E-34,-1.68402989307049,9.30E-34,-1.6839729391746,1.69E-33,-1.6840971742027,5.87E-33,-1.68402655823936,1.59E-32
,,,,,,,,,,,,-1.67932560865021,1.01E-33,-1.67928752660837,8.65E-34,-1.67922984507,9.32E-34,-1.67917289117418,1.69E-33,-1.67929712620209,5.87E-33,-1.67922651023892,1.59E-32
,,,,,,,,,,,,-1.67452556064968,1.01E-33,-1.67448747860787,8.68E-34,-1.67442979706946,9.34E-34,-1.67437284317359,1.69E-33,-1.67449707820167,5.87E-33,-1.67442646223853,1.59E-32
,,,,,,,,,,,,-1.66972551264929,1.02E-33,-1.66968743060733,8.71E-34,-1.66962974906906,9.36E-34,-1.66957279517315,1.69E-33,-1.66969703020122,5.87E-33,-1.66962641423792,1.59E-32
,,,,,,,,,,,,-1.66492546464876,1.02E-33,-1.66488738260694,8.75E-34,-1.66482970106853,9.37E-34,-1.66477274717277,1.69E-33,-1.66489698220067,5.87E-33,-1.66482636623749,1.59E-32
,,,,,,,,,,,,-1.66012541664827,1.03E-33,-1.66008733460641,8.78E-34,-1.66002965306805,9.39E-34,-1.65997269917212,1.70E-33,-1.66009693420023,5.87E-33,-1.66002631823705,1.59E-32
,,,,,,,,,,,,-1.65532536864785,1.03E-33,-1.65528728660592,8.81E-34,-1.65522960506762,9.41E-34,-1.65517265117172,1.70E-33,-1.65529688619975,5.87E-33,-1.65522627023649,1.59E-32
,,,,,,,,,,,,-1.65052532064729,1.04E-33,-1.65048723860551,8.84E-34,-1.65042955706708,9.43E-34,-1.65037260317133,1.70E-33,-1.65049683819923,5.88E-33,-1.65042622223606,1.59E-32
,,,,,,,,,,,,-1.64572527264685,1.04E-33,-1.64568719060495,8.88E-34,-1.64562950906663,9.45E-34,-1.6455725551707,1.70E-33,-1.64569679019882,5.88E-33,-1.64562617423558,1.59E-32
,,,,,,,,,,,,-1.64092522464642,1.04E-33,-1.64088714260451,8.91E-34,-1.64082946106619,9.47E-34,-1.64077250717028,1.70E-33,-1.64089674219829,5.88E-33,-1.64082612623506,1.59E-32
,,,,,,,,,,,,-1.63612517664581,1.05E-33,-1.63608709460407,8.95E-34,-1.6360294130656,9.49E-34,-1.63597245916985,1.70E-33,-1.6360966941978,5.88E-33,-1.63602607823465,1.59E-32
,,,,,,,,,,,,-1.63132512864542,1.05E-33,-1.63128704660347,8.98E-34,-1.63122936506518,9.51E-34,-1.63117241116929,1.70E-33,-1.63129664619741,5.88E-33,-1.63122603023413,1.59E-32
,,,,,,,,,,,,-1.62652508064497,1.06E-33,-1.62648699860308,9.01E-34,-1.62642931706477,9.53E-34,-1.62637236316885,1.70E-33,-1.62649659819682,5.88E-33,-1.62642598223362,1.59E-32
,,,,,,,,,,,,-1.62172503264438,1.06E-33,-1.62168695060263,9.05E-34,-1.62162926906414,9.55E-34,-1.62157231516838,1.71E-33,-1.62169655019637,5.88E-33,-1.62162593423323,1.59E-32
,,,,,,,,,,,,-1.61692498464399,1.07E-33,-1.61688690260203,9.08E-34,-1.61682922106375,9.57E-34,-1.61677226716785,1.71E-33,-1.61689650219598,5.88E-33,-1.61682588623266,1.59E-32
,,,,,,,,,,,,-1.61212493664353,1.08E-33,-1.61208685460164,9.12E-34,-1.61202917306334,9.59E-34,-1.61197221916744,1.71E-33,-1.61209645419537,5.88E-33,-1.61202583823219,1.59E-32
,,,,,,,,,,,,-1.60732488864294,1.08E-33,-1.60728680660118,9.16E-34,-1.60722912506271,9.61E-34,-1.60717217116692,1.71E-33,-1.60729640619493,5.88E-33,-1.6072257902318,1.59E-32
,,,,,,,,,,,,-1.60252484064255,1.09E-33,-1.6024867586006,9.19E-34,-1.60242907706232,9.63E-34,-1.60237212316642,1.71E-33,-1.60249635819454,5.88E-33,-1.60242574223121,1.59E-32
,,,,,,,,,,,,-1.59772479264206,1.09E-33,-1.59768671060021,9.23E-34,-1.59762902906186,9.65E-34,-1.59757207516602,1.71E-33,-1.59769631019394,5.88E-33,-1.59762569423076,1.59E-32
,,,,,,,,,,,,-1.59292474464151,1.10E-33,-1.59288666259972,9.26E-34,-1.5928289810613,9.67E-34,-1.59277202716544,1.71E-33,-1.59289626219349,5.88E-33,-1.59282564623036,1.59E-32
,,,,,,,,,,,,-1.58812469664112,1.10E-33,-1.58808661459917,9.30E-34,-1.58802893306088,9.69E-34,-1.58797197916499,1.71E-33,-1.58809621419308,5.89E-33,-1.58802559822978,1.59E-32
,,,,,,,,,,,,-1.58332464864059,1.11E-33,-1.58328656659878,9.34E-34,-1.58322888506039,9.71E-34,-1.58317193116459,1.72E-33,-1.5832961661925,5.89E-33,-1.58322555022931,1.59E-32
,,,,,,,,,,,,-1.5785246006401,1.11E-33,-1.57848651859825,9.38E-34,-1.57842883705989,9.73E-34,-1.57837188316399,1.72E-33,-1.57849611819207,5.89E-33,-1.57842550222891,1.59E-32
,,,,,,,,,,,,-1.57372455263969,1.12E-33,-1.57368647059776,9.42E-34,-1.57362878905945,9.75E-34,-1.57357183516355,1.72E-33,-1.57369607019161,5.89E-33,-1.57362545422832,1.59E-32
,,,,,,,,,,,,-1.56892450463914,1.12E-33,-1.56888642259734,9.45E-34,-1.56882874105893,9.78E-34,-1.56877178716316,1.72E-33,-1.56889602219107,5.89E-33,-1.5688254062279,1.59E-32
,,,,,,,,,,,,-1.56412445663869,1.13E-33,-1.56408637459679,9.49E-34,-1.56402869305845,9.80E-34,-1.56397173916254,1.72E-33,-1.56409597419066,5.89E-33,-1.56402535822744,1.59E-32
,,,,,,,,,,,,-1.55932440863825,1.14E-33,-1.55928632659635,9.53E-34,-1.55922864505803,9.82E-34,-1.55917169116212,1.72E-33,-1.55929592619015,5.89E-33,-1.55922531022689,1.59E-32
,,,,,,,,,,,,-1.55452436063766,1.14E-33,-1.55448627859591,9.57E-34,-1.55442859705746,9.84E-34,-1.55437164316169,1.72E-33,-1.55449587818962,5.89E-33,-1.55442526222649,1.59E-32
,,,,,,,,,,,,-1.54972431263726,1.15E-33,-1.54968623059531,9.61E-34,-1.54962854905702,9.86E-34,-1.54957159516112,1.72E-33,-1.54969583018925,5.89E-33,-1.54962521422598,1.59E-32
,,,,,,,,,,,,-1.54492426463683,1.15E-33,-1.54488618259491,9.65E-34,-1.54482850105662,9.89E-34,-1.54477154716068,1.73E-33,-1.54489578218867,5.89E-33,-1.54482516622545,1.59E-32
,,,,,,,,,,,,-1.5401242166362,1.16E-33,-1.54008613459449,9.69E-34,-1.54002845305599,9.91E-34,-1.53997149916023,1.73E-33,-1.54009573418819,5.89E-33,-1.54002511822507,1.59E-32
,,,,,,,,,,,,-1.53532416863582,1.16E-33,-1.53528608659386,9.73E-34,-1.53522840505559,9.93E-34,-1.53517145115969,1.73E-33,-1.53529568618781,5.90E-33,-1.53522507022452,1.59E-32
,,,,,,,,,,,,-1.5305241206354,1.17E-33,-1.53048603859348,9.77E-34,-1.53042835705518,9.96E-34,-1.53037140315927,1.73E-33,-1.53049563818723,5.90E-33,-1.53042502222401,1.59E-32
,,,,,,,,,,,,-1.52572407263477,1.18E-33,-1.52568599059305,9.82E-34,-1.52562830905454,9.98E-34,-1.52557135515877,1.73E-33,-1.52569559018676,5.90E-33,-1.52562497422363,1.59E-32
,,,,,,,,,,,,-1.52092402463438,1.18E-33,-1.52088594259242,9.86E-34,-1.52082826105415,1.00E-33,-1.52077130715825,1.73E-33,-1.52089554218638,5.90E-33,-1.52082492622307,1.59E-32
,,,,,,,,,,,,-1.51612397663392,1.19E-33,-1.51608589459203,9.90E-34,-1.5160282130537,1.00E-33,-1.51597125915786,1.73E-33,-1.51609549418579,5.90E-33,-1.51602487822258,1.59E-32
,,,,,,,,,,,,-1.51132392863336,1.19E-33,-1.51128584659157,9.94E-34,-1.51122816505313,1.01E-33,-1.51117121115729,1.74E-33,-1.51129544618532,5.90E-33,-1.5112248302222,1.59E-32
,,,,,,,,,,,,-1.50652388063294,1.20E-33,-1.50648579859101,9.99E-34,-1.50642811705272,1.01E-33,-1.50637116315682,1.74E-33,-1.50649539818493,5.90E-33,-1.50642478222163,1.59E-32
,,,,,,,,,,,,-1.50172383263245,1.21E-33,-1.5016857505906,1.00E-33,-1.50162806905224,1.01E-33,-1.50157111515643,1.74E-33,-1.50169535018433,5.90E-33,-1.50162473422116,1.59E-32
,,,,,,,,,,,,-1.49692378463195,1.21E-33,-1.49688570259011,1.01E-33,-1.49682802105172,1.01E-33,-1.49677106715585,1.74E-33,-1.49689530218391,5.90E-33,-1.49682468622077,1.59E-32
,,,,,,,,,,,,-1.49212373663151,1.22E-33,-1.4920856545896,1.01E-33,-1.49202797305129,1.02E-33,-1.49197101915538,1.74E-33,-1.49209525418347,5.90E-33,-1.49202463822015,1.59E-32
,,,,,,,,,,,,-1.48732368863099,1.23E-33,-1.48728560658917,1.02E-33,-1.48722792505078,1.02E-33,-1.487170971155,1.74E-33,-1.48729520618289,5.91E-33,-1.48722459021975,1.59E-32
,,,,,,,,,,,,-1.48252364063051,1.23E-33,-1.48248555858865,1.02E-33,-1.48242787705029,1.02E-33,-1.48237092315441,1.75E-33,-1.48249515818249,5.91E-33,-1.4824245422193,1.59E-32
,,,,,,,,,,,,-1.47772359263009,1.24E-33,-1.47768551058817,1.03E-33,-1.47762782904987,1.02E-33,-1.47757087515394,1.75E-33,-1.47769511018201,5.91E-33,-1.47762449421871,1.59E-32
,,,,,,,,,,,,-1.47292354462952,1.25E-33,-1.47288546258774,1.03E-33,-1.4728277810493,1.03E-33,-1.47277082715355,1.75E-33,-1.47289506218146,5.91E-33,-1.47282444621832,1.59E-32
,,,,,,,,,,,,-1.46812349662908,1.25E-33,-1.46808541458717,1.04E-33,-1.46802773304885,1.03E-33,-1.46797077915294,1.75E-33,-1.46809501418107,5.91E-33,-1.46802439821784,1.59E-32
,,,,,,,,,,,,-1.46332344862868,1.26E-33,-1.46328536658674,1.04E-33,-1.46322768504846,1.03E-33,-1.46317073115252,1.75E-33,-1.46329496618053,5.91E-33,-1.46322435021728,1.59E-32
,,,,,,,,,,,,-1.45852340062805,1.27E-33,-1.45848531858633,1.04E-33,-1.45842763704783,1.03E-33,-1.45837068315208,1.75E-33,-1.45849491818003,5.91E-33,-1.45842430221689,1.59E-32
,,,,,,,,,,,,-1.45372335262765,1.27E-33,-1.4536852705857,1.05E-33,-1.45362758904741,1.04E-33,-1.45357063515151,1.75E-33,-1.45369487017964,5.91E-33,-1.45362425421637,1.59E-32
,,,,,,,,,,,,-1.44892330462726,1.28E-33,-1.4488852225853,1.05E-33,-1.44882754104703,1.04E-33,-1.44877058715111,1.76E-33,-1.44889482217909,5.91E-33,-1.44882420621585,1.59E-32
,,,,,,,,,,,,-1.4441232566266,1.29E-33,-1.44408517458491,1.06E-33,-1.4440274930464,1.04E-33,-1.44397053915063,1.76E-33,-1.44409477417859,5.92E-33,-1.44402415821546,1.59E-32
,,,,,,,,,,,,-1.43932320862621,1.30E-33,-1.43928512658426,1.06E-33,-1.43922744504598,1.04E-33,-1.43917049115008,1.76E-33,-1.4392947261782,5.92E-33,-1.43922411021493,1.59E-32
,,,,,,,,,,,,-1.43452316062578,1.30E-33,-1.43448507858387,1.07E-33,-1.43442739704556,1.05E-33,-1.4343704431497,1.76E-33,-1.43449467817765,5.92E-33,-1.43442406221441,1.59E-32
,,,,,,,,,,,,-1.42972311262519,1.31E-33,-1.42968503058343,1.07E-33,-1.42962734904497,1.05E-33,-1.42957039514915,1.76E-33,-1.42969463017716,5.92E-33,-1.42962401421402,1.59E-32
,,,,,,,,,,,,-1.42492306462478,1.32E-33,-1.42488498258285,1.08E-33,-1.42482730104454,1.05E-33,-1.42477034714864,1.77E-33,-1.42489458217677,5.92E-33,-1.42482396621348,1.59E-32
,,,,,,,,,,,,-1.42012301662431,1.33E-33,-1.42008493458243,1.08E-33,-1.42002725304409,1.06E-33,-1.41997029914826,1.77E-33,-1.42009453417617,5.92E-33,-1.42002391821299,1.59E-32
,,,,,,,,,,,,-1.41532296862377,1.33E-33,-1.41528488658196,1.09E-33,-1.41522720504355,1.06E-33,-1.4151702511477,1.77E-33,-1.41529448617575,5.92E-33,-1.41522387021259,1.59E-32
,,,,,,,,,,,,-1.41052292062335,1.34E-33,-1.41048483858143,1.10E-33,-1.41042715704312,1.06E-33,-1.41037020314721,1.77E-33,-1.41049443817531,5.92E-33,-1.41042382221201,1.59E-32
,,,,,,,,,,,,-1.40572287262285,1.35E-33,-1.405684790581,1.10E-33,-1.40562710904264,1.07E-33,-1.40557015514683,1.77E-33,-1.40569439017473,5.93E-33,-1.40562377421158,1.59E-32
,,,,,,,,,,,,-1.40092282462235,1.36E-33,-1.40088474258051,1.11E-33,-1.40082706104211,1.07E-33,-1.40077010714626,1.77E-33,-1.40089434217434,5.93E-33,-1.40082372621114,1.59E-32
,,,,,,,,,,,,-1.39612277662192,1.36E-33,-1.39608469458,1.11E-33,-1.39602701304171,1.07E-33,-1.39597005914578,1.78E-33,-1.39609429417384,5.93E-33,-1.39602367821055,1.59E-32
,,,,,,,,,,,,-1.39132272862136,1.37E-33,-1.39128464657958,1.12E-33,-1.39122696504116,1.07E-33,-1.3911700111454,1.78E-33,-1.39129424617329,5.93E-33,-1.39122363021016,1.59E-32
,,,,,,,,,,,,-1.38652268062091,1.38E-33,-1.38648459857902,1.12E-33,-1.38642691704068,1.08E-33,-1.38636996314479,1.78E-33,-1.3864941981729,5.93E-33,-1.38642358220969,1.59E-32
,,,,,,,,,,,,-1.38172263262051,1.39E-33,-1.38168455057857,1.13E-33,-1.3816268690403,1.08E-33,-1.38156991514435,1.78E-33,-1.3816941501724,5.93E-33,-1.38162353420912,1.59E-32
,,,,,,,,,,,,-1.37692258461989,1.40E-33,-1.37688450257817,1.13E-33,-1.37682682103969,1.08E-33,-1.37676986714394,1.78E-33,-1.37689410217185,5.93E-33,-1.37682348620872,1.59E-32
,,,,,,,,,,,,-1.37212253661948,1.41E-33,-1.37208445457755,1.14E-33,-1.37202677303924,1.09E-33,-1.37196981914335,1.79E-33,-1.37209405417147,5.93E-33,-1.37202343820824,1.59E-32
,,,,,,,,,,,,-1.36732248861909,1.41E-33,-1.36728440657714,1.15E-33,-1.36722672503886,1.09E-33,-1.36716977114294,1.79E-33,-1.36729400617095,5.94E-33,-1.36722339020767,1.59E-32
,,,,,,,,,,,,-1.36252244061845,1.42E-33,-1.36248435857675,1.15E-33,-1.36242667703825,1.09E-33,-1.36236972314245,1.79E-33,-1.36249395817042,5.94E-33,-1.36242334220729,1.59E-32
,,,,,,,,,,,,-1.35772239261805,1.43E-33,-1.35768431057611,1.16E-33,-1.35762662903781,1.10E-33,-1.35756967514191,1.79E-33,-1.35769391017004,5.94E-33,-1.3576232942068,1.59E-32
,,,,,,,,,,,,-1.35292234461762,1.44E-33,-1.3528842625757,1.16E-33,-1.35282658103742,1.10E-33,-1.35276962714152,1.79E-33,-1.35289386216948,5.94E-33,-1.35282324620624,1.59E-32
,,,,,,,,,,,,-1.34812229661703,1.45E-33,-1.34808421457528,1.17E-33,-1.3480265330368,1.10E-33,-1.34796957914101,1.80E-33,-1.34809381416899,5.94E-33,-1.34802319820586,1.59E-32
,,,,,,,,,,,,-1.34332224861661,1.46E-33,-1.34328416657468,1.18E-33,-1.34322648503638,1.11E-33,-1.34316953114048,1.80E-33,-1.3432937661686,5.94E-33,-1.34322315020531,1.60E-32
,,,,,,,,,,,,-1.33852220061616,1.47E-33,-1.33848411857427,1.18E-33,-1.33842643703595,1.11E-33,-1.33836948314009,1.80E-33,-1.33849371816802,5.94E-33,-1.33842310220483,1.60E-32
,,,,,,,,,,,,-1.33372215261562,1.48E-33,-1.33368407057381,1.19E-33,-1.33362638903538,1.12E-33,-1.33356943513956,1.80E-33,-1.33369367016758,5.95E-33,-1.33362305420442,1.60E-32
,,,,,,,,,,,,-1.32892210461518,1.48E-33,-1.32888402257327,1.19E-33,-1.32882634103496,1.12E-33,-1.32876938713905,1.80E-33,-1.32889362216717,5.95E-33,-1.32882300620385,1.60E-32
,,,,,,,,,,,,-1.32412205661469,1.49E-33,-1.32408397457284,1.20E-33,-1.32402629303446,1.12E-33,-1.32396933913865,1.81E-33,-1.32409357416655,5.95E-33,-1.32402295820342,1.60E-32
,,,,,,,,,,,,-1.31932200861418,1.50E-33,-1.31928392657234,1.21E-33,-1.31922624503395,1.13E-33,-1.3191692911381,1.81E-33,-1.31929352616617,5.95E-33,-1.31922291020299,1.60E-32
,,,,,,,,,,,,-1.31452196061377,1.51E-33,-1.31448387857184,1.21E-33,-1.31442619703354,1.13E-33,-1.31436924313761,1.81E-33,-1.31449347816569,5.95E-33,-1.31442286220238,1.60E-32
,,,,,,,,,,,,-1.30972191261322,1.52E-33,-1.30968383057143,1.22E-33,-1.30962614903301,1.13E-33,-1.30956919513722,1.81E-33,-1.30969343016512,5.95E-33,-1.30962281420199,1.60E-32
,,,,,,,,,,,,-1.30492186461274,1.53E-33,-1.30488378257088,1.23E-33,-1.30482610103251,1.14E-33,-1.30476914713665,1.82E-33,-1.30489338216474,5.95E-33,-1.30482276620153,1.60E-32
,,,,,,,,,,,,-1.30012181661236,1.54E-33,-1.30008373457039,1.23E-33,-1.30002605303212,1.14E-33,-1.2999690991362,1.82E-33,-1.30009333416426,5.96E-33,-1.30002271820094,1.60E-32
,,,,,,,,,,,,-1.29532176861175,1.55E-33,-1.29528368657001,1.24E-33,-1.29522600503155,1.14E-33,-1.29516905113579,1.82E-33,-1.29529328616368,5.96E-33,-1.29522267020056,1.60E-32
,,,,,,,,,,,,-1.2905217206113,1.56E-33,-1.29048363856941,1.25E-33,-1.29042595703108,1.15E-33,-1.29036900313518,1.82E-33,-1.29049323816331,5.96E-33,-1.2904226222001,1.60E-32
,,,,,,,,,,,,-1.28572167261093,1.57E-33,-1.28568359056896,1.25E-33,-1.28562590903069,1.15E-33,-1.28556895513479,1.82E-33,-1.28569319016281,5.96E-33,-1.28562257419951,1.60E-32
,,,,,,,,,,,,-1.28092162461028,1.58E-33,-1.28088354256858,1.26E-33,-1.28082586103009,1.16E-33,-1.28076890713431,1.83E-33,-1.28089314216225,5.96E-33,-1.28082252619913,1.60E-32
,,,,,,,,,,,,-1.27612157660987,1.59E-33,-1.27608349456794,1.27E-33,-1.27602581302965,1.16E-33,-1.27596885913374,1.83E-33,-1.27609309416187,5.96E-33,-1.27602247819864,1.60E-32
,,,,,,,,,,,,-1.27132152860948,1.60E-33,-1.27128344656753,1.28E-33,-1.27122576502926,1.16E-33,-1.27116881113336,1.83E-33,-1.27129304616133,5.97E-33,-1.27122243019808,1.60E-32
,,,,,,,,,,,,-1.26652148060886,1.61E-33,-1.26648339856714,1.28E-33,-1.26642571702866,1.17E-33,-1.26636876313288,1.83E-33,-1.26649299816083,5.97E-33,-1.26642238219769,1.60E-32
,,,,,,,,,,,,-1.26172143260844,1.62E-33,-1.26168335056652,1.29E-33,-1.26162566902821,1.17E-33,-1.2615687151323,1.84E-33,-1.26169295016044,5.97E-33,-1.26162233419717,1.60E-32
,,,,,,,,,,,,-1.25692138460801,1.64E-33,-1.25688330256609,1.30E-33,-1.2568256210278,1.18E-33,-1.25676866713192,1.84E-33,-1.25689290215988,5.97E-33,-1.25682228619666,1.60E-32
,,,,,,,,,,,,-1.25212133660744,1.65E-33,-1.25208325456567,1.31E-33,-1.25202557302721,1.18E-33,-1.25196861913142,1.84E-33,-1.25209285415942,5.97E-33,-1.25202223819626,1.60E-32
,,,,,,,,,,,,-1.24732128860702,1.66E-33,-1.2472832065651,1.31E-33,-1.2472255250268,1.19E-33,-1.24716857113087,1.85E-33,-1.24729280615899,5.97E-33,-1.24722219019571,1.60E-32
,,,,,,,,,,,,-1.24252124060653,1.67E-33,-1.24248315856467,1.32E-33,-1.24242547702632,1.19E-33,-1.24236852313049,1.85E-33,-1.24249275815841,5.98E-33,-1.24242214219525,1.60E-32
,,,,,,,,,,,,-1.23772119260601,1.68E-33,-1.23768311056419,1.33E-33,-1.23762542902577,1.19E-33,-1.23756847512995,1.85E-33,-1.237692710158,5.98E-33,-1.23762209419481,1.60E-32
,,,,,,,,,,,,-1.2329211446056,1.69E-33,-1.23288306256366,1.34E-33,-1.23282538102539,1.20E-33,-1.23276842712945,1.85E-33,-1.23289266215755,5.98E-33,-1.23282204619424,1.60E-32
,,,,,,,,,,,,-1.22812109660508,1.70E-33,-1.22808301456326,1.34E-33,-1.22802533302486,1.20E-33,-1.22796837912906,1.86E-33,-1.22809261415695,5.98E-33,-1.22802199819382,1.60E-32
,,,,,,,,,,,,-1.22332104860457,1.71E-33,-1.22328296656273,1.35E-33,-1.22322528502434,1.21E-33,-1.22316833112849,1.86E-33,-1.22329256615656,5.98E-33,-1.22322195019339,1.60E-32
,,,,,,,,,,,,-1.21852100060419,1.73E-33,-1.21848291856223,1.36E-33,-1.21842523702396,1.21E-33,-1.21836828312804,1.86E-33,-1.21849251815611,5.99E-33,-1.21842190219277,1.60E-32
,,,,,,,,,,,,-1.21372095260361,1.74E-33,-1.21368287056185,1.37E-33,-1.21362518902341,1.22E-33,-1.21356823512762,1.86E-33,-1.21369247015552,5.99E-33,-1.21362185419238,1.60E-32
,,,,,,,,,,,,-1.20892090460314,1.75E-33,-1.20888282256127,1.38E-33,-1.2088251410229,1.22E-33,-1.20876818712703,1.87E-33,-1.20889242215513,5.99E-33,-1.20882180619196,1.60E-32
,,,,,,,,,,,,-1.20412085660276,1.76E-33,-1.20408277456079,1.39E-33,-1.20402509302252,1.23E-33,-1.20396813912663,1.87E-33,-1.20409237415467,5.99E-33,-1.20402175819134,1.60E-32
,,,,,,,,,,,,-1.19932080860214,1.78E-33,-1.19928272656042,1.39E-33,-1.19922504502195,1.23E-33,-1.19916809112617,1.87E-33,-1.19929232615409,5.99E-33,-1.19922171019095,1.60E-32
,,,,,,,,,,,,-1.19452076060171,1.79E-33,-1.1944826785598,1.40E-33,-1.19442499702147,1.24E-33,-1.19436804312557,1.88E-33,-1.1944922781537,6.00E-33,-1.1944216621905,1.60E-32
,,,,,,,,,,,,-1.18972071260133,1.80E-33,-1.18968263055936,1.41E-33,-1.18962494902109,1.24E-33,-1.18956799512519,1.88E-33,-1.18969223015319,6.00E-33,-1.18962161418992,1.60E-32
,,,,,,,,,,,,-1.18492066460071,1.81E-33,-1.18488258255898,1.42E-33,-1.18482490102051,1.25E-33,-1.18476794712472,1.88E-33,-1.18489218215268,6.00E-33,-1.18482156618952,1.60E-32
,,,,,,,,,,,,-1.18012061660027,1.83E-33,-1.18008253455836,1.43E-33,-1.18002485302005,1.25E-33,-1.17996789912414,1.89E-33,-1.18009213415226,6.00E-33,-1.18002151818902,1.60E-32
,,,,,,,,,,,,-1.17532056859986,1.84E-33,-1.17528248655793,1.44E-33,-1.17522480501966,1.26E-33,-1.17516785112376,1.89E-33,-1.17529208615172,6.00E-33,-1.17522147018851,1.60E-32
,,,,,,,,,,,,-1.17052052059927,1.85E-33,-1.17048243855751,1.45E-33,-1.17042475701904,1.26E-33,-1.17036780312328,1.89E-33,-1.17049203815126,6.01E-33,-1.17042142218808,1.60E-32
,,,,,,,,,,,,-1.16572047259885,1.87E-33,-1.16568239055693,1.46E-33,-1.16562470901864,1.27E-33,-1.1655677551227,1.89E-33,-1.16569199015083,6.01E-33,-1.16562137418756,1.60E-32
,,,,,,,,,,,,-1.16092042459838,1.88E-33,-1.16088234255651,1.47E-33,-1.16082466101818,1.27E-33,-1.16076770712232,1.90E-33,-1.16089194215026,6.01E-33,-1.16082132618709,1.60E-32
,,,,,,,,,,,,-1.15612037659784,1.90E-33,-1.15608229455604,1.48E-33,-1.1560246130176,1.28E-33,-1.15596765912181,1.90E-33,-1.15609189414983,6.01E-33,-1.15602127818666,1.60E-32
,,,,,,,,,,,,-1.15132032859744,1.91E-33,-1.1512822465555,1.49E-33,-1.15122456501723,1.28E-33,-1.15116761112128,1.90E-33,-1.15129184614942,6.01E-33,-1.15122123018609,1.60E-32
,,,,,,,,,,,,-1.14652028059692,1.92E-33,-1.14648219855509,1.50E-33,-1.14642451701671,1.29E-33,-1.14636756312088,1.91E-33,-1.14649179814878,6.02E-33,-1.14642118218565,1.60E-32
,,,,,,,,,,,,-1.14172023259641,1.94E-33,-1.14168215055458,1.51E-33,-1.14162446901617,1.30E-33,-1.14156751512035,1.91E-33,-1.1416917501484,6.02E-33,-1.14162113418525,1.60E-32
,,,,,,,,,,,,-1.13692018459602,1.95E-33,-1.13688210255406,1.52E-33,-1.13682442101579,1.30E-33,-1.13676746711987,1.91E-33,-1.13689170214797,6.02E-33,-1.13682108618461,1.60E-32
,,,,,,,,,,,,-1.13212013659547,1.97E-33,-1.13208205455367,1.53E-33,-1.13202437301526,1.31E-33,-1.13196741911945,1.92E-33,-1.13209165414734,6.02E-33,-1.13202103818422,1.60E-32
,,,,,,,,,,,,-1.12732008859497,1.98E-33,-1.12728200655312,1.54E-33,-1.12722432501474,1.31E-33,-1.12716737111888,1.92E-33,-1.12729160614696,6.03E-33,-1.12722099018382,1.60E-32
,,,,,,,,,,,,-1.12252004059458,2.00E-33,-1.12248195855263,1.55E-33,-1.12242427701436,1.32E-33,-1.12236732311845,1.93E-33,-1.12249155814652,6.03E-33,-1.12242094218316,1.60E-32
,,,,,,,,,,,,-1.11771999259401,2.01E-33,-1.11768191055224,1.56E-33,-1.11762422901381,1.33E-33,-1.11756727511802,1.93E-33,-1.11769151014592,6.03E-33,-1.11762089418278,1.60E-32
,,,,,,,,,,,,-1.11291994459354,2.03E-33,-1.11288186255167,1.57E-33,-1.1128241810133,1.33E-33,-1.11276722711741,1.93E-33,-1.11289146214553,6.03E-33,-1.11282084618235,1.60E-32
,,,,,,,,,,,,-1.10811989659315,2.04E-33,-1.1080818145512,1.58E-33,-1.10802413301291,1.34E-33,-1.10796717911701,1.94E-33,-1.10809141414504,6.04E-33,-1.10802079818175,1.60E-32
,,,,,,,,,,,,-1.10331984859257,2.06E-33,-1.10328176655081,1.59E-33,-1.10322408501236,1.34E-33,-1.10316713111659,1.94E-33,-1.10329136614451,6.04E-33,-1.10322075018135,1.60E-32
,,,,,,,,,,,,-1.09851980059211,2.08E-33,-1.09848171855022,1.60E-33,-1.09842403701188,1.35E-33,-1.09836708311597,1.94E-33,-1.0984913181441,6.04E-33,-1.09842070218087,1.60E-32
,,,,,,,,,,,,-1.09371975259172,2.09E-33,-1.09368167054976,1.61E-33,-1.09362398901148,1.36E-33,-1.09356703511558,1.95E-33,-1.09369127014358,6.04E-33,-1.09362065418034,1.60E-32
,,,,,,,,,,,,-1.0889197045911,2.11E-33,-1.08888162254937,1.62E-33,-1.0888239410109,1.36E-33,-1.08876698711515,1.95E-33,-1.0888912221431,6.05E-33,-1.08882060617992,1.60E-32
,,,,,,,,,,,,-1.0841196565907,2.13E-33,-1.08408157454875,1.64E-33,-1.08402389301047,1.37E-33,-1.08396693911454,1.96E-33,-1.08409117414266,6.05E-33,-1.08402055817941,1.60E-32
,,,,,,,,,,,,-1.07931960859024,2.14E-33,-1.07928152654835,1.65E-33,-1.07922384501002,1.38E-33,-1.07916689111415,1.96E-33,-1.07929112614211,6.05E-33,-1.07922051017892,1.60E-32
,,,,,,,,,,,,-1.07451956058966,2.16E-33,-1.07448147854789,1.66E-33,-1.07442379700944,1.38E-33,-1.07436684311365,1.96E-33,-1.07449107814167,6.06E-33,-1.0744204621785,1.60E-32
,,,,,,,,,,,,-1.06971951258927,2.18E-33,-1.06968143054732,1.67E-33,-1.06962374900905,1.39E-33,-1.06956679511313,1.97E-33,-1.06969103014124,6.06E-33,-1.06962041417795,1.60E-32
,,,,,,,,,,,,-1.06491946458878,2.20E-33,-1.06488138254693,1.68E-33,-1.06482370100858,1.40E-33,-1.06476674711271,1.97E-33,-1.06489098214063,6.06E-33,-1.06482036617749,1.61E-32
,,,,,,,,,,,,-1.06011941658823,2.21E-33,-1.06008133454644,1.70E-33,-1.06002365300801,1.40E-33,-1.05996669911219,1.98E-33,-1.06009093414023,6.06E-33,-1.06002031817707,1.61E-32
,,,,,,,,,,,,-1.05531936858785,2.23E-33,-1.05528128654589,1.71E-33,-1.05522360500762,1.41E-33,-1.05516665111171,1.98E-33,-1.05529088613982,6.07E-33,-1.05522027017647,1.61E-32
,,,,,,,,,,,,-1.05051932058732,2.25E-33,-1.05048123854551,1.72E-33,-1.05042355700713,1.42E-33,-1.05036660311128,1.99E-33,-1.05049083813918,6.07E-33,-1.05042022217605,1.61E-32
,,,,,,,,,,,,-1.0457192725868,2.27E-33,-1.04568119054498,1.73E-33,-1.04562350900657,1.43E-33,-1.04556655511073,1.99E-33,-1.04569079013879,6.07E-33,-1.04562017417566,1.61E-32
,,,,,,,,,,,,-1.04091922458642,2.29E-33,-1.04088114254445,1.75E-33,-1.04082346100618,1.43E-33,-1.04076650711028,1.99E-33,-1.04089074213837,6.08E-33,-1.040820126175,1.61E-32
,,,,,,,,,,,,-1.03611917658587,2.31E-33,-1.03608109454407,1.76E-33,-1.03602341300567,1.44E-33,-1.03596645910986,2.00E-33,-1.03609069413776,6.08E-33,-1.03602007817461,1.61E-32
,,,,,,,,,,,,-1.03131912858536,2.33E-33,-1.03128104654352,1.77E-33,-1.03122336500514,1.45E-33,-1.03116641110925,2.00E-33,-1.03129064613735,6.08E-33,-1.03122003017421,1.61E-32
,,,,,,,,,,,,-1.02651908058498,2.35E-33,-1.02648099854302,1.79E-33,-1.02642331700475,1.46E-33,-1.02636636310885,2.01E-33,-1.02649059813689,6.09E-33,-1.02641998217359,1.61E-32
,,,,,,,,,,,,-1.02171903258442,2.37E-33,-1.02168095054264,1.80E-33,-1.0216232690042,1.46E-33,-1.02156631510844,2.01E-33,-1.02169055013634,6.09E-33,-1.02161993417317,1.61E-32
,,,,,,,,,,,,-1.01691898458394,2.39E-33,-1.01688090254208,1.82E-33,-1.01682322100372,1.47E-33,-1.0167662671078,2.02E-33,-1.01689050213592,6.09E-33,-1.01681988617273,1.61E-32
,,,,,,,,,,,,-1.01211893658355,2.41E-33,-1.0120808545416,1.83E-33,-1.01202317300331,1.48E-33,-1.01196621910742,2.02E-33,-1.01209045413543,6.09E-33,-1.01201983817218,1.61E-32
,,,,,,,,,,,,-1.00731888858296,2.43E-33,-1.00728080654121,1.84E-33,-1.00722312500274,1.49E-33,-1.00716617110699,2.03E-33,-1.00729040613492,6.10E-33,-1.00721979017174,1.61E-32
,,,,,,,,,,,,-1.00251884058253,2.45E-33,-1.00248075854061,1.86E-33,-1.00242307700231,1.50E-33,-1.00236612310637,2.03E-33,-1.0024903581345,6.10E-33,-1.00241974217126,1.61E-32
,,,,,,,,,,,,-0.997718792582088,2.47E-33,-0.997680710540191,1.87E-33,-0.997623029001886,1.51E-33,-0.997566075105987,2.04E-33,-0.997690310133975,6.11E-33,-0.997619694170748,1.61E-32
,,,,,,,,,,,,-0.992918744581504,2.50E-33,-0.992880662539744,1.89E-33,-0.992822981001268,1.51E-33,-0.992766027105517,2.04E-33,-0.992890262133494,6.11E-33,-0.992819646170335,1.61E-32
,,,,,,,,,,,,-0.988118696581125,2.52E-33,-0.98808061453916,1.90E-33,-0.988022933000888,1.52E-33,-0.987965979104967,2.05E-33,-0.988090214133092,6.11E-33,-0.988019598169808,1.61E-32
,,,,,,,,,,,,-0.98331864858062,2.54E-33,-0.98328056653878,1.92E-33,-0.983222885000429,1.53E-33,-0.983165931104554,2.05E-33,-0.983290166132496,6.12E-33,-0.983219550169315,1.61E-32
,,,,,,,,,,,,-0.978518600580071,2.56E-33,-0.978480518538276,1.94E-33,-0.978422836999834,1.54E-33,-0.978365883104049,2.06E-33,-0.97849011813206,6.12E-33,-0.978419502168924,1.61E-32
,,,,,,,,,,,,-0.97371855257968,2.59E-33,-0.973680470537726,1.95E-33,-0.973622788999455,1.55E-33,-0.973565835103556,2.06E-33,-0.973690070131681,6.12E-33,-0.973619454168329,1.61E-32
,,,,,,,,,,,,-0.968918504579187,2.61E-33,-0.968880422537336,1.97E-33,-0.968822740998996,1.56E-33,-0.968765787103109,2.07E-33,-0.968890022131029,6.13E-33,-0.968819406167881,1.61E-32
,,,,,,,,,,,,-0.964118456578637,2.63E-33,-0.964080374536843,1.98E-33,-0.964022692998401,1.57E-33,-0.963965739102593,2.08E-33,-0.964089974130627,6.13E-33,-0.964019358167502,1.61E-32
,,,,,,,,,,,,-0.959318408578246,2.66E-33,-0.959280326536293,2.00E-33,-0.959222644998021,1.58E-33,-0.959165691102123,2.08E-33,-0.959289926130225,6.13E-33,-0.959219310166872,1.61E-32
,,,,,,,,,,,,-0.954518360577731,2.68E-33,-0.954480278535902,2.02E-33,-0.954422596997528,1.59E-33,-0.954365643101698,2.09E-33,-0.954489878129607,6.14E-33,-0.954419262166447,1.61E-32
,,,,,,,,,,,,-0.949718312577204,2.71E-33,-0.949680230535386,2.04E-33,-0.949622548996978,1.60E-33,-0.949565595101114,2.09E-33,-0.949689830129193,6.14E-33,-0.949619214166057,1.61E-32
,,,,,,,,,,,,-0.944918264576813,2.73E-33,-0.944880182534859,2.05E-33,-0.944822500996588,1.61E-33,-0.944765547100678,2.10E-33,-0.944889782128746,6.15E-33,-0.944819166165439,1.61E-32
,,,,,,,,,,,,-0.940118216576274,2.76E-33,-0.940080134534468,2.07E-33,-0.940022452996061,1.62E-33,-0.939965499100287,2.11E-33,-0.940089734128184,6.15E-33,-0.940019118165014,1.61E-32
,,,,,,,,,,,,-0.935318168575781,2.79E-33,-0.93528008653393,2.09E-33,-0.935222404995568,1.63E-33,-0.935165451099646,2.11E-33,-0.93528968612776,6.16E-33,-0.935219070164578,1.61E-32
,,,,,,,,,,,,-0.930518120575379,2.81E-33,-0.930480038533437,2.11E-33,-0.930422356995143,1.64E-33,-0.930365403099244,2.12E-33,-0.930489638127278,6.16E-33,-0.930419022164017,1.61E-32
,,,,,,,,,,,,-0.925718072574818,2.84E-33,-0.925679990533035,2.13E-33,-0.925622308994604,1.65E-33,-0.925565355098854,2.12E-33,-0.925689590126762,6.16E-33,-0.92561897416358,1.61E-32
,,,,,,,,,,,,-0.920918024574371,2.87E-33,-0.920879942532474,2.15E-33,-0.920822260994157,1.66E-33,-0.920765307098213,2.13E-33,-0.920889542126337,6.17E-33,-0.92081892616311,1.61E-32
,,,,,,,,,,,,-0.916117976573946,2.89E-33,-0.916079894532026,2.16E-33,-0.916022212993709,1.67E-33,-0.915965259097811,2.14E-33,-0.916089494125822,6.17E-33,-0.916018878162583,1.61E-32
,,,,,,,,,,,,-0.911317928573339,2.92E-33,-0.911279846531601,2.18E-33,-0.911222164993125,1.68E-33,-0.911165211097375,2.14E-33,-0.911289446125329,6.18E-33,-0.91121883016217,1.61E-32
,,,,,,,,,,,,-0.906517880572948,2.95E-33,-0.906479798530995,2.20E-33,-0.906422116992712,1.69E-33,-0.906365163096802,2.15E-33,-0.906489398124927,6.18E-33,-0.906418782161654,1.62E-32
,,,,,,,,,,,,-0.901717832572489,2.98E-33,-0.901679750530604,2.22E-33,-0.901622068992287,1.70E-33,-0.901565115096377,2.16E-33,-0.901689350124343,6.19E-33,-0.901618734161149,1.62E-32
,,,,,,,,,,,,-0.896917784571906,3.01E-33,-0.896879702530145,2.24E-33,-0.896822020991669,1.72E-33,-0.896765067095907,2.17E-33,-0.896889302123895,6.19E-33,-0.896818686160759,1.62E-32
,,,,,,,,,,,,-0.892117736571515,3.04E-33,-0.892079654529561,2.27E-33,-0.892021972991278,1.73E-33,-0.89196501909538,2.17E-33,-0.892089254123504,6.20E-33,-0.892018638160175,1.62E-32
,,,,,,,,,,,,-0.887317688571045,3.07E-33,-0.88727960652917,2.29E-33,-0.887221924990854,1.74E-33,-0.887164971094955,2.18E-33,-0.887289206122886,6.20E-33,-0.887218590159716,1.62E-32
,,,,,,,,,,,,-0.882517640570472,3.10E-33,-0.8824795585287,2.31E-33,-0.882421876990235,1.75E-33,-0.882364923094451,2.19E-33,-0.882489158122462,6.21E-33,-0.882418542159325,1.62E-32
,,,,,,,,,,,,-0.877717592570081,3.13E-33,-0.877679510528128,2.33E-33,-0.877621828989845,1.76E-33,-0.877564875093946,2.19E-33,-0.877689110122071,6.21E-33,-0.87761849415873,1.62E-32
,,,,,,,,,,,,-0.872917544569588,3.17E-33,-0.872879462527737,2.35E-33,-0.872821780989386,1.78E-33,-0.872764827093544,2.20E-33,-0.872889062121453,6.22E-33,-0.872818446158282,1.62E-32
,,,,,,,,,,,,-0.868117496569027,3.20E-33,-0.868079414527244,2.37E-33,-0.868021732988813,1.79E-33,-0.867964779092972,2.21E-33,-0.868089014121028,6.22E-33,-0.868018398157892,1.62E-32
,,,,,,,,,,,,-0.863317448568648,3.23E-33,-0.863279366526683,2.40E-33,-0.863221684988411,1.80E-33,-0.863164731092513,2.22E-33,-0.863288966120603,6.23E-33,-0.863218350157296,1.62E-32
,,,,,,,,,,,,-0.858517400568121,3.27E-33,-0.858479318526303,2.42E-33,-0.858421636987918,1.82E-33,-0.858364683092122,2.23E-33,-0.858488918120031,6.23E-33,-0.858418302156849,1.62E-32
,,,,,,,,,,,,-0.853717352567616,3.30E-33,-0.853679270525776,2.44E-33,-0.853621588987402,1.83E-33,-0.853564635091504,2.23E-33,-0.853688870119583,6.24E-33,-0.853618254156435,1.62E-32
,,,,,,,,,,,,-0.848917304567214,3.34E-33,-0.848879222525272,2.47E-33,-0.848821540986978,1.84E-33,-0.848764587091079,2.24E-33,-0.848888822119136,6.24E-33,-0.848818206155851,1.62E-32
,,,,,,,,,,,,-0.844117256566664,3.37E-33,-0.84407917452487,2.49E-33,-0.844021492986462,1.86E-33,-0.843964539090688,2.25E-33,-0.844088774118597,6.25E-33,-0.844018158155415,1.62E-32
,,,,,,,,,,,,-0.839317208566205,3.41E-33,-0.83927912652432,2.52E-33,-0.83922144498598,1.87E-33,-0.839164491090059,2.26E-33,-0.839288726118172,6.25E-33,-0.839218110154968,1.62E-32
,,,,,,,,,,,,-0.834517160565781,3.44E-33,-0.834479078523861,2.54E-33,-0.834421396985556,1.89E-33,-0.834364443089646,2.27E-33,-0.834488678117679,6.26E-33,-0.834418062154418,1.62E-32
,,,,,,,,,,,,-0.829717112565185,3.48E-33,-0.829679030523436,2.57E-33,-0.829621348984983,1.90E-33,-0.829564395089221,2.28E-33,-0.829688630117152,6.27E-33,-0.829618014154004,1.62E-32
,,,,,,,,,,,,-0.824917064564783,3.52E-33,-0.824878982522841,2.60E-33,-0.824821300984547,1.92E-33,-0.824764347088637,2.29E-33,-0.824888582116761,6.27E-33,-0.824817966153511,1.62E-32
,,,,,,,,,,,,-0.820117016564347,3.56E-33,-0.820078934522439,2.62E-33,-0.820021252984133,1.93E-33,-0.819964299088212,2.30E-33,-0.8200885341162,6.28E-33,-0.820017918152973,1.62E-32
,,,,,,,,,,,,-0.815316968563729,3.60E-33,-0.815278886522003,2.65E-33,-0.815221204983515,1.95E-33,-0.815164251087753,2.30E-33,-0.815288486115719,6.29E-33,-0.815217870152594,1.62E-32
,,,,,,,,,,,,-0.81051692056335,3.64E-33,-0.810478838521385,2.68E-33,-0.810421156983113,1.96E-33,-0.810364203087215,2.31E-33,-0.810488438115339,6.29E-33,-0.810417822152032,1.62E-32
,,,,,,,,,,,,-0.805716872562914,3.68E-33,-0.805678790521005,2.71E-33,-0.805621108982711,1.98E-33,-0.80556415508679,2.32E-33,-0.805688390114744,6.30E-33,-0.805617774151539,1.63E-32
,,,,,,,,,,,,-0.800916824562296,3.72E-33,-0.800878742520569,2.73E-33,-0.800821060982059,1.99E-33,-0.800764107086297,2.33E-33,-0.800888342114285,6.31E-33,-0.80081772615116,1.63E-32
,,,,,,,,,,,,-0.796116776561916,3.76E-33,-0.796078694519951,2.76E-33,-0.79602101298168,2.01E-33,-0.795964059085781,2.34E-33,-0.796088294113906,6.31E-33,-0.796017678150587,1.63E-32
,,,,,,,,,,,,-0.791316728561446,3.81E-33,-0.791278646519572,2.79E-33,-0.791220964981232,2.03E-33,-0.791164011085379,2.35E-33,-0.79128824611331,6.32E-33,-0.791217630150106,1.63E-32
,,,,,,,,,,,,-0.786516680560873,3.85E-33,-0.786478598519102,2.82E-33,-0.786420916980648,2.04E-33,-0.786363963084818,2.36E-33,-0.786488198112852,6.33E-33,-0.786417582149727,1.63E-32
,,,,,,,,,,,,-0.781716632560471,3.90E-33,-0.781678550518529,2.85E-33,-0.781620868980246,2.06E-33,-0.781563915084348,2.37E-33,-0.781688150112461,6.33E-33,-0.781617534149154,1.63E-32
,,,,,,,,,,,,-0.776916584559978,3.94E-33,-0.776878502518127,2.89E-33,-0.776820820979764,2.08E-33,-0.776763867083957,2.39E-33,-0.776888102111854,6.34E-33,-0.776817486148672,1.63E-32
,,,,,,,,,,,,-0.772116536559462,3.99E-33,-0.772078454517634,2.92E-33,-0.772020772979237,2.10E-33,-0.771963819083362,2.40E-33,-0.772088054111429,6.35E-33,-0.772017438148293,1.63E-32
,,,,,,,,,,,,-0.767316488559038,4.03E-33,-0.767278406517118,2.95E-33,-0.767220724978813,2.12E-33,-0.767163771082903,2.41E-33,-0.767288006110993,6.36E-33,-0.767217390147675,1.63E-32
,,,,,,,,,,,,-0.762516440558522,4.08E-33,-0.762478358516693,2.98E-33,-0.762420676978308,2.14E-33,-0.762363723082523,2.42E-33,-0.762487958110421,6.36E-33,-0.762417342147262,1.63E-32
,,,,,,,,,,,,-0.75771639255804,4.13E-33,-0.757678310516178,3.02E-33,-0.757620628977815,2.16E-33,-0.757563675081928,2.43E-33,-0.757687910110007,6.37E-33,-0.757617294146825,1.63E-32
,,,,,,,,,,,,-0.752916344557604,4.18E-33,-0.752878262515696,3.05E-33,-0.75282058097739,2.17E-33,-0.752763627081469,2.44E-33,-0.752887862109537,6.38E-33,-0.752817246146241,1.63E-32
,,,,,,,,,,,,-0.748116296557043,4.23E-33,-0.74807821451526,3.09E-33,-0.748020532976829,2.19E-33,-0.747963579081078,2.45E-33,-0.748087814108987,6.39E-33,-0.748017198145839,1.63E-32
,,,,,,,,,,,,-0.743316248556607,4.29E-33,-0.743278166514699,3.12E-33,-0.743220484976382,2.22E-33,-0.743163531080472,2.47E-33,-0.743287766108596,6.40E-33,-0.743217150145369,1.63E-32
,,,,,,,,,,,,-0.738516200556193,4.34E-33,-0.738478118514262,3.16E-33,-0.73842043697598,2.24E-33,-0.738363483080036,2.48E-33,-0.738487718108046,6.40E-33,-0.738417102144808,1.63E-32
,,,,,,,,,,,,-0.733716152555575,4.39E-33,-0.733678070513849,3.20E-33,-0.733620388975362,2.26E-33,-0.733563435079611,2.49E-33,-0.733687670107553,6.41E-33,-0.733617054144417,1.63E-32
,,,,,,,,,,,,-0.728916104555173,4.45E-33,-0.728878022513231,3.23E-33,-0.728820340974937,2.28E-33,-0.728763387079038,2.51E-33,-0.728887622107163,6.42E-33,-0.72881700614389,1.64E-32
,,,,,,,,,,,,-0.724116056554771,4.50E-33,-0.724077974512829,3.27E-33,-0.724020292974557,2.30E-33,-0.723963339078625,2.52E-33,-0.724087574106602,6.43E-33,-0.724016958143374,1.64E-32
,,,,,,,,,,,,-0.71931600855413,4.56E-33,-0.719277926512427,3.31E-33,-0.719220244973917,2.32E-33,-0.719163291078143,2.53E-33,-0.71928752610612,6.44E-33,-0.719216910142984,1.64E-32
,,,,,,,,,,,,-0.71451596055374,4.62E-33,-0.714477878511786,3.35E-33,-0.714420196973503,2.35E-33,-0.714363243077605,2.55E-33,-0.714487478105729,6.45E-33,-0.714416862142445,1.64E-32
,,,,,,,,,,,,-0.709715912553303,4.68E-33,-0.709677830511395,3.39E-33,-0.70962014897309,2.37E-33,-0.709563195077214,2.56E-33,-0.709687430105157,6.46E-33,-0.709616814141941,1.64E-32
,,,,,,,,,,,,-0.704915864552708,4.74E-33,-0.704877782510959,3.44E-33,-0.704820100972483,2.39E-33,-0.704763147076676,2.58E-33,-0.704887382104686,6.47E-33,-0.70481676614155,1.64E-32
,,,,,,,,,,,,-0.700115816552306,4.80E-33,-0.700077734510364,3.48E-33,-0.70002005297207,2.42E-33,-0.699963099076171,2.59E-33,-0.700087334104296,6.48E-33,-0.700016718141,1.64E-32
,,,,,,,,,,,,-0.695315768551836,4.87E-33,-0.695277686509962,3.52E-33,-0.695220004971622,2.44E-33,-0.695163051075792,2.61E-33,-0.6952872861037,6.49E-33,-0.695216670140507,1.64E-32
,,,,,,,,,,,,-0.690515720551286,4.93E-33,-0.690477638509492,3.57E-33,-0.690419956971072,2.47E-33,-0.690363003075219,2.62E-33,-0.690487238103264,6.50E-33,-0.690416622140116,1.64E-32
,,,,,,,,,,,,-0.685715672550873,5.00E-33,-0.685677590508942,3.61E-33,-0.685619908970636,2.49E-33,-0.685562955074738,2.64E-33,-0.685687190102839,6.51E-33,-0.685616574139533,1.64E-32
,,,,,,,,,,,,-0.68091562455038,5.06E-33,-0.680877542508528,3.66E-33,-0.680819860970154,2.52E-33,-0.680762907074358,2.65E-33,-0.680887142102255,6.52E-33,-0.680816526139096,1.64E-32
,,,,,,,,,,,,-0.676115576549875,5.13E-33,-0.676077494508035,3.71E-33,-0.676019812969639,2.55E-33,-0.675962859073763,2.67E-33,-0.676087094101853,6.53E-33,-0.676016478138672,1.64E-32
,,,,,,,,,,,,-0.671315528549439,5.20E-33,-0.671277446507531,3.76E-33,-0.671219764969225,2.58E-33,-0.671162811073304,2.69E-33,-0.67128704610136,6.54E-33,-0.671216430138076,1.65E-32
,,,,,,,,,,,,-0.666515480548889,5.28E-33,-0.666477398507095,3.80E-33,-0.666419716968687,2.60E-33,-0.666362763072925,2.70E-33,-0.666486998100822,6.55E-33,-0.666416382137686,1.65E-32
,,,,,,,,,,,,-0.661715432548442,5.35E-33,-0.661677350506545,3.86E-33,-0.661619668968205,2.63E-33,-0.661562715072318,2.72E-33,-0.661686950100431,6.57E-33,-0.661616334137193,1.65E-32
,,,,,,,,,,,,-0.656915384548028,5.42E-33,-0.656877302506097,3.91E-33,-0.656819620967814,2.66E-33,-0.65676266707187,2.74E-33,-0.656886902099916,6.58E-33,-0.656816286136643,1.65E-32
,,,,,,,,,,,,-0.652115336547421,5.50E-33,-0.652077254505684,3.96E-33,-0.652019572967219,2.69E-33,-0.651962619071468,2.76E-33,-0.652086854099377,6.59E-33,-0.652016238136252,1.65E-32
,,,,,,,,,,,,-0.647315288547008,5.58E-33,-0.647277206505077,4.01E-33,-0.647219524966772,2.72E-33,-0.647162571070873,2.77E-33,-0.647286806098998,6.60E-33,-0.647216190135759,1.65E-32
,,,,,,,,,,,,-0.642515240546617,5.66E-33,-0.642477158504664,4.07E-33,-0.642419476966392,2.76E-33,-0.64236252307046,2.79E-33,-0.642486758098471,6.62E-33,-0.642416142135198,1.65E-32
,,,,,,,,,,,,-0.637715192545954,5.74E-33,-0.637677110504273,4.13E-33,-0.637619428965752,2.79E-33,-0.637562475069978,2.81E-33,-0.637686710097943,6.63E-33,-0.637616094134818,1.65E-32
,,,,,,,,,,,,-0.632915144545575,5.83E-33,-0.63287706250361,4.18E-33,-0.632819380965338,2.82E-33,-0.63276242706944,2.83E-33,-0.632886662097564,6.64E-33,-0.632816046134314,1.65E-32
,,,,,,,,,,,,-0.62811509654515,5.91E-33,-0.62807701450323,4.24E-33,-0.628019332964947,2.85E-33,-0.627962379069049,2.85E-33,-0.628086614097003,6.66E-33,-0.628015998133764,1.66E-32
,,,,,,,,,,,,-0.623315048544543,6.00E-33,-0.623276966502805,4.30E-33,-0.623219284964318,2.89E-33,-0.623162331068522,2.87E-33,-0.62328656609651,6.67E-33,-0.623215950133385,1.66E-32
,,,,,,,,,,,,-0.618515000544141,6.09E-33,-0.618476918502199,4.37E-33,-0.618419236963905,2.92E-33,-0.618362283068006,2.90E-33,-0.618486518096131,6.69E-33,-0.618415902132835,1.66E-32
,,,,,,,,,,,,-0.613714952543682,6.18E-33,-0.613676870501797,4.43E-33,-0.61361918896348,2.96E-33,-0.613562235067615,2.92E-33,-0.613686470095547,6.70E-33,-0.613615854132342,1.66E-32
,,,,,,,,,,,,-0.608914904543132,6.28E-33,-0.608876822501338,4.49E-33,-0.608819140962907,3.00E-33,-0.608762187067077,2.94E-33,-0.608886422095099,6.72E-33,-0.608815806131951,1.66E-32
,,,,,,,,,,,,-0.604114856542707,6.37E-33,-0.604076774500788,4.56E-33,-0.604019092962471,3.04E-33,-0.603962139066572,2.96E-33,-0.604086374094697,6.73E-33,-0.604015758131379,1.66E-32
,,,,,,,,,,,,-0.599314808542203,6.47E-33,-0.599276726500363,4.63E-33,-0.599219044961989,3.07E-33,-0.599162091066182,2.99E-33,-0.599286326094079,6.75E-33,-0.599215710130931,1.66E-32
,,,,,,,,,,,,-0.59451476054171,6.57E-33,-0.594476678499859,4.70E-33,-0.594418996961474,3.11E-33,-0.594362043065621,3.01E-33,-0.594486278093688,6.76E-33,-0.594415662130518,1.66E-32
,,,,,,,,,,,,-0.589714712541285,6.68E-33,-0.589676630499366,4.77E-33,-0.58961894896106,3.15E-33,-0.589561995065139,3.04E-33,-0.589686230093218,6.78E-33,-0.589615614129911,1.67E-32
,,,,,,,,,,,,-0.584914664540747,6.78E-33,-0.584876582498941,4.84E-33,-0.584818900960533,3.20E-33,-0.584761947064748,3.06E-33,-0.584886182092645,6.80E-33,-0.58481556612952,1.67E-32
,,,,,,,,,,,,-0.580114616540265,6.89E-33,-0.580076534498402,4.92E-33,-0.58001885296004,3.24E-33,-0.579961899064176,3.09E-33,-0.580086134092266,6.81E-33,-0.58001551812905,1.67E-32
,,,,,,,,,,,,-0.575314568539875,7.00E-33,-0.575276486497921,4.99E-33,-0.575218804959649,3.28E-33,-0.575161851063717,3.11E-33,-0.575286086091773,6.83E-33,-0.575215470128466,1.67E-32
,,,,,,,,,,,,-0.570514520539279,7.12E-33,-0.57047643849753,5.07E-33,-0.570418756959065,3.33E-33,-0.570361803063315,3.14E-33,-0.570486038091212,6.85E-33,-0.570415422128087,1.67E-32
,,,,,,,,,,,,-0.565714472538832,7.23E-33,-0.565676390496935,5.15E-33,-0.565618708958606,3.37E-33,-0.565561755062708,3.17E-33,-0.565685990090833,6.87E-33,-0.565615374127617,1.67E-32
,,,,,,,,,,,,-0.560914424538452,7.35E-33,-0.560876342496487,5.24E-33,-0.560818660958216,3.42E-33,-0.560761707062306,3.20E-33,-0.560885942090328,6.89E-33,-0.560815326127033,1.68E-32
,,,,,,,,,,,,-0.5561143765378,7.48E-33,-0.556076294496108,5.32E-33,-0.556018612957609,3.47E-33,-0.555961659061836,3.23E-33,-0.556085894089778,6.91E-33,-0.556015278126653,1.68E-32
,,,,,,,,,,,,-0.551314328537398,7.60E-33,-0.551276246495456,5.41E-33,-0.551218564957173,3.52E-33,-0.551161611061263,3.26E-33,-0.551285846089399,6.93E-33,-0.551215230126172,1.68E-32
,,,,,,,,,,,,-0.546514280537007,7.73E-33,-0.546476198495054,5.50E-33,-0.546418516956782,3.57E-33,-0.546361563060884,3.29E-33,-0.546485798088861,6.95E-33,-0.546415182125599,1.68E-32
,,,,,,,,,,,,-0.541714232536378,7.87E-33,-0.541676150494663,5.59E-33,-0.541618468956176,3.62E-33,-0.541561515060391,3.32E-33,-0.541685750088345,6.97E-33,-0.54161513412522,1.68E-32
,,,,,,,,,,,,-0.536914184535965,8.00E-33,-0.536876102494034,5.68E-33,-0.536818420955739,3.68E-33,-0.53676146705983,3.35E-33,-0.536885702087965,6.99E-33,-0.536815086124693,1.68E-32
,,,,,,,,,,,,-0.53211413653554,8.14E-33,-0.53207605449362,5.78E-33,-0.532018372955326,3.73E-33,-0.53196141905945,3.39E-33,-0.532085654087404,7.02E-33,-0.532015038124177,1.69E-32
,,,,,,,,,,,,-0.527314088534967,8.29E-33,-0.527276006493195,5.88E-33,-0.527218324954742,3.79E-33,-0.527161371058934,3.42E-33,-0.527285606086934,7.04E-33,-0.527214990123786,1.69E-32
,,,,,,,,,,,,-0.522514040534531,8.44E-33,-0.522475958492623,5.98E-33,-0.522418276954317,3.85E-33,-0.522361323058396,3.46E-33,-0.522485558086521,7.06E-33,-0.522414942123236,1.69E-32
,,,,,,,,,,,,-0.517713992534061,8.59E-33,-0.517675910492187,6.09E-33,-0.517618228953847,3.91E-33,-0.517561275058017,3.49E-33,-0.517685510085937,7.09E-33,-0.517614894122766,1.69E-32
,,,,,,,,,,,,-0.512913944533534,8.74E-33,-0.512875862491716,6.20E-33,-0.512818180953297,3.97E-33,-0.512761227057478,3.53E-33,-0.512885462085523,7.11E-33,-0.512814846122341,1.69E-32
,,,,,,,,,,,,-0.50811389653312,8.91E-33,-0.508075814491189,6.31E-33,-0.508018132952906,4.03E-33,-0.507961179056962,3.57E-33,-0.508085414085064,7.14E-33,-0.508014798121769,1.70E-32
,,,,,,,,,,,,-0.503313848532604,9.07E-33,-0.503275766490776,6.42E-33,-0.503218084952391,4.10E-33,-0.503161131056583,3.61E-33,-0.50328536608448,7.17E-33,-0.503214750121344,1.70E-32
,,,,,,,,,,,,-0.4985138005321,9.24E-33,-0.49847571849026,6.54E-33,-0.498418036951864,4.17E-33,-0.498361083056022,3.65E-33,-0.49848531808409,7.19E-33,-0.498414702120908,1.70E-32
,,,,,,,,,,,,-0.493713752531709,9.42E-33,-0.493675670489756,6.66E-33,-0.493617988951484,4.24E-33,-0.493561035055552,3.69E-33,-0.493685270083631,7.22E-33,-0.493614654120301,1.70E-32
,,,,,,,,,,,,-0.488913704531137,9.60E-33,-0.488875622489365,6.78E-33,-0.488817940950923,4.31E-33,-0.48876098705515,3.73E-33,-0.488885222083047,7.25E-33,-0.48881460611991,1.71E-32
,,,,,,,,,,,,-0.484113656530666,9.78E-33,-0.484075574488792,6.91E-33,-0.48401789295043,4.38E-33,-0.483960939054554,3.78E-33,-0.484085174082656,7.28E-33,-0.484014558119474,1.71E-32
,,,,,,,,,,,,-0.479313608530287,9.97E-33,-0.479275526488322,7.04E-33,-0.479217844950051,4.46E-33,-0.479160891054141,3.82E-33,-0.479285126082186,7.31E-33,-0.479214510118868,1.71E-32
,,,,,,,,,,,,-0.474513560529658,1.02E-32,-0.474475478487943,7.18E-33,-0.474417796949467,4.53E-33,-0.474360843053693,3.87E-33,-0.474485078081613,7.35E-33,-0.474414462118477,1.71E-32
,,,,,,,,,,,,-0.469713512529233,1.04E-32,-0.469675430487313,7.32E-33,-0.469617748948996,4.61E-33,-0.469560795053098,3.92E-33,-0.469685030081223,7.38E-33,-0.469614414118029,1.72E-32
,,,,,,,,,,,,-0.464913464528854,1.06E-32,-0.464875382486889,7.46E-33,-0.464817700948617,4.70E-33,-0.464760747052719,3.97E-33,-0.464884982080718,7.41E-33,-0.464814366117434,1.72E-32
,,,,,,,,,,,,-0.460113416528224,1.08E-32,-0.460075334486509,7.61E-33,-0.460017652948033,4.78E-33,-0.459960699052237,4.02E-33,-0.460084934080191,7.45E-33,-0.460014318117043,1.72E-32
,,,,,,,,,,,,-0.455313368527799,1.10E-32,-0.45527528648588,7.77E-33,-0.455217604947563,4.87E-33,-0.455160651051664,4.07E-33,-0.455284886079789,7.48E-33,-0.45521427011655,1.73E-32
,,,,,,,,,,,,-0.450513320527386,1.13E-32,-0.450475238485455,7.93E-33,-0.450417556947184,4.96E-33,-0.450360603051285,4.13E-33,-0.45048483807925,7.52E-33,-0.450414222116023,1.73E-32
,,,,,,,,,,,,-0.445713272526802,1.15E-32,-0.445675190485042,8.09E-33,-0.445617508946566,5.05E-33,-0.445560555050792,4.19E-33,-0.44568479007878,7.56E-33,-0.44561417411561,1.73E-32
,,,,,,,,,,,,-0.440913224526366,1.17E-32,-0.440875142484458,8.26E-33,-0.440817460946152,5.15E-33,-0.440760507050231,4.25E-33,-0.440884742078355,7.60E-33,-0.440814126115083,1.73E-32
,,,,,,,,,,,,-0.436113176525907,1.20E-32,-0.436075094484022,8.43E-33,-0.436017412945705,5.25E-33,-0.435960459049852,4.31E-33,-0.436084694077783,7.64E-33,-0.436014078114612,1.74E-32
,,,,,,,,,,,,-0.431313128525368,1.22E-32,-0.431275046483563,8.61E-33,-0.431217364945132,5.36E-33,-0.431160411049336,4.37E-33,-0.431284646077358,7.68E-33,-0.431214030114176,1.74E-32
,,,,,,,,,,,,-0.426513080524955,1.25E-32,-0.426474998483024,8.80E-33,-0.426417316944741,5.46E-33,-0.426360363048797,4.43E-33,-0.426484598076933,7.73E-33,-0.426413982113615,1.75E-32
,,,,,,,,,,,,-0.421713032524451,1.28E-32,-0.421674950482611,8.99E-33,-0.421617268944237,5.57E-33,-0.421560315048407,4.50E-33,-0.421684550076304,7.77E-33,-0.421613934113179,1.75E-32
,,,,,,,,,,,,-0.416912984523935,1.31E-32,-0.416874902482106,9.19E-33,-0.416817220943698,5.69E-33,-0.41676026704788,4.57E-33,-0.416884502075925,7.82E-33,-0.416813886112765,1.75E-32
,,,,,,,,,,,,-0.412112936523544,1.34E-32,-0.412074854481591,9.40E-33,-0.412017172943319,5.81E-33,-0.411960219047387,4.64E-33,-0.412084454075488,7.87E-33,-0.412013838112136,1.76E-32
,,,,,,,,,,,,-0.407312888522983,1.37E-32,-0.4072748064812,9.61E-33,-0.407217124942781,5.93E-33,-0.407160171046973,4.72E-33,-0.40728440607487,7.92E-33,-0.407213790111745,1.76E-32
,,,,,,,,,,,,-0.402512840522501,1.40E-32,-0.402474758480639,9.83E-33,-0.402417076942265,6.06E-33,-0.402360123046412,4.79E-33,-0.402484358074491,7.97E-33,-0.402413742111332,1.77E-32
,,,,,,,,,,,,-0.397712792522111,1.43E-32,-0.397674710480157,1.01E-32,-0.397617028941886,6.19E-33,-0.397560075045976,4.87E-33,-0.397684310074043,8.02E-33,-0.397613694110691,1.77E-32
,,,,,,,,,,,,-0.392912744521527,1.47E-32,-0.392874662479766,1.03E-32,-0.392816980941324,6.32E-33,-0.39276002704554,4.96E-33,-0.392884262073437,8.08E-33,-0.392813646110312,1.78E-32
,,,,,,,,,,,,-0.388112696521068,1.50E-32,-0.388074614479182,1.05E-32,-0.388016932940831,6.47E-33,-0.387959979044933,5.04E-33,-0.388084214073057,8.14E-33,-0.388013598109876,1.78E-32
,,,,,,,,,,,,-0.383312648520677,1.54E-32,-0.383274566478723,1.08E-32,-0.383216884940441,6.61E-33,-0.383159931044542,5.13E-33,-0.383284166072564,8.20E-33,-0.383213550109269,1.79E-32
,,,,,,,,,,,,-0.378512600520082,1.58E-32,-0.378474518478333,1.11E-32,-0.378416836939891,6.77E-33,-0.378359883044095,5.22E-33,-0.378484118072026,8.26E-33,-0.378413502108878,1.79E-32
,,,,,,,,,,,,-0.373712552519634,1.62E-32,-0.373674470477737,1.13E-32,-0.373616788939398,6.93E-33,-0.373559835043499,5.32E-33,-0.373684070071624,8.33E-33,-0.373613454108397,1.80E-32
,,,,,,,,,,,,-0.368912504519244,1.66E-32,-0.36887442247729,1.16E-32,-0.368816740939007,7.09E-33,-0.368759787043109,5.42E-33,-0.368884022071097,8.39E-33,-0.368813406107858,1.80E-32
,,,,,,,,,,,,-0.364112456518626,1.70E-32,-0.364074374476899,1.19E-32,-0.364016692938423,7.26E-33,-0.363959739042661,5.52E-33,-0.364083974070615,8.46E-33,-0.364013358107445,1.81E-32
,,,,,,,,,,,,-0.359312408518212,1.75E-32,-0.359274326476281,1.22E-32,-0.359216644937987,7.44E-33,-0.359159691042066,5.63E-33,-0.35928392607019,8.54E-33,-0.359213310106929,1.81E-32
,,,,,,,,,,,,-0.354512360517765,1.80E-32,-0.354474278475868,1.26E-32,-0.354416596937551,7.63E-33,-0.354359643041675,5.75E-33,-0.35448387806964,8.61E-33,-0.354413262106447,1.82E-32
,,,,,,,,,,,,-0.349712312517192,1.84E-32,-0.34967423047542,1.29E-32,-0.349616548936967,7.82E-33,-0.349559595041182,5.86E-33,-0.349683830069193,8.69E-33,-0.349613214106011,1.83E-32
,,,,,,,,,,,,-0.34491226451679,1.89E-32,-0.344874182474848,1.32E-32,-0.344816500936576,8.02E-33,-0.344759547040644,5.98E-33,-0.344883782068757,8.78E-33,-0.344813166105473,1.83E-32
,,,,,,,,,,,,-0.340112216516308,1.95E-32,-0.340074134474446,1.36E-32,-0.340016452936083,8.23E-33,-0.339959499040242,6.11E-33,-0.340083734068161,8.86E-33,-0.340013118105014,1.84E-32
,,,,,,,,,,,,-0.335312168515758,2.00E-32,-0.335274086473964,1.40E-32,-0.335216404935533,8.45E-33,-0.335159451039714,6.25E-33,-0.335283686067759,8.95E-33,-0.335213070104589,1.85E-32
,,,,,,,,,,,,-0.330512120515379,2.06E-32,-0.330474038473414,1.44E-32,-0.330416356935143,8.68E-33,-0.330359403039221,6.38E-33,-0.330483638067335,9.05E-33,-0.330413022103994,1.86E-32
,,,,,,,,,,,,-0.325712072514841,2.12E-32,-0.325673990473035,1.48E-32,-0.32561630893465,8.92E-33,-0.325559355038808,6.53E-33,-0.325683590066705,9.14E-33,-0.32561297410358,1.87E-32
,,,,,,,,,,,,-0.320912024514325,2.18E-32,-0.320873942472496,1.52E-32,-0.3208162609341,9.16E-33,-0.320759307038258,6.68E-33,-0.320883542066314,9.25E-33,-0.320812926103178,1.87E-32
,,,,,,,,,,,,-0.316111976513946,2.25E-32,-0.316073894471981,1.57E-32,-0.316016212933709,9.43E-33,-0.315959259037811,6.84E-33,-0.316083494065901,9.35E-33,-0.316012878102526,1.88E-32
,,,,,,,,,,,,-0.311311928513384,2.31E-32,-0.311273846471601,1.61E-32,-0.311216164933182,9.70E-33,-0.311159211037374,7.01E-33,-0.311283446065272,9.47E-33,-0.311212830102135,1.89E-32
,,,,,,,,,,,,-0.306511880512891,2.38E-32,-0.30647379847104,1.66E-32,-0.306416116932666,9.98E-33,-0.306359163036779,7.18E-33,-0.306483398064881,9.58E-33,-0.306412782101733,1.90E-32
,,,,,,,,,,,,-0.301711832512512,2.46E-32,-0.301673750470547,1.71E-32,-0.301616068932276,1.03E-32,-0.301559115036377,7.36E-33,-0.301683350064422,9.71E-33,-0.301612734101104,1.91E-32
,,,,,,,,,,,,-0.296911784511939,2.54E-32,-0.296873702470168,1.77E-32,-0.296816020931726,1.06E-32,-0.296759067035952,7.55E-33,-0.296883302063861,9.84E-33,-0.296812686100702,1.92E-32
,,,,,,,,,,,,-0.292111736511458,2.62E-32,-0.292073654469595,1.82E-32,-0.292015972931233,1.09E-32,-0.291959019035323,7.75E-33,-0.292083254063447,9.97E-33,-0.292012638100254,1.94E-32
,,,,,,,,,,,,-0.287311688511078,2.70E-32,-0.287273606469113,1.88E-32,-0.287215924930842,1.13E-32,-0.287158971034944,7.96E-33,-0.287283206062954,1.01E-32,-0.287212590099693,1.95E-32
,,,,,,,,,,,,-0.282511640510483,2.79E-32,-0.282473558468734,1.95E-32,-0.282415876930269,1.16E-32,-0.282358923034519,8.18E-33,-0.28248315806245,1.03E-32,-0.282412542099268,1.96E-32
,,,,,,,,,,,,-0.277711592510047,2.89E-32,-0.277673510468139,2.01E-32,-0.277615828929822,1.20E-32,-0.277558875033889,8.42E-33,-0.277683110062014,1.04E-32,-0.277612494098787,1.97E-32
,,,,,,,,,,,,-0.272911544509611,2.99E-32,-0.272873462467703,2.08E-32,-0.272815780929408,1.24E-32,-0.27275882703351,8.66E-33,-0.272883062061498,1.06E-32,-0.272812446098271,1.99E-32
,,,,,,,,,,,,-0.268111496509027,3.09E-32,-0.268073414467266,2.15E-32,-0.26801573292879,1.28E-32,-0.26795877903304,8.92E-33,-0.268083014061016,1.08E-32,-0.268012398097846,2.00E-32
,,,,,,,,,,,,-0.263311448508636,3.20E-32,-0.263273366466683,2.23E-32,-0.263215684928411,1.33E-32,-0.263158731032478,9.20E-33,-0.263282966060603,1.09E-32,-0.26321235009733,2.02E-32
,,,,,,,,,,,,-0.258511400508143,3.32E-32,-0.258473318466292,2.31E-32,-0.258415636927941,1.38E-32,-0.258358683032076,9.48E-33,-0.258482918060019,1.11E-32,-0.258412302096837,2.03E-32
,,,,,,,,,,,,-0.253711352507593,3.44E-32,-0.253673270465799,2.40E-32,-0.253615588927357,1.43E-32,-0.253558635031572,9.79E-33,-0.253682870059583,1.14E-32,-0.253612254096435,2.05E-32
,,,,,,,,,,,,-0.248911304507203,3.57E-32,-0.248873222465249,2.49E-32,-0.248815540926977,1.48E-32,-0.248758587031068,1.01E-32,-0.248882822059192,1.16E-32,-0.248812206095851,2.07E-32
,,,,,,,,,,,,-0.244111256506698,3.71E-32,-0.244073174464858,2.58E-32,-0.244015492926507,1.54E-32,-0.243958539030631,1.05E-32,-0.244082774058551,1.18E-32,-0.244012158095404,2.09E-32
,,,,,,,,,,,,-0.23931120850616,3.86E-32,-0.239273126464354,2.68E-32,-0.239215444925923,1.60E-32,-0.239158491030116,1.08E-32,-0.239282726058149,1.20E-32,-0.239212110095024,2.11E-32
,,,,,,,,,,,,-0.234511160505769,4.01E-32,-0.234473078463815,2.79E-32,-0.234415396925544,1.66E-32,-0.234358443029645,1.12E-32,-0.234482678057747,1.23E-32,-0.234412062094384,2.13E-32
,,,,,,,,,,,,-0.229711112505242,4.17E-32,-0.229673030463425,2.90E-32,-0.229615348925051,1.73E-32,-0.229558395029209,1.16E-32,-0.229682630057118,1.26E-32,-0.22961201409397,2.16E-32
,,,,,,,,,,,,-0.224911064504726,4.35E-32,-0.224872982462898,3.02E-32,-0.22481530092449,1.80E-32,-0.224758347028637,1.20E-32,-0.224882582056716,1.29E-32,-0.224811966093579,2.18E-32
,,,,,,,,,,,,-0.220111016504336,4.53E-32,-0.220072934462382,3.15E-32,-0.22001525292411,1.87E-32,-0.219958299028201,1.25E-32,-0.220082534056268,1.32E-32,-0.22001191809295,2.21E-32
,,,,,,,,,,,,-0.215310968503797,4.73E-32,-0.215272886461991,3.29E-32,-0.215215204923583,1.95E-32,-0.215158251027799,1.30E-32,-0.215282486055696,1.35E-32,-0.215211870092537,2.24E-32
,,,,,,,,,,,,-0.210510920503293,4.94E-32,-0.210472838461453,3.43E-32,-0.210415156923079,2.04E-32,-0.210358203027169,1.35E-32,-0.210482438055282,1.39E-32,-0.2104118220921,2.27E-32
,,,,,,,,,,,,-0.205710872502902,5.16E-32,-0.205672790460948,3.59E-32,-0.205615108922665,2.13E-32,-0.205558155026767,1.41E-32,-0.205682390054801,1.43E-32,-0.205611774091528,2.30E-32
,,,,,,,,,,,,-0.200910824502341,5.40E-32,-0.200872742460558,3.75E-32,-0.200815060922127,2.23E-32,-0.200758107026376,1.47E-32,-0.200882342054285,1.47E-32,-0.200811726091103,2.33E-32
,,,,,,,,,,,,-0.196110776501882,5.65E-32,-0.196072694459996,3.93E-32,-0.196015012921668,2.34E-32,-0.195958059025724,1.54E-32,-0.196082294053849,1.51E-32,-0.196011678090633,2.37E-32
,,,,,,,,,,,,-0.191310728501468,5.93E-32,-0.191272646459538,4.12E-32,-0.191214964921232,2.45E-32,-0.191158011025333,1.61E-32,-0.191282246053344,1.56E-32,-0.191211630090106,2.41E-32
,,,,,,,,,,,,-0.186510680500862,6.22E-32,-0.186472598459124,4.33E-32,-0.186414916920648,2.58E-32,-0.186357963024897,1.68E-32,-0.186482198052851,1.61E-32,-0.186411582089681,2.45E-32
,,,,,,,,,,,,-0.181710632500471,6.54E-32,-0.181672550458517,4.55E-32,-0.181614868920235,2.71E-32,-0.181557915024313,1.77E-32,-0.181682150052438,1.67E-32,-0.181611534089177,2.50E-32
,,,,,,,,,,,,-0.176910584500001,6.88E-32,-0.176872502458127,4.78E-32,-0.176814820919798,2.86E-32,-0.1767578670239,1.86E-32,-0.176882102051865,1.73E-32,-0.176811486088672,2.55E-32
,,,,,,,,,,,,-0.172110536499428,7.24E-32,-0.172072454457656,5.04E-32,-0.172014772919192,3.01E-32,-0.17195781902343,1.95E-32,-0.172082054051418,1.79E-32,-0.17201143808827,2.61E-32
,,,,,,,,,,,,-0.167310488499038,7.64E-32,-0.167272406457084,5.32E-32,-0.167214724918801,3.18E-32,-0.167157771022903,2.06E-32,-0.167282006051027,1.86E-32,-0.167211390087697,2.67E-32
,,,,,,,,,,,,-0.162510440498556,8.07E-32,-0.162472358456693,5.62E-32,-0.162414676918365,3.37E-32,-0.162357723022466,2.17E-32,-0.162481958050398,1.94E-32,-0.162411342087239,2.73E-32
,,,,,,,,,,,,-0.157710392497995,8.53E-32,-0.157672310456212,5.95E-32,-0.157614628917758,3.57E-32,-0.157557675021973,2.30E-32,-0.157681910049984,2.03E-32,-0.157611294086848,2.80E-32
,,,,,,,,,,,,-0.152910344497604,9.04E-32,-0.15287226245565,6.30E-32,-0.152814580917367,3.79E-32,-0.152757627021469,2.43E-32,-0.152881862049594,2.12E-32,-0.152811246086241,2.88E-32
,,,,,,,,,,,,-0.1481102964971,9.59E-32,-0.14807221445526,6.69E-32,-0.148014532916909,4.03E-32,-0.147957579021056,2.58E-32,-0.148081814048964,2.22E-32,-0.148011198085805,2.97E-32
,,,,,,,,,,,,-0.14331024849655,1.02E-31,-0.143272166454755,7.11E-32,-0.143214484916325,4.30E-32,-0.143157531020494,2.75E-32,-0.143281766048551,2.33E-32,-0.143211150085414,3.06E-32
,,,,,,,,,,,,-0.13851020049617,1.09E-31,-0.138472118454205,7.58E-32,-0.138414436915934,4.59E-32,-0.138357483020035,2.93E-32,-0.138481718048126,2.46E-32,-0.138411102084808,3.17E-32
,,,,,,,,,,,,-0.133710152495643,1.16E-31,-0.133672070453826,8.09E-32,-0.133614388915441,4.92E-32,-0.133557435019633,3.14E-32,-0.133681670047542,2.59E-32,-0.133611054084371,3.28E-32
,,,,,,,,,,,,-0.128910104495128,1.24E-31,-0.128872022453299,8.65E-32,-0.128814340914914,5.28E-32,-0.128757387019027,3.36E-32,-0.128881622047106,2.75E-32,-0.128811006083958,3.41E-32
,,,,,,,,,,,,-0.124110056494737,1.33E-31,-0.124071974452783,9.27E-32,-0.1240142929145,5.68E-32,-0.123957339018602,3.62E-32,-0.124081574046658,2.92E-32,-0.124010958083374,3.56E-32
,,,,,,,,,,,,-0.119310008494187,1.42E-31,-0.119271926452393,9.96E-32,-0.119214244913985,6.13E-32,-0.119157291018211,3.90E-32,-0.11928152604612,3.11E-32,-0.119210910082927,3.72E-32
,,,,,,,,,,,,-0.114509960493717,1.53E-31,-0.114471878451843,1.07E-31,-0.114414196913503,6.64E-32,-0.11435724301757,4.22E-32,-0.114481478045684,3.33E-32,-0.11441086208249,3.90E-32
,,,,,,,,,,,,-0.109709912493303,1.65E-31,-0.109671830451372,1.16E-31,-0.109614148913067,7.21E-32,-0.109557195017168,4.59E-32,-0.109681430045202,3.57E-32,-0.109610814081941,4.11E-32
,,,,,,,,,,,,-0.104909864492708,1.78E-31,-0.104871782450959,1.25E-31,-0.104814100912506,7.86E-32,-0.104757147016744,5.00E-32,-0.104881382044675,3.86E-32,-0.104810766081516,4.35E-32
,,,,,,,,,,,,-0.100109816492306,1.93E-31,-0.100071734450364,1.36E-31,-0.100014052912069,8.61E-32,-0.0999570990161487,5.48E-32,-0.100081334044273,4.18E-32,-0.100010718081034,4.62E-32
,,,,,,,,,,,,-0.0953097684918589,2.10E-31,-0.095271686449962,1.48E-31,-0.0952140049116451,9.46E-32,-0.0951570510157353,6.03E-32,-0.0952812860437234,4.55E-32,-0.0952106700804961,4.94E-32
,,,,,,,,,,,,-0.0905097204912522,2.29E-31,-0.0904716384495145,1.62E-31,-0.0904139569110384,1.04E-31,-0.0903570030152764,6.67E-32,-0.0904812380432417,4.98E-32,-0.0904106220801054,5.30E-32
,,,,,,,,,,,,-0.0857096724908728,2.51E-31,-0.0856715904489078,1.77E-31,-0.0856139089106363,1.16E-31,-0.0855569550147379,7.42E-32,-0.0856811900428624,5.49E-32,-0.0856105740795556,5.73E-32
,,,,,,,,,,,,-0.0809096244904253,2.75E-31,-0.0808715424485285,1.95E-31,-0.0808138609102229,1.29E-31,-0.0807569070143017,8.31E-32,-0.0808811420422557,6.09E-32,-0.0808105260790625,6.24E-32
,,,,,,,,,,,,-0.0761095764898186,3.03E-31,-0.076071494448081,2.15E-31,-0.0760138129095821,1.45E-31,-0.0759568590138087,9.37E-32,-0.0760810940418082,6.81E-32,-0.0760104780786832,6.84E-32
,,,,,,,,,,,,-0.0713095284894393,3.34E-31,-0.0712714464474743,2.39E-31,-0.0712137649092028,1.64E-31,-0.0711568110133043,1.07E-31,-0.0712810460414289,7.68E-32,-0.0712104300780993,7.58E-32
,,,,,,,,,,,,-0.066509480488969,3.70E-31,-0.066471398447095,2.66E-31,-0.0664137169087553,1.87E-31,-0.0663567630128909,1.22E-31,-0.0664809980408108,8.74E-32,-0.066410382077629,8.47E-32
,,,,,,,,,,,,-0.0617094324883851,4.12E-31,-0.0616713504466247,2.97E-31,-0.0616136689081599,2.15E-31,-0.0615567150123411,1.42E-31,-0.0616809500403746,1.01E-31,-0.0616103340772497,9.59E-32
,,,,,,,,,,,,-0.0569093844879944,4.59E-31,-0.0568713024460407,3.33E-31,-0.0568136209077692,2.49E-31,-0.0567566670118708,1.67E-31,-0.0568809020399839,1.17E-31,-0.0568102860766543,1.10E-31
,,,,,,,,,,,,-0.0521093364875014,5.14E-31,-0.05207125444565,3.74E-31,-0.0520135729072876,2.92E-31,-0.0519566190114801,1.98E-31,-0.0520808540393773,1.39E-31,-0.0520102380761954,1.28E-31
,,,,,,,,,,,,-0.0473092884869743,5.77E-31,-0.047271206445157,4.23E-31,-0.0472135249067491,3.46E-31,-0.0471565710108734,2.40E-31,-0.0472808060389411,1.67E-31,-0.0472101900758161,1.52E-31
,,,,,,,,,,,,-0.0425092404865608,6.48E-31,-0.0424711584446299,4.79E-31,-0.0424134769063357,4.16E-31,-0.0423565230104259,2.97E-31,-0.0424807580385163,2.06E-31,-0.0424101420751981,1.84E-31
,,,,,,,,,,,,-0.0377091924860451,7.28E-31,-0.0376711104442165,5.43E-31,-0.03761342890582,5.08E-31,-0.0375564750100465,3.77E-31,-0.0376807100379437,2.60E-31,-0.0376100940747733,2.30E-31
,,,,,,,,,,,,-0.0329091444855521,8.17E-31,-0.0328710624437007,6.15E-31,-0.0328133809053383,6.31E-31,-0.0327564270094285,4.95E-31,-0.0328806620375189,3.40E-31,-0.0328100460743485,2.96E-31
,,,,,,,,,,,,-0.0281090964851273,9.13E-31,-0.0280710144432077,6.96E-31,-0.0280133329049022,7.96E-31,-0.0279563790089923,6.77E-31,-0.0280806140370486,4.64E-31,-0.0280099980737645,4.00E-31
,,,,,,,,,,,,-0.0233090484845661,1.01E-30,-0.0232709664427829,7.81E-31,-0.0232132849043523,1.02E-30,-0.0231563310086016,9.81E-31,-0.0232805660365102,6.74E-31,-0.0232099500733511,5.72E-31
,,,,,,,,,,,,-0.0185090004841299,1.11E-30,-0.0184709184422217,8.69E-31,-0.0184132369039048,1.33E-30,-0.0183562830079949,1.55E-30,-0.0184805180361081,1.07E-30,-0.0184099020728808,8.91E-31
,,,,,,,,,,,,-0.0137089524837051,1.21E-30,-0.0136708704417856,9.50E-31,-0.0136131889034913,1.72E-30,-0.0135562350075588,2.78E-30,-0.013680470035581,1.95E-30,-0.013609854072331,1.58E-30
,,,,,,,,,,,,-0.00890890448309846,1.28E-30,-0.00887082244136081,1.02E-30,-0.00881314090288469,2.18E-30,-0.00875618700713403,6.24E-30,-0.00888042203507666,4.66E-30,-0.00880980607194032,3.48E-30
,,,,,,,,,,,,-0.00410885648269641,1.33E-30,-0.00407077444075412,1.06E-30,-0.0040130929024599,2.56E-30,-0.00395613900656144,1.97E-29,-0.00408037403468597,2.16E-29,-0.00400975807141321,1.05E-29
,,,,,,,,,,,,0.000691191517728384,1.34E-30,0.000729273559647936,1.07E-30,0.000786955097919417,2.67E-30,0.000843908993863351,3.45E-29,0.000719673965886613,6.44E-29,0.000790289929102527,1.81E-29
,,,,,,,,,,,,0.00549123951834644,1.32E-30,0.00552932156007273,1.05E-30,0.00558700309858295,2.45E-30,0.00564395699434498,1.27E-29,0.00551972196635688,1.22E-29,0.00559033792949321,7.12E-30
,,,,,,,,,,,,0.0102912875187371,1.26E-30,0.0103293695606907,9.99E-31,0.0103870510989736,2.03E-30,0.0104440049948721,4.54E-30,0.0103197699667475,3.44E-30,0.010390385930043,2.60E-30
,,,,,,,,,,,,0.0150913355191732,1.18E-30,0.0151294175610814,9.26E-31,0.015187099099387,1.59E-30,0.0152440529952741,2.22E-30,0.0151198179673428,1.60E-30,0.015190433930536,1.28E-30
,,,,,,,,,,,,0.0198913835197799,1.09E-30,0.0199294655615176,8.42E-31,0.0199871470999937,1.22E-30,0.0200441009958012,1.30E-30,0.0199198659677904,9.19E-31,0.0199904819309267,7.61E-31
,,,,,,,,,,,,0.0246914315201706,9.85E-31,0.0247295135621243,7.55E-31,0.0247871951004071,9.40E-31,0.0248441489963056,8.54E-31,0.0247199139681811,5.98E-31,0.0247905299314993,5.04E-31
,,,,,,,,,,,,0.0294914795206409,8.85E-31,0.029529561562515,6.71E-31,0.0295872431008547,7.36E-31,0.0296441969966849,6.03E-31,0.0295199619687764,4.21E-31,0.0295905779319696,3.60E-31
,,,,,,,,,,,,0.0342915275212021,7.90E-31,0.0343296095629852,5.92E-31,0.0343872911014159,5.87E-31,0.0344442449972689,4.48E-31,0.0343200099692239,3.13E-31,0.0343906259323603,2.71E-31
,,,,,,,,,,,,0.0390915755216042,7.04E-31,0.0391296575635465,5.22E-31,0.0391873391018407,4.75E-31,0.0392442929977392,3.46E-31,0.0391200579696374,2.42E-31,0.0391906739329442,2.13E-31
,,,,,,,,,,,,0.0438916235221086,6.26E-31,0.0439297055639485,4.61E-31,0.0439873871023337,3.91E-31,0.0440443409981185,2.75E-31,0.0439201059702213,1.93E-31,0.0439907219333918,1.73E-31
,,,,,,,,,,,,0.0486916715226129,5.58E-31,0.0487297535644529,4.07E-31,0.0487874351028381,3.27E-31,0.0488443889987252,2.24E-31,0.0487201539706347,1.58E-31,0.0487907699338052,1.43E-31
,,,,,,,,,,,,0.0534917195230377,4.98E-31,0.0535298015649573,3.61E-31,0.0535874831032629,2.77E-31,0.0536444369991727,1.86E-31,0.0535202019711164,1.32E-31,0.0535908179344005,1.22E-31
,,,,,,,,,,,,0.0582917675235762,4.45E-31,0.0583298495653821,3.21E-31,0.05838753110379,2.37E-31,0.058444484999552,1.57E-31,0.0583202499716549,1.12E-31,0.0583908659348026,1.05E-31
,,,,,,,,,,,,0.0630918155240351,3.99E-31,0.0631298975659206,2.87E-31,0.0631875791042716,2.05E-31,0.0632445330001701,1.34E-31,0.0631202979720455,9.64E-32,0.0631909139352842,9.19E-32
,,,,,,,,,,,,0.0678918635244599,3.59E-31,0.0679299455663795,2.57E-31,0.0679876271046737,1.79E-31,0.0680445810006062,1.16E-31,0.0679203459725727,8.40E-32,0.0679909619358341,8.16E-32
,,,,,,,,,,,,0.0726919115250552,3.25E-31,0.0727299935668042,2.31E-31,0.0727876751052576,1.58E-31,0.0728446290010083,1.02E-31,0.0727203939730998,7.40E-32,0.0727910099362247,7.32E-32
,,,,,,,,,,,,0.0774919595254687,2.94E-31,0.0775300415673996,2.09E-31,0.0775877231057052,1.40E-31,0.0776446770016036,8.98E-32,0.0775204419734791,6.58E-32,0.0775910579367291,6.63E-32
,,,,,,,,,,,,0.0822920075258821,2.68E-31,0.082330089567813,1.89E-31,0.0823877711060845,1.25E-31,0.0824447250020284,7.98E-32,0.0823204899740176,5.90E-32,0.082391105937279,6.06E-32
,,,,,,,,,,,,0.0870920555265229,2.44E-31,0.0871301375682264,1.72E-31,0.0871878191067367,1.12E-31,0.0872447730024987,7.14E-32,0.0871205379745333,5.33E-32,0.0871911539376583,5.58E-32
,,,,,,,,,,,,0.0918921035269022,2.23E-31,0.0919301855688672,1.58E-31,0.0919878671071387,1.01E-31,0.0920448210030372,6.43E-32,0.0919205859749126,4.85E-32,0.091991201938174,5.18E-32
,,,,,,,,,,,,0.096692151527327,2.05E-31,0.0967302335692466,1.44E-31,0.0967879151075294,9.17E-32,0.0968448690034392,5.83E-32,0.0967206339754852,4.43E-32,0.0967912499387125,4.83E-32
,,,,,,,,,,,,0.101492199527945,1.89E-31,0.101530281569671,1.33E-31,0.10158796310817,8.35E-32,0.101644917003955,5.30E-32,0.101520681975966,4.08E-32,0.101591297939091,4.53E-32
,,,,,,,,,,,,0.106292247528335,1.74E-31,0.106330329570289,1.22E-31,0.106388011108572,7.64E-32,0.10644496500447,4.85E-32,0.106320729976346,3.77E-32,0.106391345939641,4.27E-32
,,,,,,,,,,,,0.111092295528794,1.61E-31,0.11113037757068,1.13E-31,0.111188059108997,7.02E-32,0.111245013004861,4.45E-32,0.11112077797693,3.50E-32,0.111191393940146,4.04E-32
,,,,,,,,,,,,0.115892343529355,1.50E-31,0.115930425571139,1.05E-31,0.115988107109581,6.47E-32,0.116045061005411,4.10E-32,0.115920825977389,3.26E-32,0.115991441940525,3.84E-32
,,,,,,,,,,,,0.120692391529769,1.39E-31,0.1207304735717,9.74E-32,0.120788155110005,5.98E-32,0.120845109005904,3.80E-32,0.120720873977779,3.05E-32,0.120791489941098,3.67E-32
,,,,,,,,,,,,0.125492439530273,1.30E-31,0.125530521572113,9.07E-32,0.125588203110487,5.54E-32,0.125645157006295,3.52E-32,0.125520921978397,2.86E-32,0.125591537941556,3.51E-32
,,,,,,,,,,,,0.130292487530766,1.21E-31,0.130330569572618,8.47E-32,0.130388251111003,5.16E-32,0.130445205006867,3.28E-32,0.130320969978799,2.70E-32,0.130391585941958,3.37E-32
,,,,,,,,,,,,0.135092535531202,1.14E-31,0.135130617573111,7.93E-32,0.135188299111428,4.81E-32,0.135245253007337,3.06E-32,0.135121017979258,2.55E-32,0.135191633942565,3.24E-32
,,,,,,,,,,,,0.13989258353173,1.07E-31,0.139930665573547,7.43E-32,0.139988347111943,4.49E-32,0.140045301007728,2.87E-32,0.139921065979831,2.42E-32,0.139991681942967,3.13E-32
,,,,,,,,,,,,0.144692631532211,1.00E-31,0.144730713574074,6.98E-32,0.144788395112436,4.21E-32,0.144845349008301,2.69E-32,0.14472111398021,2.30E-32,0.144791729943426,3.03E-32
,,,,,,,,,,,,0.149492679532613,9.43E-32,0.149530761574555,6.57E-32,0.149588443112838,3.95E-32,0.149645397008771,2.53E-32,0.149521161980715,2.19E-32,0.14959177794401,2.94E-32
,,,,,,,,,,,,0.154292727533197,8.89E-32,0.154330809574958,6.19E-32,0.154388491113411,3.71E-32,0.154445445009162,2.38E-32,0.154321209981264,2.09E-32,0.154391825944389,2.86E-32
,,,,,,,,,,,,0.159092775533645,8.40E-32,0.159130857575542,5.84E-32,0.15918853911387,3.50E-32,0.159245493009768,2.25E-32,0.159121257981644,2.00E-32,0.159191873944871,2.78E-32
,,,,,,,,,,,,0.163892823534035,7.94E-32,0.163930905575989,5.53E-32,0.163988587114261,3.30E-32,0.164045541010182,2.13E-32,0.163921305982159,1.92E-32,0.163991921945444,2.71E-32
,,,,,,,,,,,,0.168692871534676,7.52E-32,0.16873095357638,5.23E-32,0.168788635114879,3.12E-32,0.168845589010641,2.02E-32,0.168721353982698,1.84E-32,0.168791969945823,2.65E-32
,,,,,,,,,,,,0.173492919535078,7.13E-32,0.173531001577021,4.96E-32,0.173588683115303,2.96E-32,0.173645637011213,1.92E-32,0.173521401983077,1.77E-32,0.173592017946316,2.59E-32
,,,,,,,,,,,,0.178292967535469,6.77E-32,0.178331049577423,4.71E-32,0.178388731115694,2.81E-32,0.178445685011593,1.82E-32,0.178321449983627,1.71E-32,0.178392065946877,2.54E-32
,,,,,,,,,,,,0.18309301553611,6.44E-32,0.183131097577813,4.48E-32,0.183188779116312,2.67E-32,0.183245733012097,1.74E-32,0.183121497984132,1.65E-32,0.183192113947256,2.49E-32
,,,,,,,,,,,,0.187893063536512,6.13E-32,0.187931145578454,4.26E-32,0.187988827116737,2.54E-32,0.188045781012647,1.66E-32,0.187921545984511,1.60E-32,0.187992161947784,2.44E-32
,,,,,,,,,,,,0.192693111536937,5.85E-32,0.192731193578856,4.06E-32,0.19278887511715,2.42E-32,0.192845829013026,1.58E-32,0.192721593985072,1.55E-32,0.192792209948311,2.40E-32
,,,,,,,,,,,,0.197493159537521,5.58E-32,0.197531241579281,3.88E-32,0.197588923117734,2.30E-32,0.197645877013553,1.51E-32,0.197521641985554,1.50E-32,0.19759225794869,2.36E-32
,,,,,,,,,,,,0.202293207537945,5.33E-32,0.202331289579865,3.70E-32,0.20238897111817,2.20E-32,0.20244592501408,1.45E-32,0.202321689985956,1.46E-32,0.20239230594924,2.32E-32
,,,,,,,,,,,,0.207093255538416,5.09E-32,0.20713133758029,3.54E-32,0.207189019118629,2.10E-32,0.20724597301446,1.39E-32,0.20712173798654,1.42E-32,0.207192353949722,2.29E-32
,,,,,,,,,,,,0.211893303538943,4.87E-32,0.21193138558076,3.39E-32,0.211989067119179,2.01E-32,0.212046021015009,1.34E-32,0.211921785986965,1.38E-32,0.211992401950135,2.26E-32
,,,,,,,,,,,,0.216693351539368,4.67E-32,0.216731433581287,3.24E-32,0.216789115119581,1.93E-32,0.216846069015514,1.28E-32,0.216721833987412,1.34E-32,0.216792449950708,2.23E-32
,,,,,,,,,,,,0.221493399539872,4.48E-32,0.221531481581712,3.11E-32,0.221589163120086,1.85E-32,0.221646117015893,1.23E-32,0.221521881987996,1.31E-32,0.221592497951132,2.20E-32
,,,,,,,,,,,,0.226293447540376,4.29E-32,0.226331529582216,2.99E-32,0.226389211120613,1.77E-32,0.226446165016454,1.19E-32,0.226321929988387,1.28E-32,0.22639254595158,2.17E-32
,,,,,,,,,,,,0.231093495540778,4.12E-32,0.231131577582721,2.87E-32,0.231189259121003,1.70E-32,0.231246213016936,1.15E-32,0.231121977988857,1.25E-32,0.231192593952175,2.15E-32
,,,,,,,,,,,,0.23589354354134,3.96E-32,0.235931625583123,2.76E-32,0.235989307121553,1.64E-32,0.236046261017327,1.11E-32,0.23592202598943,1.22E-32,0.235992641952566,2.13E-32
,,,,,,,,,,,,0.24069359154181,3.81E-32,0.240731673583684,2.65E-32,0.240789355122046,1.58E-32,0.240846309017922,1.07E-32,0.24072207398982,1.20E-32,0.240792689953013,2.10E-32
,,,,,,,,,,,,0.245493639542189,3.67E-32,0.245531721584154,2.55E-32,0.245589403122426,1.52E-32,0.245646357018347,1.03E-32,0.245522121990302,1.17E-32,0.245592737953609,2.08E-32
,,,,,,,,,,,,0.25029368754283,3.53E-32,0.250331769584533,2.46E-32,0.250389451123021,1.46E-32,0.250446405018783,1.00E-32,0.250322169990863,1.15E-32,0.250392785953999,2.06E-32
,,,,,,,,,,,,0.255093735543243,3.41E-32,0.255131817585174,2.37E-32,0.25518949912348,1.41E-32,0.255246453019378,9.68E-33,0.255122217991254,1.13E-32,0.255192833954458,2.05E-32
,,,,,,,,,,,,0.259893783543623,3.29E-32,0.259931865585588,2.29E-32,0.259989547123859,1.36E-32,0.260046501019758,9.38E-33,0.259922265991758,1.11E-32,0.259992881955042,2.03E-32
,,,,,,,,,,,,0.264693831544263,3.17E-32,0.264731913585967,2.21E-32,0.264789595124455,1.31E-32,0.264846549020239,9.10E-33,0.264722313992297,1.09E-32,0.264792929955433,2.01E-32
,,,,,,,,,,,,0.269493879544677,3.06E-32,0.269531961586608,2.13E-32,0.269589643124913,1.27E-32,0.269646597020812,8.83E-33,0.269522361992687,1.07E-32,0.269592977955926,2.00E-32
,,,,,,,,,,,,0.27429392754509,2.96E-32,0.274332009587021,2.06E-32,0.274389691125293,1.23E-32,0.274446645021191,8.58E-33,0.274322409993214,1.05E-32,0.274393025956465,1.98E-32
,,,,,,,,,,,,0.279093975545686,2.86E-32,0.279132057587435,1.99E-32,0.279189739125911,1.19E-32,0.279246693021696,8.33E-33,0.279122457993707,1.04E-32,0.279193073956867,1.97E-32
,,,,,,,,,,,,0.28389402354611,2.77E-32,0.28393210558803,1.93E-32,0.283989787126336,1.15E-32,0.284046741022245,8.11E-33,0.283922505994121,1.02E-32,0.283993121957382,1.96E-32
,,,,,,,,,,,,0.288694071546569,2.68E-32,0.288732153588455,1.87E-32,0.288789835126772,1.12E-32,0.288846789022625,7.89E-33,0.288722553994693,1.01E-32,0.288793169957875,1.94E-32
,,,,,,,,,,,,0.293494119547108,2.59E-32,0.293532201588914,1.81E-32,0.293589883127344,1.08E-32,0.293646837023152,7.68E-33,0.293522601995118,9.93E-33,0.2935932179583,1.93E-32
,,,,,,,,,,,,0.298294167547533,2.51E-32,0.298332249589452,1.75E-32,0.298389931127746,1.05E-32,0.298446885023679,7.48E-33,0.298322649995554,9.80E-33,0.298393265958861,1.92E-32
,,,,,,,,,,,,0.303094215548026,2.44E-32,0.303132297589877,1.70E-32,0.303189979128228,1.02E-32,0.30324693302407,7.30E-33,0.303122697996173,9.67E-33,0.303193313959297,1.91E-32
,,,,,,,,,,,,0.307894263548541,2.36E-32,0.30793234559037,1.65E-32,0.307990027128778,9.89E-33,0.308046981024608,7.12E-33,0.307922745996552,9.55E-33,0.307993361959722,1.90E-32
,,,,,,,,,,,,0.312694311548943,2.29E-32,0.312732393590886,1.60E-32,0.312790075129157,9.61E-33,0.312847029025101,6.95E-33,0.312722793997011,9.43E-33,0.31279340996034,1.89E-32
,,,,,,,,,,,,0.317494359549493,2.23E-32,0.317532441591288,1.55E-32,0.317590123129707,9.34E-33,0.317647077025503,6.78E-33,0.317522841997606,9.32E-33,0.317593457960731,1.88E-32
,,,,,,,,,,,,0.322294407549975,2.16E-32,0.322332489591838,1.51E-32,0.322390171130211,9.08E-33,0.322447125026064,6.63E-33,0.322322889997985,9.22E-33,0.322393505961167,1.87E-32
,,,,,,,,,,,,0.327094455550366,2.10E-32,0.327132537592319,1.47E-32,0.327190219130591,8.84E-33,0.327247173026512,6.48E-33,0.327122937998444,9.11E-33,0.327193553961785,1.86E-32
,,,,,,,,,,,,0.331894503550961,2.04E-32,0.33193258559271,1.43E-32,0.331990267131163,8.60E-33,0.332047221026937,6.33E-33,0.33192298599904,9.02E-33,0.331993601962165,1.85E-32
,,,,,,,,,,,,0.336694551551408,1.99E-32,0.336732633593305,1.39E-32,0.336790315131645,8.38E-33,0.336847269027543,6.20E-33,0.336723033999419,8.93E-33,0.336793649962601,1.85E-32
,,,,,,,,,,,,0.341494599551799,1.93E-32,0.341532681593753,1.35E-32,0.341590363132036,8.16E-33,0.341647317027934,6.07E-33,0.341523081999912,8.84E-33,0.341593697963219,1.84E-32
,,,,,,,,,,,,0.346294647552395,1.88E-32,0.346332729594143,1.31E-32,0.346390411132608,7.95E-33,0.346447365028393,5.94E-33,0.346323130000462,8.75E-33,0.346393745963598,1.83E-32
,,,,,,,,,,,,0.351094695552842,1.83E-32,0.351132777594739,1.28E-32,0.351190459133079,7.75E-33,0.351247413028977,5.82E-33,0.351123178000852,8.67E-33,0.35119379396408,1.83E-32
,,,,,,,,,,,,0.355894743553233,1.78E-32,0.355932825595186,1.25E-32,0.355990507133469,7.56E-33,0.356047461029368,5.71E-33,0.35592322600138,8.59E-33,0.35599384196463,1.82E-32
,,,,,,,,,,,,0.360694791553851,1.74E-32,0.360732873595577,1.21E-32,0.360790555134053,7.38E-33,0.360847509029827,5.59E-33,0.360723274001873,8.52E-33,0.360793889965032,1.81E-32
,,,,,,,,,,,,0.365494839554276,1.69E-32,0.365532921596195,1.18E-32,0.365590603134501,7.20E-33,0.365647557030411,5.49E-33,0.365523322002286,8.44E-33,0.365593937965547,1.81E-32
,,,,,,,,,,,,0.370294887554712,1.65E-32,0.37033296959662,1.15E-32,0.370390651134926,7.04E-33,0.370447605030801,5.38E-33,0.370323370002836,8.37E-33,0.37039398596604,1.80E-32
,,,,,,,,,,,,0.375094935555284,1.61E-32,0.375133017597056,1.13E-32,0.375190699135509,6.87E-33,0.375247653031294,5.29E-33,0.375123418003283,8.31E-33,0.375194033966465,1.79E-32
,,,,,,,,,,,,0.379894983555698,1.57E-32,0.379933065597629,1.10E-32,0.379990747135911,6.72E-33,0.380047701031844,5.19E-33,0.379923466003731,8.24E-33,0.379994081967004,1.79E-32
,,,,,,,,,,,,0.384695031556179,1.53E-32,0.384733113598042,1.07E-32,0.384790795136393,6.56E-33,0.384847749032235,5.10E-33,0.384723514004315,8.18E-33,0.384794129967463,1.78E-32
,,,,,,,,,,,,0.389495079556718,1.49E-32,0.389533161598524,1.05E-32,0.389590843136943,6.42E-33,0.389647797032762,5.01E-33,0.389523562004717,8.12E-33,0.389594177967899,1.78E-32
,,,,,,,,,,,,0.394295127557109,1.46E-32,0.394333209599062,1.02E-32,0.394390891137334,6.28E-33,0.394447845033255,4.93E-33,0.394323610005153,8.06E-33,0.394394225968483,1.77E-32
,,,,,,,,,,,,0.399095175557636,1.43E-32,0.399133257599453,9.99E-33,0.399190939137838,6.14E-33,0.399247893033668,4.84E-33,0.399123658005771,8.01E-33,0.399194273968896,1.77E-32
,,,,,,,,,,,,0.403895223558151,1.39E-32,0.40393330559998,9.77E-33,0.403990987138377,6.01E-33,0.404047941034218,4.77E-33,0.40392370600615,7.95E-33,0.40399432196931,1.76E-32
,,,,,,,,,,,,0.408695271558531,1.36E-32,0.408733353600496,9.55E-33,0.408791035138767,5.89E-33,0.408847989034677,4.69E-33,0.408723754006587,7.90E-33,0.40879436996995,1.76E-32
,,,,,,,,,,,,0.413495319559103,1.33E-32,0.413533401600875,9.33E-33,0.413591083139306,5.77E-33,0.413648037035102,4.62E-33,0.413523802007205,7.85E-33,0.41359441797033,1.76E-32
,,,,,,,,,,,,0.418295367559585,1.30E-32,0.418333449601448,9.13E-33,0.41839113113981,5.65E-33,0.418448085035697,4.55E-33,0.418323850007595,7.80E-33,0.418394465970743,1.75E-32
,,,,,,,,,,,,0.423095415559964,1.27E-32,0.423133497601929,8.93E-33,0.423191179140201,5.54E-33,0.423248133036099,4.48E-33,0.423123898008054,7.76E-33,0.423194513971384,1.75E-32
,,,,,,,,,,,,0.427895463560548,1.24E-32,0.427933545602309,8.74E-33,0.427991227140751,5.43E-33,0.428048181036535,4.41E-33,0.427923946008627,7.71E-33,0.427994561971775,1.74E-32
,,,,,,,,,,,,0.432695511561019,1.22E-32,0.432733593602893,8.56E-33,0.432791275141244,5.32E-33,0.432848229037153,4.35E-33,0.432723994009029,7.67E-33,0.432794609972222,1.74E-32
,,,,,,,,,,,,0.437495559561398,1.19E-32,0.437533641603363,8.38E-33,0.437591323141634,5.22E-33,0.437648277037533,4.28E-33,0.437524042009522,7.63E-33,0.437594657972795,1.74E-32
,,,,,,,,,,,,0.442295607561993,1.17E-32,0.442333689603742,8.21E-33,0.442391371142207,5.12E-33,0.442448325037969,4.22E-33,0.442324090010038,7.59E-33,0.442394705973208,1.73E-32
,,,,,,,,,,,,0.447095655562441,1.14E-32,0.447133737604337,8.04E-33,0.447191419142666,5.02E-33,0.447248373038587,4.17E-33,0.447124138010462,7.55E-33,0.44719475397369,1.73E-32
,,,,,,,,,,,,0.451895703562865,1.12E-32,0.451933785604785,7.88E-33,0.451991467143068,4.93E-33,0.452048421038966,4.11E-33,0.451924186010978,7.51E-33,0.451994801974206,1.73E-32
,,,,,,,,,,,,0.456695751563449,1.10E-32,0.45673383360521,7.72E-33,0.456791515143686,4.84E-33,0.456848469039437,4.06E-33,0.45672423401146,7.47E-33,0.456794849974642,1.72E-32
,,,,,,,,,,,,0.461495799563851,1.07E-32,0.461533881605794,7.57E-33,0.461591563144077,4.75E-33,0.461648517040009,4.00E-33,0.461524282011885,7.44E-33,0.461594897975146,1.72E-32
,,,,,,,,,,,,0.466295847564333,1.05E-32,0.466333929606196,7.42E-33,0.466391611144536,4.67E-33,0.4664485650404,3.95E-33,0.466324330012457,7.40E-33,0.466394945975639,1.72E-32
,,,,,,,,,,,,0.471095895564883,1.03E-32,0.471133977606677,7.28E-33,0.471191659145119,4.59E-33,0.471248613040904,3.90E-33,0.471124378012893,7.37E-33,0.471194993976052,1.72E-32
,,,,,,,,,,,,0.475895943565262,1.01E-32,0.475934025607227,7.14E-33,0.475991707145499,4.51E-33,0.47604866104142,3.85E-33,0.475924426013295,7.34E-33,0.475995041976625,1.71E-32
,,,,,,,,,,,,0.480695991565789,9.92E-33,0.480734073607607,7.00E-33,0.48079175514598,4.43E-33,0.480848709041845,3.81E-33,0.480724474013925,7.30E-33,0.480795089977073,1.71E-32
,,,,,,,,,,,,0.485496039566317,9.73E-33,0.485534121608134,6.87E-33,0.485591803146553,4.36E-33,0.485648757042361,3.76E-33,0.485524522014327,7.27E-33,0.485595137977463,1.71E-32
,,,,,,,,,,,,0.490296087566707,9.54E-33,0.490334169608661,6.75E-33,0.490391851146932,4.28E-33,0.490448805042831,3.72E-33,0.490324570014729,7.24E-33,0.490395185978093,1.70E-32
,,,,,,,,,,,,0.495096135567246,9.37E-33,0.495134217609052,6.62E-33,0.495191899147437,4.21E-33,0.495248853043278,3.67E-33,0.49512461801537,7.21E-33,0.495195233978506,1.70E-32
,,,,,,,,,,,,0.49989618356775,9.19E-33,0.49993426560959,6.50E-33,0.499991947147987,4.14E-33,0.50004890104384,3.63E-33,0.49992466601576,7.19E-33,0.499995281978897,1.70E-32
,,,,,,,,,,,,0.504696231568141,9.02E-33,0.504734313610094,6.39E-33,0.504791995148366,4.08E-33,0.504848949044276,3.59E-33,0.504724714016208,7.16E-33,0.504795329979538,1.70E-32
,,,,,,,,,,,,0.509496279568691,8.86E-33,0.509534361610485,6.27E-33,0.509592043148893,4.01E-33,0.509648997044689,3.55E-33,0.509524762016792,7.13E-33,0.50959537797994,1.70E-32
,,,,,,,,,,,,0.514296327569184,8.70E-33,0.514334409611035,6.16E-33,0.514392091149409,3.95E-33,0.514449045045307,3.52E-33,0.514324810017194,7.11E-33,0.514395425980376,1.69E-32
,,,,,,,,,,,,0.519096375569574,8.54E-33,0.519134457611528,6.06E-33,0.519192139149811,3.89E-33,0.519249093045709,3.48E-33,0.519124858017676,7.08E-33,0.51919547398096,1.69E-32
,,,,,,,,,,,,0.523896423570136,8.39E-33,0.523934505611919,5.95E-33,0.523992187150349,3.83E-33,0.524049141046111,3.44E-33,0.523924906018203,7.06E-33,0.523995521981373,1.69E-32
,,,,,,,,,,,,0.528696471570606,8.25E-33,0.52873455361248,5.85E-33,0.52879223515082,3.77E-33,0.528849189046752,3.41E-33,0.528724954018628,7.03E-33,0.528795569981844,1.69E-32
,,,,,,,,,,,,0.533496519571008,8.10E-33,0.53353460161295,5.75E-33,0.533592283151244,3.71E-33,0.533649237047143,3.37E-33,0.533525002019132,7.01E-33,0.533595617982371,1.69E-32
,,,,,,,,,,,,0.538296567571615,7.96E-33,0.538334649613352,5.66E-33,0.538392331151828,3.66E-33,0.538449285047579,3.34E-33,0.538325050019625,6.99E-33,0.538395665982807,1.68E-32
,,,,,,,,,,,,0.543096615572017,7.83E-33,0.543134697613959,5.56E-33,0.543192379152242,3.61E-33,0.543249333048174,3.31E-33,0.54312509802005,6.97E-33,0.5431957139833,1.68E-32
,,,,,,,,,,,,0.547896663572476,7.69E-33,0.547934745614361,5.47E-33,0.547992427152689,3.55E-33,0.548049381048576,3.28E-33,0.547925146020611,6.94E-33,0.547995761983804,1.68E-32
,,,,,,,,,,,,0.552696711573048,7.57E-33,0.55273479361482,5.38E-33,0.552792475153285,3.50E-33,0.552849429049047,3.25E-33,0.552725194021059,6.92E-33,0.552795809984218,1.68E-32
,,,,,,,,,,,,0.557496759573439,7.44E-33,0.557534841615392,5.30E-33,0.557592523153675,3.45E-33,0.557649477049585,3.22E-33,0.557525242021461,6.90E-33,0.557595857984779,1.68E-32
,,,,,,,,,,,,0.562296807573932,7.32E-33,0.562334889615783,5.21E-33,0.562392571154123,3.41E-33,0.56244952505001,3.19E-33,0.562325290022079,6.88E-33,0.562395905985238,1.67E-32
,,,,,,,,,,,,0.567096855574482,7.20E-33,0.567134937616276,5.13E-33,0.567192619154718,3.36E-33,0.567249573050503,3.16E-33,0.567125338022492,6.86E-33,0.567195953985628,1.67E-32
,,,,,,,,,,,,0.571896903574872,7.08E-33,0.571934985616826,5.05E-33,0.571992667155109,3.31E-33,0.572049621051007,3.13E-33,0.571925386022883,6.85E-33,0.571996001986246,1.67E-32
,,,,,,,,,,,,0.576696951575388,6.97E-33,0.576735033617217,4.97E-33,0.576792715155579,3.27E-33,0.576849669051432,3.10E-33,0.576725434023524,6.83E-33,0.576796049986671,1.67E-32
,,,,,,,,,,,,0.581496999575927,6.86E-33,0.581535081617732,4.89E-33,0.581592763156152,3.22E-33,0.581649717051982,3.08E-33,0.581525482023926,6.81E-33,0.581596097987062,1.67E-32
,,,,,,,,,,,,0.586297047576306,6.75E-33,0.586335129618271,4.82E-33,0.586392811156542,3.18E-33,0.586449765052441,3.05E-33,0.58632553002435,6.79E-33,0.58639614598768,1.67E-32
,,,,,,,,,,,,0.591097095576833,6.65E-33,0.59113517761865,4.75E-33,0.591192859157035,3.14E-33,0.591249813052854,3.03E-33,0.591125578024946,6.78E-33,0.591196193988105,1.67E-32
,,,,,,,,,,,,0.59589714357736,6.54E-33,0.595935225619177,4.68E-33,0.595992907157574,3.10E-33,0.59604986105345,3.00E-33,0.595925626025371,6.76E-33,0.595996241988518,1.66E-32
,,,,,,,,,,,,0.600697191577739,6.44E-33,0.600735273619704,4.61E-33,0.600792955157976,3.06E-33,0.600849909053874,2.98E-33,0.600725674025818,6.74E-33,0.600796289989114,1.66E-32
,,,,,,,,,,,,0.605497239578289,6.34E-33,0.605535321620084,4.54E-33,0.605593003158492,3.02E-33,0.605649957054265,2.96E-33,0.605525722026357,6.73E-33,0.60559633798955,1.66E-32
,,,,,,,,,,,,0.610297287578771,6.25E-33,0.610335369620634,4.47E-33,0.610393051158985,2.99E-33,0.610450005054929,2.93E-33,0.610325770026804,6.71E-33,0.610396385989986,1.66E-32
,,,,,,,,,,,,0.615097335579173,6.15E-33,0.615135417621115,4.41E-33,0.615193099159409,2.95E-33,0.615250053055308,2.91E-33,0.615125818027286,6.70E-33,0.615196433990536,1.66E-32
,,,,,,,,,,,,0.619897383579768,6.06E-33,0.619935465621517,4.35E-33,0.619993147159971,2.91E-33,0.620050101055733,2.89E-33,0.619925866027802,6.68E-33,0.619996481990972,1.66E-32
,,,,,,,,,,,,0.624697431580182,5.97E-33,0.624735513622113,4.29E-33,0.624793195160407,2.88E-33,0.624850149056339,2.87E-33,0.624725914028215,6.67E-33,0.624796529991454,1.66E-32
,,,,,,,,,,,,0.629497479580618,5.89E-33,0.629535561622526,4.22E-33,0.629593243160843,2.84E-33,0.629650197056742,2.85E-33,0.629525962028753,6.65E-33,0.629596577991981,1.66E-32
,,,,,,,,,,,,0.634297527581225,5.80E-33,0.634335609622962,4.17E-33,0.634393291161438,2.81E-33,0.6344502450572,2.83E-33,0.634326010029235,6.64E-33,0.634396625992383,1.65E-32
,,,,,,,,,,,,0.639097575581604,5.72E-33,0.639135657623569,4.11E-33,0.63919333916184,2.78E-33,0.63925029305775,2.81E-33,0.639126058029626,6.63E-33,0.639196673992921,1.65E-32
,,,,,,,,,,,,0.643897623582063,5.64E-33,0.643935705623948,4.05E-33,0.643993387162277,2.74E-33,0.644050341058175,2.79E-33,0.643926106030221,6.61E-33,0.643996721993414,1.65E-32
,,,,,,,,,,,,0.648697671582658,5.56E-33,0.648735753624407,4.00E-33,0.648793435162895,2.71E-33,0.648850389058679,2.77E-33,0.648726154030669,6.60E-33,0.648796769993794,1.65E-32
,,,,,,,,,,,,0.653497719583037,5.48E-33,0.653535801625002,3.94E-33,0.653593483163274,2.68E-33,0.653650437059172,2.75E-33,0.653526202031048,6.59E-33,0.653596817994389,1.65E-32
,,,,,,,,,,,,0.658297767583519,5.40E-33,0.658335849625382,3.89E-33,0.658393531163721,2.65E-33,0.658450485059597,2.73E-33,0.658326250031689,6.58E-33,0.658396865994848,1.65E-32
,,,,,,,,,,,,0.663097815584092,5.33E-33,0.663135897625863,3.84E-33,0.663193579164328,2.62E-33,0.663250533060136,2.71E-33,0.663126298032102,6.56E-33,0.663196913995227,1.65E-32
,,,,,,,,,,,,0.667897863584482,5.25E-33,0.667935945626436,3.79E-33,0.667993627164708,2.59E-33,0.668050581060606,2.70E-33,0.667926346032493,6.55E-33,0.667996961995845,1.65E-32
,,,,,,,,,,,,0.672697911584975,5.18E-33,0.672735993626827,3.74E-33,0.672793675165189,2.57E-33,0.672850629061008,2.68E-33,0.672726394033111,6.54E-33,0.672797009996281,1.65E-32
,,,,,,,,,,,,0.677497959585514,5.11E-33,0.67753604162732,3.69E-33,0.677593723165739,2.54E-33,0.677650677061603,2.66E-33,0.677526442033536,6.53E-33,0.677597057996661,1.64E-32
,,,,,,,,,,,,0.682298007585916,5.04E-33,0.682336089627858,3.64E-33,0.682393771166141,2.51E-33,0.68245072506204,2.65E-33,0.682326490033961,6.52E-33,0.682397105997279,1.64E-32
,,,,,,,,,,,,0.687098055586443,4.98E-33,0.68713613762826,3.60E-33,0.687193819166668,2.49E-33,0.68725077306243,2.63E-33,0.687126538034533,6.51E-33,0.687197153997715,1.64E-32
,,,,,,,,,,,,0.691898103586936,4.91E-33,0.691936185628787,3.55E-33,0.69199386716715,2.46E-33,0.692050821063071,2.62E-33,0.691926586034958,6.50E-33,0.691997201998128,1.64E-32
,,,,,,,,,,,,0.696698151587349,4.85E-33,0.69673623362928,3.51E-33,0.696793915167575,2.44E-33,0.696850869063484,2.60E-33,0.696726634035439,6.49E-33,0.696797249998712,1.64E-32
,,,,,,,,,,,,0.701498199587911,4.78E-33,0.701536281629694,3.47E-33,0.701593963168125,2.41E-33,0.701650917063875,2.58E-33,0.701526682035967,6.48E-33,0.701597297999126,1.64E-32
,,,,,,,,,,,,0.706298247588347,4.72E-33,0.706336329630255,3.42E-33,0.706394011168572,2.39E-33,0.706450965064493,2.57E-33,0.70632673003638,6.47E-33,0.706397345999607,1.64E-32
,,,,,,,,,,,,0.711098295588783,4.66E-33,0.711136377630691,3.38E-33,0.711194059168997,2.36E-33,0.711251013064918,2.56E-33,0.711126778036896,6.46E-33,0.711197394000146,1.64E-32
,,,,,,,,,,,,0.715898343589378,4.60E-33,0.715936425631127,3.34E-33,0.715994107169592,2.34E-33,0.716051061065343,2.54E-33,0.7159268260374,6.45E-33,0.715997442000548,1.64E-32
,,,,,,,,,,,,0.72069839158978,4.54E-33,0.720736473631723,3.30E-33,0.720794155170006,2.32E-33,0.720851109065915,2.53E-33,0.720726874037791,6.44E-33,0.720797490001064,1.64E-32
,,,,,,,,,,,,0.725498439590228,4.49E-33,0.725536521632125,3.26E-33,0.725594203170419,2.29E-33,0.725651157066352,2.51E-33,0.725526922038375,6.43E-33,0.725597538001579,1.64E-32
,,,,,,,,,,,,0.730298487590823,4.43E-33,0.730336569632572,3.22E-33,0.73039425117106,2.27E-33,0.730451205066822,2.50E-33,0.730326970038834,6.42E-33,0.73039758600197,1.64E-32
,,,,,,,,,,,,0.735098535591214,4.38E-33,0.735136617633168,3.18E-33,0.73519429917145,2.25E-33,0.735251253067349,2.49E-33,0.735127018039224,6.41E-33,0.735197634002531,1.63E-32
,,,,,,,,,,,,0.739898583591661,4.32E-33,0.739936665633558,3.15E-33,0.739994347171864,2.23E-33,0.740051301067762,2.48E-33,0.739927066039831,6.40E-33,0.739997682003013,1.63E-32
,,,,,,,,,,,,0.744698631592257,4.27E-33,0.744736713634006,3.11E-33,0.744794395172482,2.21E-33,0.744851349068278,2.46E-33,0.744727114040267,6.39E-33,0.744797730003404,1.63E-32
,,,,,,,,,,,,0.749498679592647,4.22E-33,0.749536761634601,3.08E-33,0.749594443172884,2.19E-33,0.749651397068782,2.45E-33,0.749527162040658,6.38E-33,0.749597778003988,1.63E-32
,,,,,,,,,,,,0.754298727593118,4.17E-33,0.754336809634992,3.04E-33,0.754394491173332,2.17E-33,0.754451445069173,2.44E-33,0.754327210041265,6.38E-33,0.754397826004446,1.63E-32
,,,,,,,,,,,,0.759098775593679,4.12E-33,0.759136857635462,3.01E-33,0.759194539173904,2.15E-33,0.759251493069746,2.43E-33,0.759127258041701,6.37E-33,0.759197874004837,1.63E-32
,,,,,,,,,,,,0.763898823594081,4.07E-33,0.763936905636023,2.97E-33,0.763994587174318,2.13E-33,0.764051541070216,2.42E-33,0.763927306042114,6.36E-33,0.763997922005421,1.63E-32
,,,,,,,,,,,,0.768698871594597,4.02E-33,0.768736953636425,2.94E-33,0.768794635174811,2.11E-33,0.768851589070595,2.40E-33,0.768727354042698,6.35E-33,0.76879797000588,1.63E-32
,,,,,,,,,,,,0.773498919595101,3.97E-33,0.773537001636941,2.91E-33,0.773594683175315,2.09E-33,0.773651637071213,2.39E-33,0.773527402043123,6.35E-33,0.773598018006282,1.63E-32
,,,,,,,,,,,,0.778298967595515,3.93E-33,0.778337049637446,2.88E-33,0.778394731175751,2.07E-33,0.77845168507165,2.38E-33,0.778327450043593,6.34E-33,0.778398066006877,1.63E-32
,,,,,,,,,,,,0.783099015596053,3.88E-33,0.783137097637859,2.84E-33,0.783194779176267,2.06E-33,0.783251733072029,2.37E-33,0.783127498044132,6.33E-33,0.783198114007291,1.63E-32
,,,,,,,,,,,,0.787899063596512,3.84E-33,0.787937145638397,2.81E-33,0.787994827176749,2.04E-33,0.788051781072658,2.36E-33,0.787927546044534,6.32E-33,0.787998162007761,1.63E-32
,,,,,,,,,,,,0.792699111596948,3.79E-33,0.792737193638856,2.78E-33,0.792794875177162,2.02E-33,0.792851829073083,2.35E-33,0.79272759404505,6.32E-33,0.792798210008311,1.63E-32
,,,,,,,,,,,,0.797499159597532,3.75E-33,0.797537241639293,2.75E-33,0.797594923177735,2.01E-33,0.797651877073485,2.34E-33,0.797527642045577,6.31E-33,0.797598258008702,1.63E-32
,,,,,,,,,,,,0.802299207597945,3.71E-33,0.802337289639876,2.73E-33,0.802394971178182,1.99E-33,0.80245192507408,2.33E-33,0.802327690045956,6.30E-33,0.802398306009217,1.63E-32
,,,,,,,,,,,,0.80709925559837,3.67E-33,0.80713733764029,2.70E-33,0.807195019178573,1.97E-33,0.807251973074517,2.32E-33,0.807127738046506,6.30E-33,0.807198354009756,1.62E-32
,,,,,,,,,,,,0.811899303599,3.63E-33,0.811937385640715,2.67E-33,0.811995067179214,1.96E-33,0.812052021074964,2.31E-33,0.81192778604701,6.29E-33,0.811998402010135,1.62E-32
,,,,,,,,,,,,0.816699351599379,3.59E-33,0.816737433641344,2.64E-33,0.816795115179616,1.94E-33,0.816852069075514,2.30E-33,0.816727834047389,6.28E-33,0.816798450010662,1.62E-32
,,,,,,,,,,,,0.821499399599804,3.55E-33,0.821537481641723,2.61E-33,0.821595163180006,1.93E-33,0.821652117075927,2.29E-33,0.821527882047962,6.28E-33,0.821598498011189,1.62E-32
,,,,,,,,,,,,0.826299447600433,3.51E-33,0.826337529642148,2.59E-33,0.826395211180658,1.91E-33,0.826452165076432,2.28E-33,0.826327930048444,6.27E-33,0.826398546011569,1.62E-32
,,,,,,,,,,,,0.831099495600813,3.47E-33,0.831137577642778,2.56E-33,0.831195259181049,1.90E-33,0.831252213076948,2.27E-33,0.831127978048823,6.27E-33,0.831198594012118,1.62E-32
,,,,,,,,,,,,0.835899543601271,3.43E-33,0.835937625643157,2.54E-33,0.835995307181474,1.88E-33,0.836052261077338,2.26E-33,0.835928026049407,6.26E-33,0.835998642012623,1.62E-32
,,,,,,,,,,,,0.840699591601844,3.40E-33,0.840737673643616,2.51E-33,0.840795355182069,1.87E-33,0.840852309077899,2.26E-33,0.840728074049877,6.25E-33,0.840798690013002,1.62E-32
,,,,,,,,,,,,0.845499639602246,3.36E-33,0.845537721644188,2.49E-33,0.845595403182483,1.85E-33,0.845652357078381,2.25E-33,0.845528122050257,6.25E-33,0.845598738013575,1.62E-32
,,,,,,,,,,,,0.850299687602751,3.33E-33,0.850337769644591,2.46E-33,0.850395451182953,1.84E-33,0.850452405078772,2.24E-33,0.850328170050875,6.24E-33,0.850398786014045,1.62E-32
,,,,,,,,,,,,0.855099735603255,3.29E-33,0.855137817645095,2.44E-33,0.85519549918348,1.82E-33,0.855252453079356,2.23E-33,0.855128218051288,6.24E-33,0.855198834014436,1.62E-32
,,,,,,,,,,,,0.85989978360368,3.26E-33,0.859937865645599,2.41E-33,0.859995547183916,1.81E-33,0.860052501079815,2.22E-33,0.859928266051736,6.23E-33,0.859998882015042,1.62E-32
,,,,,,,,,,,,0.864699831604207,3.22E-33,0.864737913646024,2.39E-33,0.864795595184421,1.80E-33,0.864852549080205,2.21E-33,0.864728314052308,6.23E-33,0.864798930015456,1.62E-32
,,,,,,,,,,,,0.869499879604688,3.19E-33,0.869537961646551,2.37E-33,0.869595643184914,1.79E-33,0.869652597080789,2.21E-33,0.869528362052699,6.22E-33,0.869598978015903,1.62E-32
,,,,,,,,,,,,0.874299927605102,3.16E-33,0.874338009647033,2.34E-33,0.874395691185327,1.77E-33,0.874452645081248,2.20E-33,0.874328410053192,6.21E-33,0.874399026016487,1.62E-32
,,,,,,,,,,,,0.879099975605674,3.12E-33,0.879138057647446,2.32E-33,0.879195739185888,1.76E-33,0.879252693081639,2.19E-33,0.879128458053742,6.21E-33,0.879199074016867,1.62E-32
,,,,,,,,,,,,0.883900023606122,3.09E-33,0.883938105648019,2.30E-33,0.883995787186347,1.75E-33,0.884052741082246,2.18E-33,0.883928506054121,6.20E-33,0.88399912201736,1.62E-32
,,,,,,,,,,,,0.888700071606513,3.06E-33,0.888738153648466,2.28E-33,0.888795835186738,1.74E-33,0.88885278908267,2.18E-33,0.888728554054648,6.20E-33,0.888799170017921,1.62E-32
,,,,,,,,,,,,0.893500119607153,3.03E-33,0.893538201648857,2.26E-33,0.893595883187367,1.72E-33,0.893652837083118,2.17E-33,0.893528602055175,6.19E-33,0.8935992180183,1.62E-32
,,,,,,,,,,,,0.898300167607555,3.00E-33,0.898338249649498,2.24E-33,0.898395931187781,1.71E-33,0.89845288508369,2.16E-33,0.898328650055555,6.19E-33,0.898399266018805,1.62E-32
,,,,,,,,,,,,0.903100215607946,2.97E-33,0.9031382976499,2.22E-33,0.903195979188171,1.70E-33,0.903252933084081,2.16E-33,0.903128698056116,6.19E-33,0.903199314019354,1.62E-32
,,,,,,,,,,,,0.907900263608598,2.94E-33,0.907938345650291,2.20E-33,0.907996027188801,1.69E-33,0.908052981084574,2.15E-33,0.907928746056609,6.18E-33,0.907999362019734,1.62E-32
,,,,,,,,,,,,0.912700311608989,2.91E-33,0.912738393650943,2.18E-33,0.912796075189214,1.68E-33,0.912853029085124,2.14E-33,0.912728794056988,6.18E-33,0.912799410020272,1.61E-32
,,,,,,,,,,,,0.917500359609414,2.89E-33,0.917538441651333,2.16E-33,0.917596123189628,1.67E-33,0.917653077085503,2.14E-33,0.917528842057549,6.17E-33,0.917599458020788,1.61E-32
,,,,,,,,,,,,0.922300407610009,2.86E-33,0.922338489651758,2.14E-33,0.922396171190223,1.66E-33,0.922453125086042,2.13E-33,0.922328890058042,6.17E-33,0.922399506021167,1.61E-32
,,,,,,,,,,,,0.927100455610423,2.83E-33,0.927138537652354,2.12E-33,0.927196219190648,1.64E-33,0.927253173086558,2.12E-33,0.927128938058433,6.16E-33,0.927199554021717,1.61E-32
,,,,,,,,,,,,0.931900503610893,2.80E-33,0.931938585652767,2.10E-33,0.931996267191107,1.63E-33,0.932053221086937,2.12E-33,0.931928986059017,6.16E-33,0.93199960202221,1.61E-32
,,,,,,,,,,,,0.93670055161142,2.78E-33,0.936738633653237,2.08E-33,0.936796315191657,1.62E-33,0.936853269087498,2.11E-33,0.936729034059453,6.15E-33,0.936799650022612,1.61E-32
,,,,,,,,,,,,0.941500599611856,2.75E-33,0.941538681653764,2.07E-33,0.94159636319207,1.61E-33,0.941653317087991,2.10E-33,0.941529082059889,6.15E-33,0.941599698023185,1.61E-32
,,,,,,,,,,,,0.946300647612349,2.73E-33,0.946338729654201,2.05E-33,0.946396411192563,1.60E-33,0.94645336508837,2.10E-33,0.946329130060473,6.15E-33,0.946399746023621,1.61E-32
,,,,,,,,,,,,0.951100695612854,2.70E-33,0.951138777654694,2.03E-33,0.95119645919309,1.59E-33,0.951253413088943,2.09E-33,0.951129178060864,6.14E-33,0.951199794024057,1.61E-32
,,,,,,,,,,,,0.955900743613267,2.68E-33,0.955938825655198,2.01E-33,0.955996507193492,1.58E-33,0.956053461089425,2.09E-33,0.955929226061357,6.14E-33,0.955999842024652,1.61E-32
,,,,,,,,,,,,0.960700791613817,2.65E-33,0.960738873655611,2.00E-33,0.960796555194031,1.57E-33,0.960853509089804,2.08E-33,0.960729274061907,6.13E-33,0.960799890025043,1.61E-32
,,,,,,,,,,,,0.965500839614287,2.63E-33,0.965538921656161,1.98E-33,0.965596603194524,1.57E-33,0.965653557090399,2.07E-33,0.965529322062298,6.13E-33,0.965599938025513,1.61E-32
,,,,,,,,,,,,0.970300887614678,2.60E-33,0.970338969656631,1.96E-33,0.970396651194903,1.56E-33,0.970453605090835,2.07E-33,0.970329370062791,6.13E-33,0.970399986026086,1.61E-32
,,,,,,,,,,,,0.975100935615307,2.58E-33,0.975139017657022,1.95E-33,0.97519669919551,1.55E-33,0.97525365309126,2.06E-33,0.97512941806334,6.12E-33,0.975200034026477,1.61E-32
,,,,,,,,,,,,0.979900983615721,2.56E-33,0.979939065657652,1.93E-33,0.979996747195957,1.54E-33,0.980053701091856,2.06E-33,0.979929466063731,6.12E-33,0.980000082026947,1.61E-32
,,,,,,,,,,,,0.9847010316161,2.53E-33,0.984739113658065,1.92E-33,0.984796795196336,1.53E-33,0.984853749092246,2.05E-33,0.984729514064247,6.11E-33,0.98480013002752,1.61E-32
,,,,,,,,,,,,0.989501079616752,2.51E-33,0.989539161658444,1.90E-33,0.989596843196955,1.52E-33,0.989653797092728,2.05E-33,0.989529562064774,6.11E-33,0.98960017802791,1.61E-32
,,,,,,,,,,,,0.994301127617154,2.49E-33,0.994339209659097,1.88E-33,0.994396891197391,1.51E-33,0.994453845093289,2.04E-33,0.994329610065165,6.11E-33,0.994400226028403,1.61E-32
,,,,,,,,,,,,0.999101175617568,2.47E-33,0.999139257659499,1.87E-33,0.99919693919777,1.50E-33,0.999253893093669,2.04E-33,0.999129658065703,6.10E-33,0.999200274028953,1.61E-32
,,,,,,,,,,,,1.00390122361817,2.45E-33,1.00393930565991,1.86E-33,1.00399698719838,1.49E-33,1.00405394109418,2.03E-33,1.00392970606619,6.10E-33,1.00400032202934,1.61E-32
,,,,,,,,,,,,1.00870127161858,2.42E-33,1.00873935366051,1.84E-33,1.00879703519882,1.49E-33,1.00885398909472,2.03E-33,1.00872975406659,6.10E-33,1.00880037002987,1.61E-32
,,,,,,,,,,,,1.01350131961904,2.40E-33,1.01353940166093,1.83E-33,1.01359708319924,1.48E-33,1.0136540370951,2.02E-33,1.01352980206717,6.09E-33,1.01360041803036,1.61E-32
,,,,,,,,,,,,1.01830136761958,2.38E-33,1.01833944966139,1.81E-33,1.01839713119982,1.47E-33,1.01845408509564,2.02E-33,1.0183298500676,6.09E-33,1.01840046603077,1.61E-32
,,,,,,,,,,,,1.02310141562002,2.36E-33,1.02313949766193,1.80E-33,1.02319717920023,1.46E-33,1.02325413309615,2.01E-33,1.02312989806803,6.09E-33,1.02320051403133,1.61E-32
,,,,,,,,,,,,1.02790146362051,2.34E-33,1.02793954566236,1.78E-33,1.02799722720071,1.45E-33,1.02805418109654,2.01E-33,1.02792994606865,6.08E-33,1.02800056203177,1.61E-32
,,,,,,,,,,,,1.03270151162101,2.32E-33,1.03273959366285,1.77E-33,1.03279727520125,1.45E-33,1.03285422909708,2.00E-33,1.03272999406902,6.08E-33,1.03280061003221,1.61E-32
,,,,,,,,,,,,1.03750155962143,2.30E-33,1.03753964166336,1.76E-33,1.03759732320164,1.44E-33,1.03765427709759,2.00E-33,1.03753004206949,6.08E-33,1.03760065803281,1.61E-32
,,,,,,,,,,,,1.04230160762197,2.28E-33,1.04233968966377,1.74E-33,1.04239737120218,1.43E-33,1.04245432509798,1.99E-33,1.04233009007008,6.07E-33,1.0424007060332,1.61E-32
,,,,,,,,,,,,1.04710165562245,2.26E-33,1.04713973766431,1.73E-33,1.04719741920268,1.42E-33,1.04725437309854,1.99E-33,1.04713013807046,6.07E-33,1.04720075403365,1.61E-32
,,,,,,,,,,,,1.05190170362284,2.25E-33,1.05193978566479,1.72E-33,1.05199746720306,1.42E-33,1.052054421099,1.98E-33,1.05193018607093,6.07E-33,1.05200080203426,1.61E-32
,,,,,,,,,,,,1.05670175162345,2.23E-33,1.05673983366518,1.71E-33,1.05679751520365,1.41E-33,1.05685446909941,1.98E-33,1.05673023407151,6.07E-33,1.05680085003464,1.61E-32
,,,,,,,,,,,,1.06150179962388,2.21E-33,1.06153988166579,1.69E-33,1.06159756320412,1.40E-33,1.06165451710002,1.98E-33,1.06153028207189,6.06E-33,1.06160089803508,1.61E-32
,,,,,,,,,,,,1.06630184762427,2.19E-33,1.06633992966623,1.68E-33,1.06639761120451,1.39E-33,1.06645456510041,1.97E-33,1.06633033007238,6.06E-33,1.06640094603569,1.60E-32
,,,,,,,,,,,,1.07110189562489,2.17E-33,1.07113997766662,1.67E-33,1.07119765920509,1.39E-33,1.07125461310088,1.97E-33,1.07113037807295,6.06E-33,1.07120099403607,1.60E-32
,,,,,,,,,,,,1.07590194362531,2.16E-33,1.07594002566723,1.66E-33,1.07599770720555,1.38E-33,1.07605466110145,1.96E-33,1.07593042607333,6.05E-33,1.07600104203655,1.60E-32
,,,,,,,,,,,,1.08070199162571,2.14E-33,1.08074007366766,1.64E-33,1.08079775520594,1.37E-33,1.08085470910184,1.96E-33,1.08073047407385,6.05E-33,1.08080109003711,1.60E-32
,,,,,,,,,,,,1.08550203962634,2.12E-33,1.08554012166805,1.63E-33,1.08559780320653,1.37E-33,1.08565475710231,1.95E-33,1.08553052207436,6.05E-33,1.0856011380375,1.60E-32
,,,,,,,,,,,,1.09030208762675,2.10E-33,1.09034016966868,1.62E-33,1.09039785120698,1.36E-33,1.09045480510288,1.95E-33,1.09033057007476,6.05E-33,1.09040118603802,1.60E-32
,,,,,,,,,,,,1.09510213562718,2.09E-33,1.09514021766909,1.61E-33,1.0951978992074,1.35E-33,1.09525485310327,1.95E-33,1.09513061807531,6.04E-33,1.09520123403852,1.60E-32
,,,,,,,,,,,,1.09990218362776,2.07E-33,1.09994026566953,1.60E-33,1.09999794720798,1.35E-33,1.10005490110377,1.94E-33,1.09993066607577,6.04E-33,1.10000128203894,1.60E-32
,,,,,,,,,,,,1.10470223162818,2.06E-33,1.1047403136701,1.59E-33,1.1047979952084,1.34E-33,1.10485494910432,1.94E-33,1.10473071407619,6.04E-33,1.10480133003948,1.60E-32
,,,,,,,,,,,,1.10950227962865,2.04E-33,1.10954036167053,1.58E-33,1.10959804320887,1.34E-33,1.10965499710471,1.94E-33,1.10953076207679,6.04E-33,1.10960137803994,1.60E-32
,,,,,,,,,,,,1.11430232762919,2.02E-33,1.114340409671,1.57E-33,1.11439809120942,1.33E-33,1.11445504510523,1.93E-33,1.11433081007719,6.03E-33,1.11440142604037,1.60E-32
,,,,,,,,,,,,1.11910237562959,2.01E-33,1.11914045767154,1.55E-33,1.11919813920981,1.32E-33,1.11925509310574,1.93E-33,1.11913085807764,6.03E-33,1.11920147404096,1.60E-32
,,,,,,,,,,,,1.12390242363011,1.99E-33,1.12394050567194,1.54E-33,1.12399818721032,1.32E-33,1.12405514110614,1.92E-33,1.12393090607824,6.03E-33,1.12400152204137,1.60E-32
,,,,,,,,,,,,1.12870247163062,1.98E-33,1.12874055367245,1.53E-33,1.12879823521085,1.31E-33,1.12885518910669,1.92E-33,1.12873095407862,6.03E-33,1.12880157004179,1.60E-32
,,,,,,,,,,,,1.133502519631,1.96E-33,1.13354060167297,1.52E-33,1.13359828321124,1.31E-33,1.13365523710716,1.92E-33,1.13353100207907,6.02E-33,1.13360161804242,1.60E-32
,,,,,,,,,,,,1.13830256763159,1.95E-33,1.13834064967335,1.51E-33,1.13839833121178,1.30E-33,1.13845528510757,1.91E-33,1.13833105007968,6.02E-33,1.1384016660428,1.60E-32
,,,,,,,,,,,,1.14310261563206,1.93E-33,1.14314069767393,1.50E-33,1.14319837921228,1.29E-33,1.14325533310817,1.91E-33,1.14313109808007,6.02E-33,1.14320171404323,1.60E-32
,,,,,,,,,,,,1.14790266363244,1.92E-33,1.1479407456744,1.49E-33,1.14799842721267,1.29E-33,1.14805538110857,1.91E-33,1.14793114608053,6.02E-33,1.14800176204386,1.60E-32
,,,,,,,,,,,,1.15270271163303,1.91E-33,1.15274079367478,1.48E-33,1.15279847521323,1.28E-33,1.15285542910902,1.90E-33,1.15273119408111,6.01E-33,1.15280181004425,1.60E-32
,,,,,,,,,,,,1.15750275963349,1.89E-33,1.15754084167538,1.47E-33,1.15759852321372,1.28E-33,1.15765547710963,1.90E-33,1.1575312420815,6.01E-33,1.15760185804469,1.60E-32
,,,,,,,,,,,,1.16230280763387,1.88E-33,1.16234088967584,1.46E-33,1.16239857121411,1.27E-33,1.16245552511001,1.90E-33,1.16233129008199,6.01E-33,1.16240190604528,1.60E-32
,,,,,,,,,,,,1.16710285563447,1.86E-33,1.16714093767621,1.45E-33,1.16719861921468,1.27E-33,1.16725557311045,1.89E-33,1.16713133808252,6.01E-33,1.16720195404568,1.60E-32
,,,,,,,,,,,,1.17190290363492,1.85E-33,1.17194098567681,1.45E-33,1.17199866721515,1.26E-33,1.17205562111106,1.89E-33,1.17193138608294,6.01E-33,1.17200200204616,1.60E-32
,,,,,,,,,,,,1.17670295163533,1.84E-33,1.17674103367727,1.44E-33,1.17679871521554,1.26E-33,1.17685566911144,1.89E-33,1.17673143408345,6.00E-33,1.17680205004669,1.60E-32
,,,,,,,,,,,,1.18150299963592,1.82E-33,1.18154108167767,1.43E-33,1.18159876321616,1.25E-33,1.18165571711191,1.88E-33,1.18153148208393,6.00E-33,1.18160209804711,1.60E-32
,,,,,,,,,,,,1.18630304763634,1.81E-33,1.18634112967827,1.42E-33,1.18639881121656,1.25E-33,1.18645576511249,1.88E-33,1.18633153008437,6.00E-33,1.18640214604762,1.60E-32
,,,,,,,,,,,,1.19110309563681,1.80E-33,1.19114117767868,1.41E-33,1.19119885921701,1.24E-33,1.19125581311287,1.88E-33,1.19113157808493,6.00E-33,1.19120219404811,1.60E-32
,,,,,,,,,,,,1.19590314363736,1.78E-33,1.19594122567915,1.40E-33,1.19599890721759,1.24E-33,1.19605586111338,1.88E-33,1.19593162608537,5.99E-33,1.19600224204854,1.60E-32
,,,,,,,,,,,,1.20070319163775,1.77E-33,1.2007412736797,1.39E-33,1.20079895521797,1.23E-33,1.2008559091139,1.87E-33,1.20073167408578,5.99E-33,1.2008022900491,1.60E-32
,,,,,,,,,,,,1.20550323963826,1.76E-33,1.20554132168009,1.38E-33,1.20559900321846,1.23E-33,1.20565595711432,1.87E-33,1.2055317220864,5.99E-33,1.20560233804955,1.60E-32
,,,,,,,,,,,,1.21030328763879,1.75E-33,1.21034136968061,1.37E-33,1.21039905121903,1.22E-33,1.21045600511483,1.87E-33,1.2103317700868,5.99E-33,1.21040238604995,1.60E-32
,,,,,,,,,,,,1.21510333563918,1.74E-33,1.21514141768113,1.37E-33,1.21519909921941,1.22E-33,1.21525605311531,1.86E-33,1.21513181808721,5.99E-33,1.21520243405057,1.60E-32
,,,,,,,,,,,,1.21990338363973,1.72E-33,1.21994146568152,1.36E-33,1.21999914721992,1.21E-33,1.22005610111575,1.86E-33,1.21993186608784,5.99E-33,1.22000248205098,1.60E-32
,,,,,,,,,,,,1.22470343164022,1.71E-33,1.22474151368207,1.35E-33,1.22479919522046,1.21E-33,1.22485614911631,1.86E-33,1.22473191408823,5.98E-33,1.22480253005137,1.60E-32
,,,,,,,,,,,,1.22950347964061,1.70E-33,1.22954156168257,1.34E-33,1.22959924322084,1.20E-33,1.22965619711675,1.85E-33,1.22953196208868,5.98E-33,1.22960257805202,1.60E-32
,,,,,,,,,,,,1.23430352764117,1.69E-33,1.23434160968296,1.33E-33,1.23439929122137,1.20E-33,1.23445624511717,1.85E-33,1.23433201008928,5.98E-33,1.23440262605241,1.60E-32
,,,,,,,,,,,,1.23910357564166,1.68E-33,1.23914165768352,1.33E-33,1.23919933922189,1.19E-33,1.23925629311778,1.85E-33,1.23913205808967,5.98E-33,1.23920267405285,1.60E-32
,,,,,,,,,,,,1.24390362364205,1.67E-33,1.243941705684,1.32E-33,1.24399938722228,1.19E-33,1.24405634111818,1.85E-33,1.24393210609015,5.98E-33,1.24400272205344,1.60E-32
,,,,,,,,,,,,1.24870367164261,1.65E-33,1.24874175368439,1.31E-33,1.24879943522282,1.18E-33,1.24885638911861,1.84E-33,1.24873215409069,5.97E-33,1.24880277005385,1.60E-32
,,,,,,,,,,,,1.25350371964309,1.64E-33,1.25354180168495,1.30E-33,1.2535994832233,1.18E-33,1.25365643711922,1.84E-33,1.2535322020911,5.97E-33,1.25360281805432,1.60E-32
,,,,,,,,,,,,1.25830376764348,1.63E-33,1.25834184968543,1.30E-33,1.25839953122372,1.18E-33,1.25845648511962,1.84E-33,1.25833225009162,5.97E-33,1.25840286605485,1.60E-32
,,,,,,,,,,,,1.26310381564409,1.62E-33,1.26314189768583,1.29E-33,1.2631995792243,1.17E-33,1.26325653312005,1.84E-33,1.2631322980921,5.97E-33,1.26320291405528,1.60E-32
,,,,,,,,,,,,1.2679038636445,1.61E-33,1.26794194568643,1.28E-33,1.26799962722473,1.17E-33,1.26805658112066,1.83E-33,1.26793234609253,5.97E-33,1.26800296205578,1.60E-32
,,,,,,,,,,,,1.27270391164495,1.60E-33,1.27274199368685,1.27E-33,1.27279967522516,1.16E-33,1.27285662912105,1.83E-33,1.27273239409308,5.97E-33,1.27280301005628,1.60E-32
,,,,,,,,,,,,1.27750395964552,1.59E-33,1.27754204168729,1.27E-33,1.27759972322576,1.16E-33,1.27765667712152,1.83E-33,1.27753244209353,5.96E-33,1.2776030580567,1.60E-32
,,,,,,,,,,,,1.28230400764592,1.58E-33,1.28234208968787,1.26E-33,1.28239977122615,1.16E-33,1.28245672512207,1.83E-33,1.28233249009394,5.96E-33,1.28240310605725,1.60E-32
,,,,,,,,,,,,1.2871040556464,1.57E-33,1.28714213768827,1.25E-33,1.28719981922662,1.15E-33,1.28725677312248,1.82E-33,1.28713253809455,5.96E-33,1.28720315405771,1.60E-32
,,,,,,,,,,,,1.29190410364695,1.56E-33,1.29194218568875,1.24E-33,1.29199986722719,1.15E-33,1.29205682112299,1.82E-33,1.29193258609496,5.96E-33,1.29200320205811,1.60E-32
,,,,,,,,,,,,1.29670415164735,1.55E-33,1.2967422336893,1.24E-33,1.29679991522758,1.14E-33,1.29685686912348,1.82E-33,1.29673263409536,5.96E-33,1.29680325005872,1.60E-32
,,,,,,,,,,,,1.30150419964787,1.54E-33,1.30154228168969,1.23E-33,1.30159996322806,1.14E-33,1.30165691712392,1.82E-33,1.30153268209602,5.96E-33,1.30160329805914,1.60E-32
,,,,,,,,,,,,1.3063042476484,1.53E-33,1.30634232969022,1.22E-33,1.30640001122862,1.14E-33,1.30645696512445,1.81E-33,1.3063327300964,5.95E-33,1.30640334605953,1.60E-32
,,,,,,,,,,,,1.31110429564878,1.52E-33,1.31114237769074,1.22E-33,1.31120005922902,1.13E-33,1.31125701312491,1.81E-33,1.31113277809682,5.95E-33,1.31120339406018,1.60E-32
,,,,,,,,,,,,1.31590434364932,1.51E-33,1.31594242569112,1.21E-33,1.31600010722951,1.13E-33,1.31605706112534,1.81E-33,1.31593282609743,5.95E-33,1.31600344206058,1.60E-32
,,,,,,,,,,,,1.32070439164983,1.50E-33,1.32074247369166,1.20E-33,1.32080015523006,1.12E-33,1.32085710912592,1.81E-33,1.32073287409784,5.95E-33,1.32080349006099,1.60E-32
,,,,,,,,,,,,1.32550443965021,1.49E-33,1.32554252169218,1.20E-33,1.32560020323045,1.12E-33,1.32565715712635,1.81E-33,1.32553292209829,5.95E-33,1.3256035380616,1.60E-32
,,,,,,,,,,,,1.33030448765077,1.48E-33,1.33034256969256,1.19E-33,1.33040025123098,1.12E-33,1.33045720512676,1.80E-33,1.33033297009884,5.95E-33,1.33040358606202,1.60E-32
,,,,,,,,,,,,1.33510453565126,1.47E-33,1.33514261769312,1.19E-33,1.33520029923147,1.11E-33,1.3352572531274,1.80E-33,1.33513301809928,5.95E-33,1.33520363406246,1.60E-32
,,,,,,,,,,,,1.33990458365165,1.46E-33,1.3399426656936,1.18E-33,1.34000034723188,1.11E-33,1.34005730112778,1.80E-33,1.33993306609977,5.94E-33,1.34000368206301,1.60E-32
,,,,,,,,,,,,1.34470463165224,1.45E-33,1.34474271369399,1.17E-33,1.34480039523244,1.11E-33,1.34485734912821,1.80E-33,1.34473311410027,5.94E-33,1.34480373006346,1.60E-32
,,,,,,,,,,,,1.34950467965267,1.45E-33,1.34954276169459,1.17E-33,1.34960044323289,1.10E-33,1.34965739712882,1.80E-33,1.3495331621007,5.94E-33,1.34960377806394,1.59E-32
,,,,,,,,,,,,1.35430472765309,1.44E-33,1.35434280969501,1.16E-33,1.35440049123332,1.10E-33,1.35445744512921,1.79E-33,1.35433321010123,5.94E-33,1.35440382606445,1.59E-32
,,,,,,,,,,,,1.3591047756537,1.43E-33,1.35914285769543,1.16E-33,1.35920053923391,1.10E-33,1.35925749312967,1.79E-33,1.35913325810171,5.94E-33,1.35920387406487,1.59E-32
,,,,,,,,,,,,1.36390482365408,1.42E-33,1.36394290569604,1.15E-33,1.36400058723431,1.09E-33,1.36405754113023,1.79E-33,1.36393330610211,5.94E-33,1.36400392206539,1.59E-32
,,,,,,,,,,,,1.36870487165456,1.41E-33,1.36874295369642,1.14E-33,1.36880063523477,1.09E-33,1.36885758913065,1.79E-33,1.36873335410269,5.94E-33,1.36880397006589,1.59E-32
,,,,,,,,,,,,1.37350491965513,1.40E-33,1.3735430016969,1.14E-33,1.37360068323537,1.09E-33,1.37365763713115,1.78E-33,1.37353340210314,5.93E-33,1.37360401806628,1.59E-32
,,,,,,,,,,,,1.37830496765551,1.39E-33,1.37834304969748,1.13E-33,1.37840073123575,1.08E-33,1.37845768513165,1.78E-33,1.37833345010352,5.93E-33,1.37840406606686,1.59E-32
,,,,,,,,,,,,1.383105015656,1.39E-33,1.38314309769785,1.13E-33,1.38320077923621,1.08E-33,1.38325773313208,1.78E-33,1.38313349810417,5.93E-33,1.38320411406732,1.59E-32
,,,,,,,,,,,,1.38790506365656,1.38E-33,1.38794314569835,1.12E-33,1.3880008272368,1.08E-33,1.38805778113261,1.78E-33,1.38793354610457,5.93E-33,1.3880041620677,1.59E-32
,,,,,,,,,,,,1.39270511165696,1.37E-33,1.39274319369891,1.12E-33,1.39280087523718,1.07E-33,1.39285782913308,1.78E-33,1.39273359410497,5.93E-33,1.39280421006833,1.59E-32
,,,,,,,,,,,,1.39750515965745,1.36E-33,1.3975432416993,1.11E-33,1.39760092323766,1.07E-33,1.39765787713349,1.78E-33,1.3975336421056,5.93E-33,1.39760425806875,1.59E-32
,,,,,,,,,,,,1.402305207658,1.35E-33,1.40234328969979,1.10E-33,1.40240097123822,1.07E-33,1.40245792513408,1.77E-33,1.40233369010601,5.93E-33,1.40240430606913,1.59E-32
,,,,,,,,,,,,1.40710525565839,1.35E-33,1.40714333770034,1.10E-33,1.40720101923861,1.06E-33,1.40725797313451,1.77E-33,1.40713373810643,5.92E-33,1.40720435406976,1.59E-32
,,,,,,,,,,,,1.41190530365893,1.34E-33,1.41194338570073,1.09E-33,1.41200106723914,1.06E-33,1.4120580211349,1.77E-33,1.41193378610701,5.92E-33,1.41200440207019,1.59E-32
,,,,,,,,,,,,1.41670535165942,1.33E-33,1.41674343370127,1.09E-33,1.41680111523963,1.06E-33,1.41685806913556,1.77E-33,1.41673383410744,5.92E-33,1.4168044500706,1.59E-32
,,,,,,,,,,,,1.42150539965982,1.32E-33,1.42154348170176,1.08E-33,1.42160116324005,1.06E-33,1.42165811713596,1.77E-33,1.42153388210791,5.92E-33,1.42160449807119,1.59E-32
,,,,,,,,,,,,1.42630544766038,1.32E-33,1.42634352970217,1.08E-33,1.4264012112406,1.05E-33,1.42645816513635,1.76E-33,1.42633393010844,5.92E-33,1.42640454607161,1.59E-32
,,,,,,,,,,,,1.43110549566083,1.31E-33,1.43114357770273,1.07E-33,1.43120125924104,1.05E-33,1.43125821313698,1.76E-33,1.43113397810886,5.92E-33,1.43120459407208,1.59E-32
,,,,,,,,,,,,1.43590554366126,1.30E-33,1.43594362570318,1.07E-33,1.43600130724148,1.05E-33,1.43605826113739,1.76E-33,1.43593402610937,5.92E-33,1.43600464207262,1.59E-32
,,,,,,,,,,,,1.44070559166185,1.29E-33,1.4407436737036,1.06E-33,1.44080135524206,1.04E-33,1.44085830913782,1.76E-33,1.44073407410987,5.92E-33,1.44080469007303,1.59E-32
,,,,,,,,,,,,1.44550563966225,1.29E-33,1.4455437217042,1.06E-33,1.44560140324248,1.04E-33,1.4456583571384,1.76E-33,1.44553412211028,5.92E-33,1.44560473807354,1.59E-32
,,,,,,,,,,,,1.45030568766271,1.28E-33,1.4503437697046,1.05E-33,1.4504014512429,1.04E-33,1.45045840513882,1.76E-33,1.45033417011085,5.91E-33,1.45040478607405,1.59E-32
,,,,,,,,,,,,1.4551057356633,1.27E-33,1.45514381770506,1.05E-33,1.45520149924353,1.04E-33,1.45525845313929,1.75E-33,1.45513421811131,5.91E-33,1.45520483407444,1.59E-32
,,,,,,,,,,,,1.45990578366369,1.27E-33,1.45994386570564,1.04E-33,1.46000154724392,1.03E-33,1.46005850113982,1.75E-33,1.4599342661117,5.91E-33,1.46000488207502,1.59E-32
,,,,,,,,,,,,1.46470583166415,1.26E-33,1.46474391370603,1.04E-33,1.46480159524434,1.03E-33,1.46485854914025,1.75E-33,1.46473431411232,5.91E-33,1.46480493007549,1.59E-32
,,,,,,,,,,,,1.46950587966473,1.25E-33,1.46954396170649,1.03E-33,1.46960164324497,1.03E-33,1.46965859714075,1.75E-33,1.46953436211274,5.91E-33,1.46960497807588,1.59E-32
,,,,,,,,,,,,1.47430592766512,1.25E-33,1.47434400970707,1.03E-33,1.47440169124536,1.02E-33,1.47445864514126,1.75E-33,1.47433441011313,5.91E-33,1.47440502607647,1.59E-32
,,,,,,,,,,,,1.47910597566559,1.24E-33,1.47914405770746,1.02E-33,1.4792017392458,1.02E-33,1.47925869314166,1.75E-33,1.47913445811375,5.91E-33,1.47920507407692,1.59E-32
,,,,,,,,,,,,1.48390602366616,1.23E-33,1.48394410570793,1.02E-33,1.48400178724639,1.02E-33,1.48405874114222,1.74E-33,1.48393450611417,5.91E-33,1.48400512207731,1.59E-32
,,,,,,,,,,,,1.48870607166655,1.23E-33,1.48874415370851,1.02E-33,1.48880183524679,1.02E-33,1.48885878914269,1.74E-33,1.48873455411459,5.91E-33,1.48880517007791,1.59E-32
,,,,,,,,,,,,1.49350611966707,1.22E-33,1.4935442017089,1.01E-33,1.49360188324728,1.01E-33,1.49365883714307,1.74E-33,1.49353460211517,5.90E-33,1.49360521807835,1.59E-32
,,,,,,,,,,,,1.49830616766759,1.21E-33,1.49834424970941,1.01E-33,1.4984019312478,1.01E-33,1.4984588851437,1.74E-33,1.49833465011561,5.90E-33,1.49840526607875,1.59E-32
,,,,,,,,,,,,1.50310621566799,1.21E-33,1.50314429770993,1.00E-33,1.50320197924822,1.01E-33,1.50325893314412,1.74E-33,1.50313469811607,5.90E-33,1.50320531407935,1.59E-32
,,,,,,,,,,,,1.50790626366853,1.20E-33,1.50794434571033,9.97E-34,1.50800202724874,1.01E-33,1.5080589811445,1.74E-33,1.5079347461166,5.90E-33,1.50800536207977,1.59E-32
,,,,,,,,,,,,1.512706311669,1.19E-33,1.51274439371087,9.93E-34,1.51280207524922,1.00E-33,1.51285902914514,1.74E-33,1.51273479411702,5.90E-33,1.51280541008023,1.59E-32
,,,,,,,,,,,,1.51750635966942,1.19E-33,1.51754444171134,9.89E-34,1.51760212324965,1.00E-33,1.51765907714556,1.73E-33,1.51753484211752,5.90E-33,1.51760545808078,1.59E-32
,,,,,,,,,,,,1.52230640767,1.18E-33,1.52234448971177,9.85E-34,1.52240217125021,1.00E-33,1.52245912514596,1.73E-33,1.52233489011805,5.90E-33,1.52240550608119,1.59E-32
,,,,,,,,,,,,1.52710645567042,1.17E-33,1.52714453771235,9.80E-34,1.52720221925065,9.97E-34,1.52725917314656,1.73E-33,1.52713493811843,5.90E-33,1.52720555408169,1.59E-32
,,,,,,,,,,,,1.53190650367085,1.17E-33,1.53194458571276,9.76E-34,1.53200226725106,9.95E-34,1.53205922114699,1.73E-33,1.53193498611899,5.90E-33,1.53200560208223,1.59E-32
,,,,,,,,,,,,1.53670655167147,1.16E-33,1.5367446337132,9.72E-34,1.53680231525169,9.93E-34,1.53685926914744,1.73E-33,1.53673503411948,5.90E-33,1.53680565008261,1.59E-32
,,,,,,,,,,,,1.54150659967185,1.16E-33,1.54154468171382,9.68E-34,1.54160236325209,9.90E-34,1.54165931714799,1.73E-33,1.54153508211986,5.89E-33,1.54160569808315,1.59E-32
,,,,,,,,,,,,1.54630664767229,1.15E-33,1.5463447297142,9.64E-34,1.54640241125248,9.88E-34,1.54645936514841,1.73E-33,1.54633513012045,5.89E-33,1.54640574608366,1.59E-32
,,,,,,,,,,,,1.55110669567291,1.14E-33,1.55114477771463,9.60E-34,1.55120245925314,9.86E-34,1.5512594131489,1.72E-33,1.55113517812092,5.89E-33,1.55120579408404,1.59E-32
,,,,,,,,,,,,1.55590674367329,1.14E-33,1.55594482571525,9.56E-34,1.55600250725352,9.83E-34,1.55605946114942,1.72E-33,1.5559352261213,5.89E-33,1.5560058420846,1.59E-32
,,,,,,,,,,,,1.56070679167374,1.13E-33,1.56074487371563,9.52E-34,1.56080255525395,9.81E-34,1.56085950914982,1.72E-33,1.56073527412189,5.89E-33,1.5608058900851,1.59E-32
,,,,,,,,,,,,1.56550683967433,1.13E-33,1.56554492171609,9.48E-34,1.56560260325455,9.79E-34,1.56565955715037,1.72E-33,1.56553532212235,5.89E-33,1.56560593808547,1.59E-32
,,,,,,,,,,,,1.57030688767472,1.12E-33,1.57034496971667,9.44E-34,1.57040265125496,9.77E-34,1.57045960515085,1.72E-33,1.57033537012273,5.89E-33,1.57040598608605,1.59E-32
,,,,,,,,,,,,1.57510693567522,1.12E-33,1.57514501771706,9.40E-34,1.57520269925543,9.75E-34,1.57525965315124,1.72E-33,1.57513541812335,5.89E-33,1.57520603408653,1.59E-32
,,,,,,,,,,,,1.57990698367574,1.11E-33,1.57994506571757,9.37E-34,1.58000274725596,9.72E-34,1.58005970115184,1.72E-33,1.57993546612377,5.89E-33,1.58000608208691,1.59E-32
,,,,,,,,,,,,1.58470703167615,1.11E-33,1.58474511371808,9.33E-34,1.58480279525639,9.70E-34,1.58485974915229,1.71E-33,1.58473551412421,5.89E-33,1.58480613008752,1.59E-32
,,,,,,,,,,,,1.58950707967668,1.10E-33,1.5895451617185,9.29E-34,1.58960284325689,9.68E-34,1.58965979715268,1.71E-33,1.58953556212478,5.89E-33,1.58960617808794,1.59E-32
,,,,,,,,,,,,1.59430712767716,1.09E-33,1.59434520971902,9.25E-34,1.59440289125739,9.66E-34,1.59445984515327,1.71E-33,1.59433561012518,5.88E-33,1.59440622608838,1.59E-32
,,,,,,,,,,,,1.59910717567759,1.09E-33,1.59914525771951,9.22E-34,1.59920293925781,9.64E-34,1.59925989315372,1.71E-33,1.59913565812566,5.88E-33,1.59920627408896,1.59E-32
,,,,,,,,,,,,1.60390722367815,1.08E-33,1.60394530571993,9.18E-34,1.60400298725836,9.62E-34,1.60405994115411,1.71E-33,1.60393570612621,5.88E-33,1.60400632208935,1.59E-32
,,,,,,,,,,,,1.60870727167859,1.08E-33,1.60874535372049,9.14E-34,1.60880303525882,9.60E-34,1.60885998915472,1.71E-33,1.60873575412659,5.88E-33,1.60880637008983,1.59E-32
,,,,,,,,,,,,1.613507319679,1.07E-33,1.61354540172094,9.11E-34,1.61360308325922,9.58E-34,1.61366003715515,1.71E-33,1.61353580212713,5.88E-33,1.61360641809039,1.59E-32
,,,,,,,,,,,,1.61830736767963,1.07E-33,1.61834544972134,9.07E-34,1.61840313125984,9.56E-34,1.61846008515559,1.71E-33,1.61833585012765,5.88E-33,1.61840646609077,1.59E-32
,,,,,,,,,,,,1.62310741568003,1.06E-33,1.62314549772197,9.04E-34,1.62320317926025,9.54E-34,1.62326013315616,1.70E-33,1.62313589812803,5.88E-33,1.62320651409129,1.59E-32
,,,,,,,,,,,,1.62790746368043,1.06E-33,1.62794554572237,9.00E-34,1.62800322726064,9.52E-34,1.62806018115657,1.70E-33,1.6279359461286,5.88E-33,1.62800656209183,1.59E-32
,,,,,,,,,,,,1.63270751168107,1.05E-33,1.63274559372277,8.97E-34,1.63280327526128,9.50E-34,1.63286022915706,1.70E-33,1.63273599412908,5.88E-33,1.63280661009221,1.59E-32
,,,,,,,,,,,,1.63750755968146,1.05E-33,1.63754564172342,8.94E-34,1.63760332326169,9.48E-34,1.6376602771576,1.70E-33,1.63753604212946,5.88E-33,1.63760665809276,1.59E-32
,,,,,,,,,,,,1.64230760768189,1.04E-33,1.64234568972381,8.90E-34,1.6424033712621,9.46E-34,1.64246032515799,1.70E-33,1.64233609013004,5.88E-33,1.64240670609326,1.59E-32
,,,,,,,,,,,,1.64710765568249,1.04E-33,1.64714573772423,8.87E-34,1.64720341926271,9.44E-34,1.64726037315851,1.70E-33,1.64713613813052,5.88E-33,1.64720675409364,1.59E-32
,,,,,,,,,,,,1.6519077036829,1.03E-33,1.65194578572484,8.83E-34,1.65200346726312,9.42E-34,1.65206042115903,1.70E-33,1.65193618613091,5.87E-33,1.6520068020942,1.59E-32
,,,,,,,,,,,,1.65670775168337,1.03E-33,1.65674583372524,8.80E-34,1.65680351526358,9.40E-34,1.65686046915941,1.70E-33,1.65673623413149,5.87E-33,1.65680685009469,1.59E-32
,,,,,,,,,,,,1.6615077996839,1.02E-33,1.66154588172571,8.77E-34,1.66160356326413,9.39E-34,1.66166051715998,1.70E-33,1.66153628213194,5.87E-33,1.66160689809509,1.59E-32
,,,,,,,,,,,,1.66630784768433,1.02E-33,1.66634592972625,8.74E-34,1.66640361126455,9.37E-34,1.66646056516046,1.69E-33,1.66633633013236,5.87E-33,1.66640694609566,1.59E-32
,,,,,,,,,,,,1.67110789568482,1.01E-33,1.67114597772667,8.70E-34,1.67120365926505,9.35E-34,1.67126061316084,1.69E-33,1.67113637813295,5.87E-33,1.67120699409611,1.59E-32
,,,,,,,,,,,,1.67590794368533,1.01E-33,1.67594602572717,8.67E-34,1.67600370726556,9.33E-34,1.67606066116143,1.69E-33,1.67593642613335,5.87E-33,1.67600704209653,1.59E-32
,,,,,,,,,,,,1.68070799168575,1.01E-33,1.68074607372767,8.64E-34,1.68080375526598,9.31E-34,1.6808607091619,1.69E-33,1.68073647413383,5.87E-33,1.68080709009713,1.59E-32
,,,,,,,,,,,,1.68550803968629,1.00E-33,1.6855461217281,8.61E-34,1.6856038032665,9.30E-34,1.68566075716228,1.69E-33,1.68553652213438,5.87E-33,1.68560713809752,1.59E-32
,,,,,,,,,,,,1.69030808768676,9.97E-34,1.69034616972863,8.58E-34,1.690403851267,9.28E-34,1.69046080516287,1.69E-33,1.69033657013477,5.87E-33,1.690407186098,1.59E-32
,,,,,,,,,,,,1.69510813568716,9.92E-34,1.6951462177291,8.55E-34,1.69520389926739,9.26E-34,1.69526085316332,1.69E-33,1.69513661813527,5.87E-33,1.69520723409856,1.59E-32
,,,,,,,,,,,,1.69990818368778,9.88E-34,1.69994626572951,8.52E-34,1.70000394726798,9.24E-34,1.70006090116373,1.69E-33,1.69993666613581,5.87E-33,1.70000728209895,1.59E-32
,,,,,,,,,,,,1.70470823168819,9.83E-34,1.70474631373012,8.49E-34,1.70480399526843,9.23E-34,1.70486094916433,1.69E-33,1.7047367141362,5.87E-33,1.70480733009943,1.59E-32
,,,,,,,,,,,,1.70950827968857,9.79E-34,1.70954636173054,8.46E-34,1.70960404326881,9.21E-34,1.70966099716473,1.68E-33,1.70953676213673,5.87E-33,1.70960737809999,1.59E-32
,,,,,,,,,,,,1.71430832768925,9.75E-34,1.71434640973092,8.43E-34,1.71440409126944,9.19E-34,1.7144610451652,1.68E-33,1.71433681013725,5.87E-33,1.71440742610038,1.59E-32
,,,,,,,,,,,,1.71910837568963,9.70E-34,1.71914645773159,8.40E-34,1.71920413926986,9.18E-34,1.71926109316576,1.68E-33,1.71913685813764,5.86E-33,1.71920747410089,1.59E-32
,,,,,,,,,,,,1.72390842369004,9.66E-34,1.72394650573197,8.37E-34,1.72400418727024,9.16E-34,1.72406114116614,1.68E-33,1.72393690613818,5.86E-33,1.72400752210143,1.59E-32
,,,,,,,,,,,,1.72870847169066,9.62E-34,1.72874655373238,8.34E-34,1.72880423527087,9.14E-34,1.72886118916667,1.68E-33,1.72873695413868,5.86E-33,1.72880757010182,1.59E-32
,,,,,,,,,,,,1.73350851969106,9.58E-34,1.733546601733,8.31E-34,1.7336042832713,9.13E-34,1.7336612371672,1.68E-33,1.73353700213907,5.86E-33,1.73360761810234,1.59E-32
,,,,,,,,,,,,1.73830856769152,9.54E-34,1.7383466497334,8.28E-34,1.73840433127172,9.11E-34,1.73846128516757,1.68E-33,1.73833705013964,5.86E-33,1.73840766610285,1.59E-32
,,,,,,,,,,,,1.74310861569207,9.50E-34,1.74314669773386,8.25E-34,1.74320437927229,9.09E-34,1.74326133316812,1.68E-33,1.74313709814009,5.86E-33,1.74320771410325,1.59E-32
,,,,,,,,,,,,1.74790866369249,9.45E-34,1.74794674573441,8.23E-34,1.74800442727272,9.08E-34,1.74806138116863,1.68E-33,1.7479371461405,5.86E-33,1.74800776210381,1.59E-32
,,,,,,,,,,,,1.75270871169299,9.41E-34,1.75274679373484,8.20E-34,1.75280447527319,9.06E-34,1.75286142916902,1.68E-33,1.75273719414112,5.86E-33,1.75280781010426,1.59E-32
,,,,,,,,,,,,1.75750875969349,9.37E-34,1.75754684173533,8.17E-34,1.75760452327373,9.05E-34,1.75766147716957,1.68E-33,1.75753724214151,5.86E-33,1.75760785810468,1.59E-32
,,,,,,,,,,,,1.76230880769392,9.33E-34,1.76234688973584,8.14E-34,1.76240457127413,9.03E-34,1.76246152517006,1.67E-33,1.76233729014197,5.86E-33,1.76240790610529,1.59E-32
,,,,,,,,,,,,1.76710885569444,9.29E-34,1.76714693773626,8.12E-34,1.76720461927466,9.02E-34,1.76726157317045,1.67E-33,1.76713733814256,5.86E-33,1.76720795410568,1.59E-32
,,,,,,,,,,,,1.77190890369492,9.26E-34,1.77194698573679,8.09E-34,1.77200466727516,9.00E-34,1.77206162117101,1.67E-33,1.77193738614294,5.86E-33,1.77200800210614,1.59E-32
,,,,,,,,,,,,1.77670895169533,9.22E-34,1.77674703373727,8.06E-34,1.77680471527554,8.99E-34,1.77686166917148,1.67E-33,1.77673743414342,5.86E-33,1.77680805010674,1.59E-32
,,,,,,,,,,,,1.78150899969592,9.18E-34,1.78154708173767,8.04E-34,1.78160476327614,8.97E-34,1.78166171717189,1.67E-33,1.78153748214399,5.86E-33,1.78160809810711,1.59E-32
,,,,,,,,,,,,1.78630904769636,9.14E-34,1.78634712973827,8.01E-34,1.7864048112766,8.96E-34,1.78646176517249,1.67E-33,1.78633753014437,5.86E-33,1.78640814610757,1.59E-32
,,,,,,,,,,,,1.79110909569675,9.10E-34,1.7911471777387,7.98E-34,1.79120485927699,8.94E-34,1.7912618131729,1.67E-33,1.79113757814487,5.86E-33,1.79120819410817,1.59E-32
,,,,,,,,,,,,1.79590914369738,9.06E-34,1.79594722573909,7.96E-34,1.79600490727758,8.93E-34,1.79606186117335,1.67E-33,1.79593762614542,5.85E-33,1.79600824210855,1.59E-32
,,,,,,,,,,,,1.80070919169779,9.03E-34,1.80074727373972,7.93E-34,1.80080495527803,8.91E-34,1.80086190917393,1.67E-33,1.8007376741458,5.85E-33,1.80080829010903,1.59E-32
,,,,,,,,,,,,1.80550923969818,8.99E-34,1.80554732174014,7.91E-34,1.80560500327842,8.90E-34,1.80566195717432,1.67E-33,1.80553772214633,5.85E-33,1.8056083381096,1.59E-32
,,,,,,,,,,,,1.81030928769882,8.95E-34,1.81034736974053,7.88E-34,1.81040505127901,8.88E-34,1.8104620051748,1.67E-33,1.81033777014685,5.85E-33,1.81040838610998,1.59E-32
,,,,,,,,,,,,1.81510933569923,8.92E-34,1.81514741774117,7.86E-34,1.81520509927946,8.87E-34,1.81526205317536,1.66E-33,1.81513781814724,5.85E-33,1.8152084341105,1.59E-32
,,,,,,,,,,,,1.81990938369966,8.88E-34,1.81994746574157,7.83E-34,1.82000514727988,8.85E-34,1.82006210117575,1.66E-33,1.81993786614779,5.85E-33,1.82000848211101,1.59E-32
,,,,,,,,,,,,1.82470943170023,8.85E-34,1.82474751374201,7.81E-34,1.82480519528046,8.84E-34,1.82486214917626,1.66E-33,1.82473791414826,5.85E-33,1.82480853011142,1.59E-32
,,,,,,,,,,,,1.82950947970067,8.81E-34,1.82954756174258,7.78E-34,1.82960524328088,8.83E-34,1.82966219717679,1.66E-33,1.82953796214867,5.85E-33,1.82960857811195,1.59E-32
,,,,,,,,,,,,1.83430952770113,8.77E-34,1.83434760974301,7.76E-34,1.83440529128134,8.81E-34,1.83446224517718,1.66E-33,1.83433801014927,5.85E-33,1.83440862611242,1.59E-32
,,,,,,,,,,,,1.83910957570167,8.74E-34,1.83914765774347,7.73E-34,1.83920533928189,8.80E-34,1.83926229317771,1.66E-33,1.83913805814967,5.85E-33,1.83920867411285,1.59E-32
,,,,,,,,,,,,1.84390962370208,8.70E-34,1.84394770574401,7.71E-34,1.8440053872823,8.79E-34,1.84406234117823,1.66E-33,1.84393810615013,5.85E-33,1.84400872211343,1.59E-32
,,,,,,,,,,,,1.84870967170259,8.67E-34,1.84874775374443,7.69E-34,1.8488054352828,8.77E-34,1.84886238917862,1.66E-33,1.84873815415072,5.85E-33,1.84880877011385,1.59E-32
,,,,,,,,,,,,1.8535097197031,8.64E-34,1.85354780174493,7.66E-34,1.85360548328333,8.76E-34,1.85366243717917,1.66E-33,1.8535382021511,5.85E-33,1.85360881811428,1.59E-32
,,,,,,,,,,,,1.85830976770349,8.60E-34,1.85834784974545,7.64E-34,1.85840553128372,8.75E-34,1.85846248517965,1.66E-33,1.85833825015156,5.85E-33,1.8584088661149,1.59E-32
,,,,,,,,,,,,1.86310981570406,8.57E-34,1.86314789774584,7.62E-34,1.86320557928427,8.73E-34,1.86326253318005,1.66E-33,1.86313829815215,5.85E-33,1.86320891411528,1.59E-32
,,,,,,,,,,,,1.86790986370454,8.54E-34,1.86794794574641,7.59E-34,1.86800562728476,8.72E-34,1.86806258118065,1.66E-33,1.86793834615255,5.85E-33,1.86800896211572,1.59E-32
,,,,,,,,,,,,1.87270991170491,8.50E-34,1.87274799374688,7.57E-34,1.87280567528515,8.71E-34,1.87286262918106,1.65E-33,1.87273839415302,5.85E-33,1.87280901011633,1.59E-32
,,,,,,,,,,,,1.87750995970552,8.47E-34,1.87754804174726,7.55E-34,1.87760572328572,8.69E-34,1.8776626771815,1.65E-33,1.87753844215359,5.84E-33,1.87760905811672,1.59E-32
,,,,,,,,,,,,1.88231000770597,8.44E-34,1.88234808974787,7.53E-34,1.88240577128619,8.68E-34,1.8824627251821,1.65E-33,1.88233849015398,5.84E-33,1.88240910611717,1.59E-32
,,,,,,,,,,,,1.88711005570635,8.40E-34,1.88714813774831,7.50E-34,1.88720581928658,8.67E-34,1.88726277318248,1.65E-33,1.88713853815447,5.84E-33,1.88720915411777,1.59E-32
,,,,,,,,,,,,1.89191010370695,8.37E-34,1.89194818574869,7.48E-34,1.89200586728716,8.66E-34,1.89206282118294,1.65E-33,1.89193858615501,5.84E-33,1.89200920211816,1.59E-32
,,,,,,,,,,,,1.8967101517074,8.34E-34,1.8967482337493,7.46E-34,1.89680591528764,8.64E-34,1.89686286918354,1.65E-33,1.89673863415541,5.84E-33,1.89680925011864,1.59E-32
,,,,,,,,,,,,1.9015101997078,8.31E-34,1.90154828174975,7.44E-34,1.90160596328802,8.63E-34,1.90166291718392,1.65E-33,1.90153868215593,5.84E-33,1.90160929811918,1.59E-32
,,,,,,,,,,,,1.9063102477084,8.28E-34,1.90634832975015,7.42E-34,1.90640601128864,8.62E-34,1.9064629651844,1.65E-33,1.90633873015642,5.84E-33,1.90640934611959,1.59E-32
,,,,,,,,,,,,1.91111029570882,8.25E-34,1.91114837775074,7.39E-34,1.91120605928905,8.61E-34,1.91126301318497,1.65E-33,1.91113877815685,5.84E-33,1.9112093941201,1.59E-32
,,,,,,,,,,,,1.91591034370928,8.21E-34,1.91594842575117,7.37E-34,1.91600610728949,8.59E-34,1.91606306118535,1.65E-33,1.91593882615741,5.84E-33,1.91600944212059,1.59E-32
,,,,,,,,,,,,1.92071039170983,8.18E-34,1.92074847375163,7.35E-34,1.92080615529007,8.58E-34,1.92086310918585,1.65E-33,1.92073887415784,5.84E-33,1.92080949012103,1.59E-32
,,,,,,,,,,,,1.92551043971024,8.15E-34,1.92554852175218,7.33E-34,1.92560620329046,8.57E-34,1.92566315718639,1.65E-33,1.92553892215827,5.84E-33,1.92560953812158,1.59E-32
,,,,,,,,,,,,1.93031048771074,8.12E-34,1.93034856975258,7.31E-34,1.93040625129094,8.56E-34,1.93046320518679,1.65E-33,1.93033897015887,5.84E-33,1.93040958612202,1.59E-32
,,,,,,,,,,,,1.93511053571127,8.09E-34,1.93514861775308,7.29E-34,1.9352062992915,8.55E-34,1.93526325318732,1.64E-33,1.93513901815928,5.84E-33,1.93520963412244,1.59E-32
,,,,,,,,,,,,1.93991058371166,8.06E-34,1.93994866575361,7.27E-34,1.94000634729188,8.53E-34,1.9400633011878,1.64E-33,1.93993906615971,5.84E-33,1.94000968212304,1.59E-32
,,,,,,,,,,,,1.94471063171222,8.03E-34,1.944748713754,7.25E-34,1.94480639529241,8.52E-34,1.94486334918823,1.64E-33,1.94473911416032,5.84E-33,1.94480973012346,1.59E-32
,,,,,,,,,,,,1.9495106797127,8.00E-34,1.94954876175456,7.23E-34,1.94960644329294,8.51E-34,1.94966339718879,1.64E-33,1.94953916216071,5.84E-33,1.94960977812387,1.59E-32
,,,,,,,,,,,,1.95431072771309,7.98E-34,1.95434880975504,7.21E-34,1.95440649129332,8.50E-34,1.95446344518921,1.64E-33,1.95433921016116,5.84E-33,1.9544098261245,1.59E-32
,,,,,,,,,,,,1.95911077571366,7.95E-34,1.95914885775544,7.19E-34,1.95920653929385,8.49E-34,1.95926349318966,1.64E-33,1.95913925816175,5.84E-33,1.95920987412489,1.59E-32
,,,,,,,,,,,,1.96391082371413,7.92E-34,1.96394890575601,7.17E-34,1.96400658729437,8.48E-34,1.96406354119026,1.64E-33,1.96393930616214,5.84E-33,1.96400992212533,1.59E-32
,,,,,,,,,,,,1.96871087171452,7.89E-34,1.96874895375648,7.15E-34,1.96880663529476,8.47E-34,1.96886358919066,1.64E-33,1.96873935416263,5.84E-33,1.96880997012592,1.59E-32
,,,,,,,,,,,,1.9735109197151,7.86E-34,1.97354900175687,7.13E-34,1.97360668329531,8.46E-34,1.97366363719111,1.64E-33,1.97353940216318,5.84E-33,1.97361001812632,1.59E-32
,,,,,,,,,,,,1.97831096771557,7.83E-34,1.97834904975744,7.11E-34,1.97840673129579,8.44E-34,1.9784636851917,1.64E-33,1.97833945016358,5.83E-33,1.97841006612679,1.59E-32
,,,,,,,,,,,,1.98311101571596,7.81E-34,1.98314909775791,7.09E-34,1.98320677929619,8.43E-34,1.98326373319209,1.64E-33,1.9831394981641,5.83E-33,1.98321011412734,1.59E-32
,,,,,,,,,,,,1.98791106371656,7.78E-34,1.9879491457583,7.07E-34,1.98800682729678,8.42E-34,1.98806378119254,1.64E-33,1.98793954616459,5.83E-33,1.98801016212776,1.59E-32
,,,,,,,,,,,,1.99271111171699,7.75E-34,1.99274919375891,7.05E-34,1.9928068752972,8.41E-34,1.99286382919314,1.64E-33,1.99273959416501,5.83E-33,1.99281021012827,1.59E-32
,,,,,,,,,,,,1.99751115971743,7.72E-34,1.99754924175933,7.03E-34,1.99760692329764,8.40E-34,1.99766387719353,1.64E-33,1.99753964216556,5.83E-33,1.99761025812875,1.59E-32
,,,,,,,,,,,,2.002311207718,7.70E-34,2.00234928975977,7.02E-34,2.00240697129823,8.39E-34,2.002463925194,1.64E-33,2.00233969016601,5.83E-33,2.00241030612919,1.59E-32
,,,,,,,,,,,,2.00711125571841,7.67E-34,2.00714933776034,7.00E-34,2.00720701929863,8.38E-34,2.00726397319456,1.63E-33,2.00713973816643,5.83E-33,2.00721035412973,1.59E-32
,,,,,,,,,,,,2.01191130371889,7.64E-34,2.01194938576076,6.98E-34,2.01200706729912,8.37E-34,2.01206402119496,1.63E-33,2.01193978616703,5.83E-33,2.01201040213019,1.59E-32
,,,,,,,,,,,,2.01671135171943,7.62E-34,2.01674943376124,6.96E-34,2.01680711529967,8.36E-34,2.01686406919548,1.63E-33,2.01673983416744,5.83E-33,2.0168104501306,1.59E-32
,,,,,,,,,,,,2.02151139971982,7.59E-34,2.02154948176178,6.94E-34,2.02160716330006,8.35E-34,2.02166411719597,1.63E-33,2.02153988216786,5.83E-33,2.0216104981312,1.59E-32
,,,,,,,,,,,,2.02631144772036,7.56E-34,2.02634952976217,6.92E-34,2.02640721130055,8.34E-34,2.02646416519639,1.63E-33,2.0263399301685,5.83E-33,2.02641054613162,1.59E-32
,,,,,,,,,,,,2.03111149572087,7.54E-34,2.03114957776271,6.91E-34,2.0312072593011,8.33E-34,2.03126421319693,1.63E-33,2.03113997816888,5.83E-33,2.03121059413201,1.59E-32
,,,,,,,,,,,,2.03591154372126,7.51E-34,2.03594962576321,6.89E-34,2.03600730730149,8.32E-34,2.03606426119739,1.63E-33,2.0359400261693,5.83E-33,2.03601064213268,1.59E-32
,,,,,,,,,,,,2.04071159172181,7.49E-34,2.0407496737636,6.87E-34,2.040807355302,8.31E-34,2.04086430919783,1.63E-33,2.04074007416992,5.83E-33,2.04081069013305,1.59E-32
,,,,,,,,,,,,2.04551163972231,7.46E-34,2.04554972176415,6.85E-34,2.04560740330254,8.30E-34,2.0456643571984,1.63E-33,2.04554012217032,5.83E-33,2.04561073813347,1.59E-32
,,,,,,,,,,,,2.05031168772269,7.43E-34,2.05034976976465,6.84E-34,2.05040745130293,8.29E-34,2.05046440519882,1.63E-33,2.05034017017077,5.83E-33,2.05041078613409,1.59E-32
,,,,,,,,,,,,2.05511173572326,7.41E-34,2.05514981776503,6.82E-34,2.05520749930346,8.28E-34,2.05526445319925,1.63E-33,2.05514021817133,5.83E-33,2.0552108341345,1.59E-32
,,,,,,,,,,,,2.05991178372374,7.38E-34,2.05994986576561,6.80E-34,2.06000754730396,8.27E-34,2.06006450119988,1.63E-33,2.05994026617175,5.83E-33,2.06001088213494,1.59E-32
,,,,,,,,,,,,2.06471183172412,7.36E-34,2.06474991376609,6.78E-34,2.06480759530436,8.26E-34,2.06486454920026,1.63E-33,2.06474031417225,5.83E-33,2.0648109301355,1.59E-32
,,,,,,,,,,,,2.06951187972472,7.34E-34,2.06954996176647,6.77E-34,2.06960764330492,8.25E-34,2.06966459720068,1.63E-33,2.06954036217275,5.83E-33,2.06961097813593,1.59E-32
,,,,,,,,,,,,2.07431192772515,7.31E-34,2.07435000976706,6.75E-34,2.07440769130538,8.24E-34,2.07446464520131,1.63E-33,2.07434041017319,5.83E-33,2.07441102613641,1.59E-32
,,,,,,,,,,,,2.07911197572557,7.29E-34,2.0791500577675,6.73E-34,2.07920773930579,8.23E-34,2.07926469320169,1.63E-33,2.0791404581737,5.83E-33,2.07921107413693,1.59E-32
,,,,,,,,,,,,2.08391202372617,7.26E-34,2.08395010576791,6.72E-34,2.08400778730639,8.22E-34,2.08406474120215,1.63E-33,2.08394050617419,5.83E-33,2.08401112213736,1.59E-32
,,,,,,,,,,,,2.08871207172657,7.24E-34,2.08875015376852,6.70E-34,2.08880783530679,8.21E-34,2.08886478920272,1.62E-33,2.0887405541746,5.83E-33,2.08881117013787,1.59E-32
,,,,,,,,,,,,2.09351211972705,7.22E-34,2.09355020176891,6.69E-34,2.09360788330726,8.20E-34,2.09366483720313,1.62E-33,2.09354060217517,5.82E-33,2.09361121813836,1.59E-32
,,,,,,,,,,,,2.09831216772761,7.19E-34,2.09835024976939,6.67E-34,2.09840793130784,8.19E-34,2.09846488520363,1.62E-33,2.09834065017562,5.82E-33,2.09841126613877,1.59E-32
,,,,,,,,,,,,2.10311221572799,7.17E-34,2.10315029776995,6.65E-34,2.10320797930822,8.19E-34,2.10326493320413,1.62E-33,2.10314069817601,5.82E-33,2.10321131413934,1.59E-32
,,,,,,,,,,,,2.10791226372849,7.15E-34,2.10795034577033,6.64E-34,2.10800802730869,8.18E-34,2.10806498120456,1.62E-33,2.10794074617665,5.82E-33,2.1080113621398,1.59E-32
,,,,,,,,,,,,2.11271231172904,7.12E-34,2.11275039377084,6.62E-34,2.11280807530928,8.17E-34,2.11286502920509,1.62E-33,2.11274079417705,5.82E-33,2.11281141014018,1.59E-32
,,,,,,,,,,,,2.11751235972943,7.10E-34,2.11755044177139,6.61E-34,2.11760812330966,8.16E-34,2.11766507720556,1.62E-33,2.11754084217744,5.82E-33,2.11761145814082,1.58E-32
,,,,,,,,,,,,2.12231240772994,7.08E-34,2.12235048977178,6.59E-34,2.12240817131014,8.15E-34,2.12246512520598,1.62E-33,2.12234089017808,5.82E-33,2.12241150614123,1.58E-32
,,,,,,,,,,,,2.12711245573048,7.05E-34,2.12715053777228,6.57E-34,2.12720821931071,8.14E-34,2.12726517320655,1.62E-33,2.12714093817849,5.82E-33,2.12721155414161,1.58E-32
,,,,,,,,,,,,2.13191250373087,7.03E-34,2.13195058577282,6.56E-34,2.13200826731109,8.13E-34,2.13206522120699,1.62E-33,2.13194098617891,5.82E-33,2.13201160214225,1.58E-32
,,,,,,,,,,,,2.1367125517314,7.01E-34,2.13675063377321,6.54E-34,2.13680831531162,8.12E-34,2.13686526920739,1.62E-33,2.13674103417949,5.82E-33,2.13681165014266,1.58E-32
,,,,,,,,,,,,2.14151259973191,6.99E-34,2.14155068177375,6.53E-34,2.14160836331212,8.11E-34,2.14166531720803,1.62E-33,2.14154108217992,5.82E-33,2.14161169814308,1.58E-32
,,,,,,,,,,,,2.1463126477323,6.96E-34,2.14635072977425,6.51E-34,2.14640841131252,8.11E-34,2.14646536520843,1.62E-33,2.14634113018039,5.82E-33,2.14641174614366,1.58E-32
,,,,,,,,,,,,2.15111269573286,6.94E-34,2.15115077777464,6.50E-34,2.15120845931307,8.10E-34,2.15126541320883,1.62E-33,2.15114117818092,5.82E-33,2.1512117941441,1.58E-32
,,,,,,,,,,,,2.15591274373332,6.92E-34,2.15595082577521,6.48E-34,2.15600850731353,8.09E-34,2.15606546120947,1.62E-33,2.15594122618135,5.82E-33,2.15601184214456,1.58E-32
,,,,,,,,,,,,2.16071279173373,6.90E-34,2.16075087377566,6.47E-34,2.16080855531396,8.08E-34,2.16086550920987,1.62E-33,2.16074127418185,5.82E-33,2.1608118901451,1.58E-32
,,,,,,,,,,,,2.16551283973433,6.88E-34,2.16555092177608,6.45E-34,2.16560860331454,8.07E-34,2.16566555721029,1.62E-33,2.16554132218235,5.82E-33,2.16561193814552,1.58E-32
,,,,,,,,,,,,2.17031288773473,6.86E-34,2.17035096977667,6.44E-34,2.17040865131496,8.06E-34,2.17046560521089,1.62E-33,2.17034137018276,5.82E-33,2.17041198614601,1.58E-32
,,,,,,,,,,,,2.1751129357352,6.84E-34,2.17515101777708,6.42E-34,2.17520869931539,8.06E-34,2.1752656532113,1.62E-33,2.17514141818332,5.82E-33,2.17521203414653,1.58E-32
,,,,,,,,,,,,2.17991298373577,6.81E-34,2.17995106577755,6.41E-34,2.18000874731601,8.05E-34,2.18006570121177,1.61E-33,2.17994146618378,5.82E-33,2.18001208214693,1.58E-32
,,,,,,,,,,,,2.18471303173616,6.79E-34,2.18475111377812,6.40E-34,2.1848087953164,8.04E-34,2.1848657492123,1.61E-33,2.18474151418417,5.82E-33,2.18481213014749,1.58E-32
,,,,,,,,,,,,2.18951307973663,6.77E-34,2.18955116177851,6.38E-34,2.18960884331683,8.03E-34,2.18966579721274,1.61E-33,2.1895415621848,5.82E-33,2.18961217814796,1.58E-32
,,,,,,,,,,,,2.19431312773721,6.75E-34,2.19435120977898,6.37E-34,2.19440889131744,8.02E-34,2.19446584521323,1.61E-33,2.19434161018522,5.82E-33,2.19441222614835,1.58E-32
,,,,,,,,,,,,2.1991131757376,6.73E-34,2.19915125777955,6.35E-34,2.19920893931783,8.01E-34,2.19926589321373,1.61E-33,2.19914165818561,5.82E-33,2.19921227414896,1.58E-32
,,,,,,,,,,,,2.20391322373808,6.71E-34,2.20395130577994,6.34E-34,2.20400898731828,8.01E-34,2.20406594121415,1.61E-33,2.20394170618624,5.82E-33,2.2040123221494,1.58E-32
,,,,,,,,,,,,2.20871327173864,6.69E-34,2.20875135378042,6.32E-34,2.20880903531888,8.00E-34,2.2088659892147,1.61E-33,2.20874175418665,5.82E-33,2.20881237014979,1.58E-32
,,,,,,,,,,,,2.21351331973903,6.67E-34,2.21355140178098,6.31E-34,2.21360908331927,7.99E-34,2.21366603721517,1.61E-33,2.21354180218706,5.82E-33,2.21361241815039,1.58E-32
,,,,,,,,,,,,2.21831336773955,6.65E-34,2.21835144978138,6.30E-34,2.21840913131976,7.98E-34,2.21846608521556,1.61E-33,2.21834185018766,5.82E-33,2.21841246615083,1.58E-32
,,,,,,,,,,,,2.22311341574007,6.63E-34,2.22315149778189,6.28E-34,2.22320917932029,7.98E-34,2.22326613321617,1.61E-33,2.22314189818808,5.82E-33,2.22321251415123,1.58E-32
,,,,,,,,,,,,2.22791346374046,6.61E-34,2.22795154578242,6.27E-34,2.2280092273207,7.97E-34,2.2280661812166,1.61E-33,2.22794194618854,5.82E-33,2.22801256215183,1.58E-32
,,,,,,,,,,,,2.232713511741,6.59E-34,2.23275159378281,6.26E-34,2.23280927532122,7.96E-34,2.23286622921698,1.61E-33,2.23274199418908,5.81E-33,2.23281261015226,1.58E-32
,,,,,,,,,,,,2.23751355974148,6.57E-34,2.23755164178335,6.24E-34,2.2376093233217,7.95E-34,2.23766627721762,1.61E-33,2.23754204218951,5.81E-33,2.23761265815271,1.58E-32
,,,,,,,,,,,,2.2423136077419,6.55E-34,2.24235168978383,6.23E-34,2.24240937132213,7.95E-34,2.24246632521803,1.61E-33,2.24234209019,5.81E-33,2.24241270615326,1.58E-32
,,,,,,,,,,,,2.24711365574248,6.53E-34,2.24715173778424,6.22E-34,2.24720941932268,7.94E-34,2.24726637321844,1.61E-33,2.24714213819052,5.81E-33,2.24721275415367,1.58E-32
,,,,,,,,,,,,2.2519137037429,6.52E-34,2.25195178578483,6.20E-34,2.25200946732313,7.93E-34,2.25206642121905,1.61E-33,2.25194218619092,5.81E-33,2.25201280215417,1.58E-32
,,,,,,,,,,,,2.25671375174334,6.50E-34,2.25675183378524,6.19E-34,2.25680951532355,7.92E-34,2.25686646921947,1.61E-33,2.25674223419147,5.81E-33,2.25681285015469,1.58E-32
,,,,,,,,,,,,2.26151379974395,6.48E-34,2.26155188178569,6.18E-34,2.26160956332416,7.92E-34,2.26166651721991,1.61E-33,2.26154228219196,5.81E-33,2.26161289815509,1.58E-32
,,,,,,,,,,,,2.26631384774433,6.46E-34,2.26635192978629,6.16E-34,2.26640961132457,7.91E-34,2.26646656522046,1.61E-33,2.26634233019234,5.81E-33,2.26641294615564,1.58E-32
,,,,,,,,,,,,2.27111389574478,6.44E-34,2.27115197778667,6.15E-34,2.27120965932497,7.90E-34,2.2712666132209,1.61E-33,2.27114237819294,5.81E-33,2.27121299415614,1.58E-32
,,,,,,,,,,,,2.27591394374538,6.42E-34,2.27595202578712,6.14E-34,2.27600970732561,7.89E-34,2.27606666122139,1.61E-33,2.27594242619339,5.81E-33,2.27601304215652,1.58E-32
,,,,,,,,,,,,2.28071399174576,6.40E-34,2.28075207378773,6.13E-34,2.280809755326,7.89E-34,2.2808667092219,1.61E-33,2.28074247419377,5.81E-33,2.28081309015709,1.58E-32
,,,,,,,,,,,,2.28551403974622,6.39E-34,2.28555212178811,6.11E-34,2.28560980332642,7.88E-34,2.28566675722231,1.60E-33,2.28554252219439,5.81E-33,2.28561313815757,1.58E-32
,,,,,,,,,,,,2.29031408774682,6.37E-34,2.29035216978857,6.10E-34,2.29040985132704,7.87E-34,2.29046680522285,1.60E-33,2.29034257019483,5.81E-33,2.29041318615795,1.58E-32
,,,,,,,,,,,,2.2951141357472,6.35E-34,2.29515221778916,6.09E-34,2.29520989932743,7.87E-34,2.29526685322333,1.60E-33,2.29514261819521,5.81E-33,2.29521323415855,1.58E-32
,,,,,,,,,,,,2.2999141837477,6.33E-34,2.29995226578954,6.08E-34,2.3000099473279,7.86E-34,2.30006690122372,1.60E-33,2.29994266619582,5.81E-33,2.30001328215901,1.58E-32
,,,,,,,,,,,,2.30471423174823,6.31E-34,2.30475231379004,6.06E-34,2.30480999532845,7.85E-34,2.30486694922433,1.60E-33,2.30474271419626,5.81E-33,2.30481333015939,1.58E-32
,,,,,,,,,,,,2.30951427974863,6.30E-34,2.30955236179057,6.05E-34,2.30961004332887,7.84E-34,2.30966699722476,1.60E-33,2.30954276219669,5.81E-33,2.30961337815999,1.58E-32
,,,,,,,,,,,,2.31431432774916,6.28E-34,2.31435240979097,6.04E-34,2.31441009132938,7.84E-34,2.31446704522516,1.60E-33,2.31434281019726,5.81E-33,2.31441342616043,1.58E-32
,,,,,,,,,,,,2.31911437574964,6.26E-34,2.3191524577915,6.03E-34,2.31921013932986,7.83E-34,2.31926709322577,1.60E-33,2.31914285819767,5.81E-33,2.31921347416085,1.58E-32
,,,,,,,,,,,,2.32391442375006,6.24E-34,2.32395250579198,6.02E-34,2.3240101873303,7.82E-34,2.3240671412262,1.60E-33,2.32394290619815,5.81E-33,2.32401352216144,1.58E-32
,,,,,,,,,,,,2.32871447175062,6.23E-34,2.32875255379241,6.00E-34,2.32881023533084,7.82E-34,2.32886718922659,1.60E-33,2.32874295419869,5.81E-33,2.32881357016184,1.58E-32
,,,,,,,,,,,,2.33351451975107,6.21E-34,2.33355260179297,5.99E-34,2.3336102833313,7.81E-34,2.33366723722721,1.60E-33,2.33354300219908,5.81E-33,2.33361361816232,1.58E-32
,,,,,,,,,,,,2.33831456775149,6.19E-34,2.33835264979342,5.98E-34,2.33841033133171,7.80E-34,2.33846728522763,1.60E-33,2.33834305019961,5.81E-33,2.33841366616287,1.58E-32
,,,,,,,,,,,,2.3431146157521,6.18E-34,2.34315269779383,5.97E-34,2.34321037933232,7.80E-34,2.34326733322807,1.60E-33,2.34314309820013,5.81E-33,2.34321371416325,1.58E-32
,,,,,,,,,,,,2.34791466375251,6.16E-34,2.34795274579445,5.96E-34,2.34801042733273,7.79E-34,2.34806738122864,1.60E-33,2.3479431462005,5.81E-33,2.34801376216378,1.58E-32
,,,,,,,,,,,,2.35271471175293,6.14E-34,2.35275279379485,5.95E-34,2.35281047533312,7.78E-34,2.35286742922905,1.60E-33,2.35274319420109,5.81E-33,2.3528138101643,1.58E-32
,,,,,,,,,,,,2.35751475975355,6.13E-34,2.35755284179528,5.94E-34,2.35761052333379,7.78E-34,2.35766747722954,1.60E-33,2.35754324220156,5.81E-33,2.35761385816468,1.58E-32
,,,,,,,,,,,,2.36231480775394,6.11E-34,2.36235288979589,5.92E-34,2.36241057133416,7.77E-34,2.36246752523007,1.60E-33,2.36234329020194,5.81E-33,2.36241390616525,1.58E-32
,,,,,,,,,,,,2.36711485575436,6.09E-34,2.36715293779628,5.91E-34,2.36721061933458,7.77E-34,2.36726757323046,1.60E-33,2.36714333820253,5.81E-33,2.36721395416574,1.58E-32
,,,,,,,,,,,,2.37191490375498,6.08E-34,2.37195298579671,5.90E-34,2.3720106673352,7.76E-34,2.37206762123099,1.60E-33,2.37194338620299,5.81E-33,2.37201400216612,1.58E-32
,,,,,,,,,,,,2.37671495175537,6.06E-34,2.37675303379733,5.89E-34,2.3768107153356,7.75E-34,2.37686766923151,1.60E-33,2.37674343420337,5.81E-33,2.37681405016669,1.58E-32
,,,,,,,,,,,,2.38151499975584,6.04E-34,2.38155308179772,5.88E-34,2.38161076333606,7.75E-34,2.38166771723189,1.60E-33,2.38154348220397,5.81E-33,2.38161409816717,1.58E-32
,,,,,,,,,,,,2.38631504775639,6.03E-34,2.38635312979819,5.87E-34,2.38641081133662,7.74E-34,2.38646776523247,1.60E-33,2.38634353020443,5.81E-33,2.38641414616755,1.58E-32
,,,,,,,,,,,,2.39111509575681,6.01E-34,2.39115317779874,5.86E-34,2.39121085933703,7.73E-34,2.39126781323294,1.60E-33,2.39114357820484,5.81E-33,2.39121419416814,1.58E-32
,,,,,,,,,,,,2.39591514375731,6.00E-34,2.39595322579915,5.85E-34,2.39601090733752,7.73E-34,2.39606786123332,1.60E-33,2.39594362620542,5.81E-33,2.39601424216859,1.58E-32
,,,,,,,,,,,,2.4007151917578,5.98E-34,2.40075327379965,5.84E-34,2.40081095533804,7.72E-34,2.40086790923392,1.60E-33,2.40074367420584,5.81E-33,2.40081429016901,1.58E-32
,,,,,,,,,,,,2.40551523975824,5.96E-34,2.40555332180015,5.82E-34,2.40561100333845,7.72E-34,2.40566795723437,1.59E-33,2.40554372220631,5.80E-33,2.4056143381696,1.58E-32
,,,,,,,,,,,,2.41031528775877,5.95E-34,2.41035336980058,5.81E-34,2.41041105133898,7.71E-34,2.41046800523475,1.59E-33,2.41034377020686,5.80E-33,2.41041438617,1.58E-32
,,,,,,,,,,,,2.41511533575924,5.93E-34,2.41515341780111,5.80E-34,2.41521109933947,7.70E-34,2.41526805323535,1.59E-33,2.41514381820725,5.80E-33,2.41521443417047,1.58E-32
,,,,,,,,,,,,2.41991538375965,5.92E-34,2.41995346580158,5.79E-34,2.42001114733988,7.70E-34,2.42006810123581,1.59E-33,2.41994386620776,5.80E-33,2.42001448217104,1.58E-32
,,,,,,,,,,,,2.42471543176026,5.90E-34,2.424753513802,5.78E-34,2.42481119534046,7.69E-34,2.42486814923621,1.59E-33,2.42474391420829,5.80E-33,2.42481453017143,1.58E-32
,,,,,,,,,,,,2.42951547976067,5.89E-34,2.4295535618026,5.77E-34,2.42961124334091,7.69E-34,2.42966819723681,1.59E-33,2.42954396220868,5.80E-33,2.42961457817192,1.58E-32
,,,,,,,,,,,,2.43431552776106,5.87E-34,2.43435360980302,5.76E-34,2.43441129134129,7.68E-34,2.43446824523722,1.59E-33,2.43434401020922,5.80E-33,2.43441462617247,1.58E-32
,,,,,,,,,,,,2.43911557576173,5.86E-34,2.43915365780341,5.75E-34,2.43921133934193,7.67E-34,2.43926829323768,1.59E-33,2.43914405820972,5.80E-33,2.43921467417286,1.58E-32
,,,,,,,,,,,,2.4439156237621,5.84E-34,2.44395370580407,5.74E-34,2.44401138734234,7.67E-34,2.44406834123824,1.59E-33,2.44394410621011,5.80E-33,2.44401472217338,1.58E-32
,,,,,,,,,,,,2.44871567176251,5.83E-34,2.44875375380445,5.73E-34,2.44881143534272,7.66E-34,2.44886838923863,1.59E-33,2.44874415421066,5.80E-33,2.4488147701739,1.58E-32
,,,,,,,,,,,,2.45351571976315,5.81E-34,2.45355380180485,5.72E-34,2.45361148334336,7.66E-34,2.45366843723915,1.59E-33,2.45354420221116,5.80E-33,2.45361481817429,1.58E-32
,,,,,,,,,,,,2.45831576776354,5.80E-34,2.45835384980549,5.71E-34,2.45841153134377,7.65E-34,2.45846848523967,1.59E-33,2.45834425021155,5.80E-33,2.45841486617482,1.58E-32
,,,,,,,,,,,,2.463115815764,5.78E-34,2.46315389780588,5.70E-34,2.4632115793442,7.64E-34,2.46326853324005,1.59E-33,2.46314429821212,5.80E-33,2.46321491417534,1.58E-32
,,,,,,,,,,,,2.46791586376456,5.77E-34,2.46795394580634,5.69E-34,2.46801162734477,7.64E-34,2.46806858124061,1.59E-33,2.46794434621258,5.80E-33,2.46801496217573,1.58E-32
,,,,,,,,,,,,2.47271591176497,5.76E-34,2.4727539938069,5.68E-34,2.47281167534521,7.63E-34,2.47286862924111,1.59E-33,2.47274439421298,5.80E-33,2.47281501017629,1.58E-32
,,,,,,,,,,,,2.47751595976546,5.74E-34,2.47755404180732,5.67E-34,2.47761172334567,7.63E-34,2.4776686772415,1.59E-33,2.4775444422136,5.80E-33,2.47761505817675,1.58E-32
,,,,,,,,,,,,2.48231600776597,5.73E-34,2.48235408980781,5.66E-34,2.48241177134621,7.62E-34,2.48246872524206,1.59E-33,2.482344490214,5.80E-33,2.48241510617716,1.58E-32
,,,,,,,,,,,,2.4871160557664,5.71E-34,2.48715413780831,5.65E-34,2.48721181934662,7.62E-34,2.48726877324254,1.59E-33,2.48714453821445,5.80E-33,2.48721515417777,1.58E-32
,,,,,,,,,,,,2.49191610376692,5.70E-34,2.49195418580875,5.64E-34,2.49201186734713,7.61E-34,2.49206882124293,1.59E-33,2.49194458621503,5.80E-33,2.49201520217817,1.58E-32
,,,,,,,,,,,,2.4967161517674,5.68E-34,2.49675423380927,5.63E-34,2.49681191534764,7.61E-34,2.49686886924349,1.59E-33,2.49674463421541,5.80E-33,2.49681525017862,1.58E-32
,,,,,,,,,,,,2.50151619976782,5.67E-34,2.50155428180975,5.62E-34,2.50161196334803,7.60E-34,2.50166891724397,1.59E-33,2.50154468221591,5.80E-33,2.50161529817921,1.58E-32
,,,,,,,,,,,,2.5063162477684,5.66E-34,2.50635432981016,5.61E-34,2.50641201134861,7.60E-34,2.50646896524436,1.59E-33,2.50634473021647,5.80E-33,2.50641534617959,1.58E-32
,,,,,,,,,,,,2.51111629576884,5.64E-34,2.51115437781074,5.60E-34,2.51121205934907,7.59E-34,2.51126901324497,1.59E-33,2.51114477821685,5.80E-33,2.51121539418006,1.58E-32
,,,,,,,,,,,,2.51591634376923,5.63E-34,2.51595442581118,5.59E-34,2.51601210734946,7.58E-34,2.51606906124538,1.59E-33,2.51594482621736,5.80E-33,2.51601544218065,1.58E-32
,,,,,,,,,,,,2.52071639176987,5.62E-34,2.52075447381157,5.58E-34,2.52081215535007,7.58E-34,2.52086910924583,1.59E-33,2.5207448742179,5.80E-33,2.52081549018103,1.58E-32
,,,,,,,,,,,,2.52551643977027,5.60E-34,2.52555452181221,5.58E-34,2.52561220335051,7.57E-34,2.5256691572464,1.59E-33,2.52554492221828,5.80E-33,2.52561553818152,1.58E-32
,,,,,,,,,,,,2.53031648777066,5.59E-34,2.53035456981261,5.57E-34,2.5304122513509,7.57E-34,2.5304692052468,1.59E-33,2.53034497021881,5.80E-33,2.53041558618208,1.58E-32
,,,,,,,,,,,,2.53511653577131,5.58E-34,2.535154617813,5.56E-34,2.5352122993515,7.56E-34,2.53526925324729,1.59E-33,2.53514501821933,5.80E-33,2.53521563418246,1.58E-32
,,,,,,,,,,,,2.5399165837717,5.56E-34,2.53995466581366,5.55E-34,2.54001234735194,7.56E-34,2.54006930124784,1.59E-33,2.53994506621971,5.80E-33,2.54001568218298,1.58E-32
,,,,,,,,,,,,2.54471663177214,5.55E-34,2.54475471381405,5.54E-34,2.54481239535235,7.55E-34,2.54486934924823,1.58E-33,2.54474511422026,5.80E-33,2.5448157301835,1.58E-32
,,,,,,,,,,,,2.54951667977272,5.54E-34,2.54955476181448,5.53E-34,2.54961244335294,7.55E-34,2.54966939724874,1.58E-33,2.54954516222075,5.80E-33,2.54961577818389,1.58E-32
,,,,,,,,,,,,2.55431672777315,5.52E-34,2.55435480981507,5.52E-34,2.55441249135337,7.54E-34,2.55446944524927,1.58E-33,2.55434521022115,5.80E-33,2.55441582618443,1.58E-32
,,,,,,,,,,,,2.55911677577361,5.51E-34,2.55915485781549,5.51E-34,2.55921253935382,7.54E-34,2.55926949324966,1.58E-33,2.55914525822174,5.80E-33,2.55921587418491,1.58E-32
,,,,,,,,,,,,2.56391682377415,5.50E-34,2.56395490581595,5.50E-34,2.56401258735437,7.53E-34,2.5640695412502,1.58E-33,2.56394530622216,5.80E-33,2.56401592218533,1.58E-32
,,,,,,,,,,,,2.56871687177457,5.48E-34,2.56875495381649,5.49E-34,2.56881263535478,7.53E-34,2.56886958925071,1.58E-33,2.5687453542226,5.80E-33,2.56881597018591,1.58E-32
,,,,,,,,,,,,2.57351691977506,5.47E-34,2.57355500181691,5.49E-34,2.57361268335528,7.52E-34,2.5736696372511,1.58E-33,2.5735454022232,5.80E-33,2.57361601818632,1.58E-32
,,,,,,,,,,,,2.57831696777558,5.46E-34,2.57835504981741,5.48E-34,2.5784127313558,7.52E-34,2.57846968525166,1.58E-33,2.57834545022358,5.80E-33,2.57841606618677,1.58E-32
,,,,,,,,,,,,2.58311701577598,5.45E-34,2.58315509781792,5.47E-34,2.58321277935619,7.51E-34,2.58326973325214,1.58E-33,2.58314549822406,5.80E-33,2.58321611418738,1.58E-32
,,,,,,,,,,,,2.58791706377654,5.43E-34,2.58795514581833,5.46E-34,2.58801282735676,7.51E-34,2.58806978125253,1.58E-33,2.58794554622463,5.80E-33,2.58801616218776,1.58E-32
,,,,,,,,,,,,2.59271711177701,5.42E-34,2.59275519381889,5.45E-34,2.59281287535724,7.50E-34,2.59286982925312,1.58E-33,2.59274559422502,5.80E-33,2.59281621018822,1.58E-32
,,,,,,,,,,,,2.59751715977739,5.41E-34,2.59755524181936,5.44E-34,2.59761292335763,7.50E-34,2.59766987725355,1.58E-33,2.5975456422255,5.80E-33,2.59761625818881,1.58E-32
,,,,,,,,,,,,2.60231720777801,5.40E-34,2.60235528981974,5.43E-34,2.60241297135821,7.49E-34,2.60246992525397,1.58E-33,2.60234569022607,5.80E-33,2.6024163061892,1.58E-32
,,,,,,,,,,,,2.60711725577845,5.38E-34,2.60715533782035,5.43E-34,2.60721301935867,7.49E-34,2.60726997325458,1.58E-33,2.60714573822646,5.80E-33,2.60721635418966,1.58E-32
,,,,,,,,,,,,2.61191730377883,5.37E-34,2.61195538582079,5.42E-34,2.61201306735906,7.48E-34,2.61207002125496,1.58E-33,2.61194578622695,5.80E-33,2.61201640219024,1.58E-32
,,,,,,,,,,,,2.61671735177944,5.36E-34,2.61675543382117,5.41E-34,2.61681311535966,7.48E-34,2.61687006925544,1.58E-33,2.6167458342275,5.80E-33,2.61681645019064,1.58E-32
,,,,,,,,,,,,2.62151739977988,5.35E-34,2.62155548182179,5.40E-34,2.62161316336012,7.47E-34,2.62167011725601,1.58E-33,2.62154588222789,5.80E-33,2.62161649819112,1.58E-32
,,,,,,,,,,,,2.62631744778028,5.34E-34,2.62635552982222,5.39E-34,2.6264132113605,7.47E-34,2.62647016525639,1.58E-33,2.62634593022842,5.79E-33,2.62641654619167,1.58E-32
,,,,,,,,,,,,2.63111749578088,5.32E-34,2.63115557782263,5.38E-34,2.63121325936111,7.47E-34,2.63127021325689,1.58E-33,2.63114597822891,5.79E-33,2.63121659419207,1.58E-32
,,,,,,,,,,,,2.63591754378131,5.31E-34,2.63595562582322,5.38E-34,2.63601330736154,7.46E-34,2.63607026125745,1.58E-33,2.63594602622932,5.79E-33,2.63601664219258,1.58E-32
,,,,,,,,,,,,2.64071759178176,5.30E-34,2.64075567382366,5.37E-34,2.64081335536196,7.46E-34,2.64087030925783,1.58E-33,2.64074607422988,5.79E-33,2.64081669019308,1.58E-32
,,,,,,,,,,,,2.64551763978231,5.29E-34,2.6455557218241,5.36E-34,2.64561340336255,7.45E-34,2.64567035725833,1.58E-33,2.64554612223032,5.79E-33,2.6456167381935,1.58E-32
,,,,,,,,,,,,2.65031768778272,5.28E-34,2.65035576982465,5.35E-34,2.65041345136295,7.45E-34,2.65047040525888,1.58E-33,2.65034617023076,5.79E-33,2.65041678619405,1.58E-32
,,,,,,,,,,,,2.65511773578323,5.27E-34,2.65515581782507,5.34E-34,2.65521349936343,7.44E-34,2.65527045325926,1.58E-33,2.65514621823135,5.79E-33,2.6552168341945,1.58E-32
,,,,,,,,,,,,2.65991778378374,5.25E-34,2.65995586582557,5.34E-34,2.66001354736398,7.44E-34,2.66007050125981,1.58E-33,2.65994626623175,5.79E-33,2.66001688219492,1.58E-32
,,,,,,,,,,,,2.66471783178415,5.24E-34,2.66475591382609,5.33E-34,2.66481359536436,7.43E-34,2.66487054926029,1.58E-33,2.6647463142322,5.79E-33,2.66481693019552,1.58E-32
,,,,,,,,,,,,2.6695178797847,5.23E-34,2.66955596182649,5.32E-34,2.6696136433649,7.43E-34,2.66967059726071,1.58E-33,2.6695463622328,5.79E-33,2.66961697819593,1.58E-32
,,,,,,,,,,,,2.67431792778518,5.22E-34,2.67435600982704,5.31E-34,2.67441369136541,7.42E-34,2.67447064526127,1.58E-33,2.67434641023319,5.79E-33,2.67441702619636,1.58E-32
,,,,,,,,,,,,2.67911797578557,5.21E-34,2.67915605782752,5.30E-34,2.67921373936579,7.42E-34,2.6792706932617,1.58E-33,2.67914645823365,5.79E-33,2.67921707419698,1.58E-32
,,,,,,,,,,,,2.68391802378615,5.20E-34,2.68395610582791,5.30E-34,2.68401378736634,7.42E-34,2.68407074126214,1.58E-33,2.68394650623423,5.79E-33,2.68401712219737,1.58E-32
,,,,,,,,,,,,2.68871807178661,5.19E-34,2.6887561538285,5.29E-34,2.68881383536685,7.41E-34,2.68887078926273,1.58E-33,2.68874655423462,5.79E-33,2.6888171701978,1.58E-32
,,,,,,,,,,,,2.693518119787,5.17E-34,2.69355620182896,5.28E-34,2.69361388336723,7.41E-34,2.69367083726314,1.58E-33,2.6935466022351,5.79E-33,2.69361721819841,1.58E-32
,,,,,,,,,,,,2.6983181677876,5.16E-34,2.69835624982935,5.27E-34,2.6984139313678,7.40E-34,2.6984708852636,1.58E-33,2.69834665023566,5.79E-33,2.6984172661988,1.58E-32
,,,,,,,,,,,,2.70311821578804,5.15E-34,2.70315629782994,5.27E-34,2.70321397936828,7.40E-34,2.70327093326418,1.58E-33,2.70314669823606,5.79E-33,2.70321731419927,1.58E-32
,,,,,,,,,,,,2.70791826378844,5.14E-34,2.70795634583039,5.26E-34,2.70801402736867,7.39E-34,2.70807098126457,1.58E-33,2.70794674623658,5.79E-33,2.70801736219983,1.58E-32
,,,,,,,,,,,,2.71271831178904,5.13E-34,2.71275639383078,5.25E-34,2.71281407536926,7.39E-34,2.71287102926503,1.57E-33,2.71274679423707,5.79E-33,2.71281741020023,1.58E-32
,,,,,,,,,,,,2.71751835978948,5.12E-34,2.71755644183139,5.24E-34,2.71761412336969,7.39E-34,2.71767107726561,1.57E-33,2.71754684223749,5.79E-33,2.71761745820075,1.58E-32
,,,,,,,,,,,,2.7223184077899,5.11E-34,2.72235648983182,5.24E-34,2.72241417137012,7.38E-34,2.722471125266,1.57E-33,2.72234689023804,5.79E-33,2.72241750620124,1.58E-32
,,,,,,,,,,,,2.72711845579048,5.10E-34,2.72715653783225,5.23E-34,2.72721421937071,7.38E-34,2.72727117326647,1.57E-33,2.72714693823849,5.79E-33,2.72721755420167,1.58E-32
,,,,,,,,,,,,2.73191850379089,5.09E-34,2.73195658583282,5.22E-34,2.73201426737111,7.37E-34,2.73207122126705,1.57E-33,2.73194698623892,5.79E-33,2.73201760220221,1.58E-32
,,,,,,,,,,,,2.73671855179138,5.08E-34,2.73675663383323,5.21E-34,2.7368143153716,7.37E-34,2.73687126926744,1.57E-33,2.73674703423951,5.79E-33,2.73681765020266,1.58E-32
,,,,,,,,,,,,2.74151859979191,5.07E-34,2.74155668183373,5.21E-34,2.74161436337215,7.36E-34,2.74167131726795,1.57E-33,2.74154708223992,5.79E-33,2.74161769820309,1.58E-32
,,,,,,,,,,,,2.74631864779231,5.06E-34,2.74635672983425,5.20E-34,2.74641441137254,7.36E-34,2.74647136526846,1.57E-33,2.74634713024034,5.79E-33,2.74641774620367,1.58E-32
,,,,,,,,,,,,2.75111869579284,5.05E-34,2.75115677783466,5.19E-34,2.75121445937304,7.36E-34,2.75127141326887,1.57E-33,2.75114717824097,5.79E-33,2.7512177942041,1.58E-32
,,,,,,,,,,,,2.75591874379334,5.03E-34,2.75595682583518,5.18E-34,2.75601450737358,7.35E-34,2.75607146126941,1.57E-33,2.75594722624135,5.79E-33,2.7560178422045,1.58E-32
,,,,,,,,,,,,2.76071879179373,5.02E-34,2.76075687383569,5.18E-34,2.76081455537397,7.35E-34,2.76087150926988,1.57E-33,2.76074727424178,5.79E-33,2.76081789020515,1.58E-32
,,,,,,,,,,,,2.76551883979429,5.01E-34,2.76555692183608,5.17E-34,2.76561460337449,7.34E-34,2.7656715572703,1.57E-33,2.76554732224241,5.79E-33,2.76561793820553,1.58E-32
,,,,,,,,,,,,2.77031888779479,5.00E-34,2.77035696983664,5.16E-34,2.77041465137501,7.34E-34,2.77047160527088,1.57E-33,2.7703473702428,5.79E-33,2.77041798620595,1.58E-32
,,,,,,,,,,,,2.77511893579517,4.99E-34,2.77515701783713,5.16E-34,2.7752146993754,7.34E-34,2.7752716532713,1.57E-33,2.77514741824325,5.79E-33,2.77521803420658,1.58E-32
,,,,,,,,,,,,2.77991898379575,4.98E-34,2.77995706583751,5.15E-34,2.78001474737594,7.33E-34,2.78007170127174,1.57E-33,2.77994746624382,5.79E-33,2.78001808220698,1.58E-32
,,,,,,,,,,,,2.78471903179622,4.97E-34,2.78475711383809,5.14E-34,2.78481479537645,7.33E-34,2.78487174927236,1.57E-33,2.78474751424423,5.79E-33,2.78481813020741,1.58E-32
,,,,,,,,,,,,2.7895190797966,4.96E-34,2.78955716183857,5.14E-34,2.78961484337684,7.32E-34,2.78967179727274,1.57E-33,2.78954756224472,5.79E-33,2.78961817820799,1.58E-32
,,,,,,,,,,,,2.7943191277972,4.95E-34,2.79435720983894,5.13E-34,2.7944148913774,7.32E-34,2.79447184527317,1.57E-33,2.79434761024524,5.79E-33,2.79441822620841,1.58E-32
,,,,,,,,,,,,2.79911917579764,4.94E-34,2.79915725783954,5.12E-34,2.79921493937787,7.32E-34,2.79927189327379,1.57E-33,2.79914765824567,5.79E-33,2.79921827420889,1.58E-32
,,,,,,,,,,,,2.80391922379805,4.93E-34,2.80395730583999,5.12E-34,2.80401498737827,7.31E-34,2.80407194127417,1.57E-33,2.80394770624618,5.79E-33,2.80401832220941,1.58E-32
,,,,,,,,,,,,2.80871927179865,4.92E-34,2.80875735384039,5.11E-34,2.80881503537887,7.31E-34,2.80887198927463,1.57E-33,2.80874775424666,5.79E-33,2.80881837020984,1.58E-32
,,,,,,,,,,,,2.81351931979905,4.91E-34,2.813557401841,5.10E-34,2.81361508337928,7.31E-34,2.81367203727521,1.57E-33,2.81354780224709,5.79E-33,2.81361841821035,1.58E-32
,,,,,,,,,,,,2.81831936779952,4.90E-34,2.8183574498414,5.10E-34,2.81841513137974,7.30E-34,2.8184720852756,1.57E-33,2.81834785024765,5.79E-33,2.81841846621084,1.58E-32
,,,,,,,,,,,,2.82311941580009,4.89E-34,2.82315749784187,5.09E-34,2.82321517938032,7.30E-34,2.82327213327611,1.57E-33,2.8231478982481,5.79E-33,2.82321851421126,1.58E-32
,,,,,,,,,,,,2.82791946380046,4.89E-34,2.82795754584243,5.08E-34,2.8280152273807,7.29E-34,2.82807218127662,1.57E-33,2.8279479462485,5.79E-33,2.82801856221182,1.58E-32
,,,,,,,,,,,,2.83271951180098,4.88E-34,2.83275759384281,5.08E-34,2.83281527538118,7.29E-34,2.83287222927704,1.57E-33,2.83274799424913,5.79E-33,2.83281861021228,1.58E-32
,,,,,,,,,,,,2.83751955980152,4.87E-34,2.83755764184333,5.07E-34,2.83761532338176,7.29E-34,2.83767227727756,1.57E-33,2.83754804224953,5.79E-33,2.83761865821267,1.58E-32
,,,,,,,,,,,,2.84231960780191,4.86E-34,2.84235768984386,5.06E-34,2.84241537138213,7.28E-34,2.84247232527803,1.57E-33,2.84234809024992,5.79E-33,2.8424187062133,1.58E-32
,,,,,,,,,,,,2.84711965580243,4.85E-34,2.84715773784425,5.06E-34,2.84721541938263,7.28E-34,2.84727237327847,1.57E-33,2.84714813825057,5.79E-33,2.84721875421371,1.58E-32
,,,,,,,,,,,,2.85191970380295,4.84E-34,2.85195778584477,5.05E-34,2.85201546738319,7.28E-34,2.85207242127903,1.57E-33,2.85194818625096,5.79E-33,2.85201880221409,1.58E-32
,,,,,,,,,,,,2.85671975180334,4.83E-34,2.8567578338453,5.04E-34,2.85681551538357,7.27E-34,2.85687246927947,1.57E-33,2.85674823425139,5.79E-33,2.85681885021474,1.58E-32
,,,,,,,,,,,,2.86151979980389,4.82E-34,2.86155788184569,5.04E-34,2.8616155633841,7.27E-34,2.86167251727988,1.57E-33,2.86154828225198,5.79E-33,2.86161889821514,1.58E-32
,,,,,,,,,,,,2.86631984780439,4.81E-34,2.86635792984624,5.03E-34,2.86641561138461,7.26E-34,2.86647256528051,1.57E-33,2.8663483302524,5.79E-33,2.86641894621556,1.58E-32
,,,,,,,,,,,,2.87111989580478,4.80E-34,2.87115797784673,5.02E-34,2.871215659385,7.26E-34,2.87127261328091,1.57E-33,2.87114837825287,5.79E-33,2.87121899421615,1.58E-32
,,,,,,,,,,,,2.87591994380534,4.79E-34,2.87595802584712,5.02E-34,2.87601570738555,7.26E-34,2.8760726612813,1.57E-33,2.87594842625341,5.79E-33,2.87601904221658,1.58E-32
,,,,,,,,,,,,2.88071999180581,4.78E-34,2.88075807384768,5.01E-34,2.88081575538602,7.25E-34,2.88087270928195,1.57E-33,2.88074847425383,5.79E-33,2.88081909021703,1.58E-32
,,,,,,,,,,,,2.88552003980621,4.77E-34,2.88555812184815,5.00E-34,2.88561580338644,7.25E-34,2.88567275728235,1.57E-33,2.88554852225432,5.79E-33,2.88561913821757,1.58E-32
,,,,,,,,,,,,2.89032008780681,4.76E-34,2.89035816984855,5.00E-34,2.89041585138702,7.25E-34,2.89047280528277,1.57E-33,2.89034857025483,5.79E-33,2.89041918621801,1.58E-32
,,,,,,,,,,,,2.89512013580722,4.76E-34,2.89515821784915,4.99E-34,2.89521589938743,7.24E-34,2.89527285328338,1.57E-33,2.89514861825525,5.79E-33,2.89521923421849,1.58E-32
,,,,,,,,,,,,2.89992018380768,4.75E-34,2.89995826584956,4.99E-34,2.90001594738788,7.24E-34,2.90007290128378,1.57E-33,2.8999486662558,5.79E-33,2.90001928221901,1.58E-32
,,,,,,,,,,,,2.90472023180825,4.74E-34,2.90475831385002,4.98E-34,2.90481599538849,7.24E-34,2.90487294928425,1.57E-33,2.90474871425626,5.79E-33,2.90481933021942,1.58E-32
,,,,,,,,,,,,2.90952027980864,4.73E-34,2.9095583618506,4.97E-34,2.90961604338888,7.23E-34,2.90967299728479,1.57E-33,2.90954876225666,5.79E-33,2.90961937821997,1.58E-32
,,,,,,,,,,,,2.91432032780912,4.72E-34,2.91435840985099,4.97E-34,2.91441609138931,7.23E-34,2.91447304528521,1.57E-33,2.91434881025728,5.79E-33,2.91441942622044,1.58E-32
,,,,,,,,,,,,2.91912037580968,4.71E-34,2.91915845785147,4.96E-34,2.91921613938992,7.23E-34,2.91927309328571,1.57E-33,2.91914885825769,5.78E-33,2.91921947422083,1.58E-32
,,,,,,,,,,,,2.92392042381007,4.70E-34,2.92395850585203,4.96E-34,2.92401618739031,7.22E-34,2.92407314128621,1.56E-33,2.92394890625809,5.78E-33,2.92401952222145,1.58E-32
,,,,,,,,,,,,2.92872047181057,4.69E-34,2.92875855385242,4.95E-34,2.92881623539077,7.22E-34,2.92887318928663,1.56E-33,2.92874895425873,5.78E-33,2.92881957022187,1.58E-32
,,,,,,,,,,,,2.93352051981112,4.69E-34,2.93355860185291,4.94E-34,2.93361628339135,7.22E-34,2.93367323728717,1.56E-33,2.93354900225913,5.78E-33,2.93361961822226,1.58E-32
,,,,,,,,,,,,2.93832056781151,4.68E-34,2.93835864985346,4.94E-34,2.93841633139174,7.21E-34,2.93847328528764,1.56E-33,2.93834905025954,5.78E-33,2.93841966622288,1.58E-32
,,,,,,,,,,,,2.94312061581202,4.67E-34,2.94315869785385,4.93E-34,2.94321637939224,7.21E-34,2.94327333328805,1.56E-33,2.94314909826015,5.78E-33,2.94321971422331,1.58E-32
,,,,,,,,,,,,2.94792066381256,4.66E-34,2.94795874585437,4.93E-34,2.94801642739278,7.21E-34,2.94807338128865,1.56E-33,2.94794914626056,5.78E-33,2.94801976222371,1.58E-32
,,,,,,,,,,,,2.95272071181294,4.65E-34,2.95275879385491,4.92E-34,2.95281647539318,7.20E-34,2.95287342928908,1.56E-33,2.95274919426102,5.78E-33,2.95281981022432,1.58E-32
,,,,,,,,,,,,2.95752075981348,4.64E-34,2.95755884185529,4.92E-34,2.95761652339369,7.20E-34,2.95767347728946,1.56E-33,2.95754924226156,5.78E-33,2.95761985822474,1.58E-32
,,,,,,,,,,,,2.96232080781397,4.63E-34,2.96235888985582,4.91E-34,2.96241657139419,7.20E-34,2.96247352529012,1.56E-33,2.962349290262,5.78E-33,2.96241990622519,1.58E-32
,,,,,,,,,,,,2.96712085581438,4.63E-34,2.96715893785632,4.90E-34,2.96721661939461,7.19E-34,2.96727357329051,1.56E-33,2.96714933826249,5.78E-33,2.96721995422574,1.58E-32
,,,,,,,,,,,,2.97192090381496,4.62E-34,2.97195898585672,4.90E-34,2.97201666739516,7.19E-34,2.97207362129091,1.56E-33,2.97194938626299,5.78E-33,2.97202000222616,1.58E-32
,,,,,,,,,,,,2.97672095181538,4.61E-34,2.9767590338573,4.89E-34,2.97681671539561,7.19E-34,2.97687366929154,1.56E-33,2.97674943426341,5.78E-33,2.97682005022666,1.58E-32
,,,,,,,,,,,,2.98152099981582,4.60E-34,2.98155908185773,4.89E-34,2.98161676339603,7.18E-34,2.98167371729194,1.56E-33,2.98154948226394,5.78E-33,2.98162009822717,1.58E-32
,,,,,,,,,,,,2.98632104781643,4.59E-34,2.98635912985816,4.88E-34,2.98641681139664,7.18E-34,2.98647376529239,1.56E-33,2.98634953026444,5.78E-33,2.98642014622757,1.58E-32
,,,,,,,,,,,,2.99112109581681,4.59E-34,2.99115917785877,4.88E-34,2.99121685939704,7.18E-34,2.99127381329295,1.56E-33,2.99114957826482,5.78E-33,2.99122019422811,1.58E-32
,,,,,,,,,,,,2.99592114381727,4.58E-34,2.99595922585915,4.87E-34,2.99601690739747,7.17E-34,2.99607386129338,1.56E-33,2.99594962626542,5.78E-33,2.99602024222862,1.58E-32
,,,,,,,,,,,,3.00072119181786,4.57E-34,3.00075927385961,4.86E-34,3.00081695539809,7.17E-34,3.00087390929387,1.56E-33,3.00074967426587,5.78E-33,3.000820290229,1.58E-32
,,,,,,,,,,,,3.00552123981824,4.56E-34,3.00555932186021,4.86E-34,3.00561700339848,7.17E-34,3.00567395729437,1.56E-33,3.00554972226625,5.78E-33,3.00562033822958,1.58E-32
,,,,,,,,,,,,3.01032128781871,4.55E-34,3.01035936986058,4.85E-34,3.0104170513989,7.16E-34,3.0104740052948,1.56E-33,3.01034977026688,5.78E-33,3.01042038623005,1.58E-32
,,,,,,,,,,,,3.01512133581929,4.55E-34,3.01515941786105,4.85E-34,3.01521709939953,7.16E-34,3.01527405329533,1.56E-33,3.0151498182673,5.78E-33,3.01522043423043,1.58E-32
,,,,,,,,,,,,3.01992138381967,4.54E-34,3.01995946586164,4.84E-34,3.02001714739991,7.16E-34,3.02007410129581,1.56E-33,3.01994986626768,5.78E-33,3.02002048223104,1.58E-32
,,,,,,,,,,,,3.02472143182018,4.53E-34,3.02475951386202,4.84E-34,3.02481719540038,7.16E-34,3.02487414929621,1.56E-33,3.02474991426831,5.78E-33,3.02482053023148,1.58E-32
,,,,,,,,,,,,3.02952147982072,4.52E-34,3.02955956186252,4.83E-34,3.02961724340094,7.15E-34,3.02967419729681,1.56E-33,3.02954996226874,5.78E-33,3.02962057823186,1.58E-32
,,,,,,,,,,,,3.03432152782111,4.51E-34,3.03435960986306,4.83E-34,3.03441729140134,7.15E-34,3.03447424529724,1.56E-33,3.03435001026916,5.78E-33,3.03442062623247,1.58E-32
,,,,,,,,,,,,3.03912157582165,4.51E-34,3.03915965786345,4.82E-34,3.03921733940186,7.15E-34,3.03927429329763,1.56E-33,3.03915005826974,5.78E-33,3.03922067423292,1.58E-32
,,,,,,,,,,,,3.04392162382213,4.50E-34,3.04395970586399,4.82E-34,3.04401738740235,7.14E-34,3.04407434129826,1.56E-33,3.04395010627016,5.78E-33,3.04402072223333,1.58E-32
,,,,,,,,,,,,3.04872167182254,4.49E-34,3.04875975386447,4.81E-34,3.04881743540278,7.14E-34,3.04887438929868,1.56E-33,3.04875015427063,5.78E-33,3.04882077023391,1.58E-32
,,,,,,,,,,,,3.0535217198231,4.48E-34,3.05355980186489,4.81E-34,3.05361748340332,7.14E-34,3.05367443729907,1.56E-33,3.05355020227117,5.78E-33,3.05362081823433,1.58E-32
,,,,,,,,,,,,3.05832176782355,4.48E-34,3.05835984986545,4.80E-34,3.05841753140377,7.13E-34,3.0584744852997,1.56E-33,3.05835025027157,5.78E-33,3.0584208662348,1.58E-32
,,,,,,,,,,,,3.06312181582397,4.47E-34,3.06315989786589,4.79E-34,3.0632175794042,7.13E-34,3.06327453330011,1.56E-33,3.06315029827209,5.78E-33,3.06322091423535,1.58E-32
,,,,,,,,,,,,3.06792186382458,4.46E-34,3.06795994586632,4.79E-34,3.06801762740479,7.13E-34,3.06807458130055,1.56E-33,3.0679503462726,5.78E-33,3.06802096223574,1.58E-32
,,,,,,,,,,,,3.07272191182498,4.45E-34,3.07275999386693,4.78E-34,3.07281767540521,7.13E-34,3.07287462930111,1.56E-33,3.07275039427298,5.78E-33,3.07282101023625,1.58E-32
,,,,,,,,,,,,3.07752195982542,4.45E-34,3.07756004186733,4.78E-34,3.07761772340561,7.12E-34,3.07767467730154,1.56E-33,3.07755044227357,5.78E-33,3.07762105823678,1.58E-32
,,,,,,,,,,,,3.08232200782603,4.44E-34,3.08236008986776,4.77E-34,3.08241777140626,7.12E-34,3.08247472530201,1.56E-33,3.08235049027404,5.78E-33,3.08242110623716,1.58E-32
,,,,,,,,,,,,3.08712205582642,4.43E-34,3.08716013786837,4.77E-34,3.08721781940664,7.12E-34,3.08727477330255,1.56E-33,3.08715053827442,5.78E-33,3.08722115423772,1.58E-32
,,,,,,,,,,,,3.09192210382685,4.42E-34,3.09196018586876,4.76E-34,3.09201786740705,7.11E-34,3.09207482130295,1.56E-33,3.09195058627502,5.78E-33,3.09202120223822,1.58E-32
,,,,,,,,,,,,3.09672215182746,4.42E-34,3.0967602338692,4.76E-34,3.09681791540768,7.11E-34,3.09687486930347,1.56E-33,3.09675063427547,5.78E-33,3.09682125023859,1.58E-32
,,,,,,,,,,,,3.10152219982785,4.41E-34,3.1015602818698,4.75E-34,3.10161796340808,7.11E-34,3.10167491730398,1.56E-33,3.10155068227585,5.78E-33,3.10162129823918,1.58E-32
,,,,,,,,,,,,3.10632224782832,4.40E-34,3.10636032987019,4.75E-34,3.10641801140853,7.11E-34,3.10647496530438,1.56E-33,3.10635073027646,5.78E-33,3.10642134623965,1.58E-32
,,,,,,,,,,,,3.11112229582888,4.39E-34,3.11116037787066,4.74E-34,3.1112180594091,7.10E-34,3.11127501330495,1.56E-33,3.1111507782769,5.78E-33,3.11122139424003,1.58E-32
,,,,,,,,,,,,3.11592234382928,4.39E-34,3.11596042587123,4.74E-34,3.11601810740951,7.10E-34,3.11607506130542,1.56E-33,3.11595082627732,5.78E-33,3.11602144224061,1.58E-32
,,,,,,,,,,,,3.12072239182979,4.38E-34,3.12076047387163,4.73E-34,3.12081815541,7.10E-34,3.1208751093058,1.56E-33,3.1207508742779,5.78E-33,3.12082149024108,1.58E-32
,,,,,,,,,,,,3.12552243983029,4.37E-34,3.12556052187213,4.73E-34,3.12561820341052,7.09E-34,3.1256751573064,1.56E-33,3.12555092227833,5.78E-33,3.12562153824148,1.58E-32
,,,,,,,,,,,,3.13032248783072,4.37E-34,3.13036056987264,4.72E-34,3.13041825141094,7.09E-34,3.13047520530685,1.56E-33,3.13035097027878,5.78E-33,3.13042158624208,1.58E-32
,,,,,,,,,,,,3.13512253583124,4.36E-34,3.13516061787306,4.72E-34,3.13521829941146,7.09E-34,3.13527525330723,1.56E-33,3.13515101827933,5.78E-33,3.13522163424249,1.58E-32
,,,,,,,,,,,,3.13992258383171,4.35E-34,3.13996066587359,4.71E-34,3.14001834741195,7.09E-34,3.14007530130784,1.56E-33,3.13995106627974,5.78E-33,3.14002168224295,1.58E-32
,,,,,,,,,,,,3.14472263183214,4.34E-34,3.14476071387406,4.71E-34,3.14481839541236,7.08E-34,3.14487534930829,1.56E-33,3.14475111428024,5.78E-33,3.14482173024351,1.58E-32
,,,,,,,,,,,,3.14952267983272,4.34E-34,3.14956076187448,4.70E-34,3.14961844341294,7.08E-34,3.14967539730869,1.56E-33,3.14955116228077,5.78E-33,3.1496217782439,1.58E-32
,,,,,,,,,,,,3.15432272783315,4.33E-34,3.15436080987507,4.70E-34,3.15441849141338,7.08E-34,3.15447544530928,1.56E-33,3.15435121028116,5.78E-33,3.15442182624441,1.58E-32
,,,,,,,,,,,,3.15912277583355,4.32E-34,3.15916085787549,4.70E-34,3.15921853941378,7.07E-34,3.15927549330971,1.56E-33,3.15915125828171,5.78E-33,3.15922187424495,1.58E-32
,,,,,,,,,,,,3.1639228238342,4.32E-34,3.16396090587589,4.69E-34,3.1640185874144,7.07E-34,3.16407554131016,1.56E-33,3.1639513062822,5.78E-33,3.16402192224534,1.58E-32
,,,,,,,,,,,,3.16872287183458,4.31E-34,3.16876095387655,4.69E-34,3.16881863541482,7.07E-34,3.16887558931072,1.56E-33,3.16875135428259,5.78E-33,3.16882197024586,1.58E-32
,,,,,,,,,,,,3.17352291983498,4.30E-34,3.17356100187693,4.68E-34,3.1736186834152,7.07E-34,3.17367563731112,1.56E-33,3.17355140228315,5.78E-33,3.17362201824638,1.58E-32
,,,,,,,,,,,,3.17832296783564,4.30E-34,3.17836104987733,4.68E-34,3.17841873141585,7.06E-34,3.17847568531162,1.56E-33,3.17835145028364,5.78E-33,3.17842206624677,1.58E-32
,,,,,,,,,,,,3.18312301583601,4.29E-34,3.18316109787798,4.67E-34,3.18321877941625,7.06E-34,3.18327573331215,1.56E-33,3.18315149828403,5.78E-33,3.18322211424731,1.58E-32
,,,,,,,,,,,,3.18792306383647,4.28E-34,3.18796114587836,4.67E-34,3.18801882741668,7.06E-34,3.18807578131253,1.56E-33,3.1879515462846,5.78E-33,3.18802216224781,1.58E-32
,,,,,,,,,,,,3.19272311183705,4.28E-34,3.19276119387882,4.66E-34,3.19281887541726,7.06E-34,3.1928758293131,1.55E-33,3.19275159428507,5.78E-33,3.1928222102482,1.58E-32
,,,,,,,,,,,,3.19752315983745,4.27E-34,3.19756124187939,4.66E-34,3.19761892341769,7.05E-34,3.19767587731358,1.55E-33,3.19755164228546,5.78E-33,3.19762225824877,1.58E-32
,,,,,,,,,,,,3.20232320783794,4.26E-34,3.20236128987979,4.65E-34,3.20241897141814,7.05E-34,3.20247592531397,1.55E-33,3.20235169028608,5.78E-33,3.20242230624924,1.58E-32
,,,,,,,,,,,,3.20712325583846,4.26E-34,3.20716133788029,4.65E-34,3.20721901941868,7.05E-34,3.20727597331455,1.55E-33,3.20715173828649,5.78E-33,3.20722235424964,1.58E-32
,,,,,,,,,,,,3.21192330383888,4.25E-34,3.2119613858808,4.64E-34,3.21201906741911,7.05E-34,3.21207602131502,1.55E-33,3.21195178628693,5.78E-33,3.21202240225024,1.58E-32
,,,,,,,,,,,,3.2167233518394,4.24E-34,3.21676143388123,4.64E-34,3.21681911541961,7.04E-34,3.21687606931541,1.55E-33,3.21675183428751,5.78E-33,3.21682245025066,1.58E-32
,,,,,,,,,,,,3.22152339983988,4.24E-34,3.22156148188174,4.64E-34,3.22161916342012,7.04E-34,3.22167611731598,1.55E-33,3.2215518822879,5.78E-33,3.22162249825109,1.58E-32
,,,,,,,,,,,,3.2263234478403,4.23E-34,3.22636152988222,4.63E-34,3.22641921142052,7.04E-34,3.22647616531645,1.55E-33,3.22635193028838,5.78E-33,3.22642254625169,1.58E-32
,,,,,,,,,,,,3.23112349584088,4.22E-34,3.23116157788265,4.63E-34,3.23121925942109,7.04E-34,3.23127621331684,1.55E-33,3.23115197828894,5.78E-33,3.23122259425207,1.58E-32
,,,,,,,,,,,,3.23592354384131,4.22E-34,3.23596162588322,4.62E-34,3.23601930742155,7.03E-34,3.23607626131745,1.55E-33,3.23595202628932,5.78E-33,3.23602264225255,1.58E-32
,,,,,,,,,,,,3.24072359184172,4.21E-34,3.24076167388366,4.62E-34,3.24081935542194,7.03E-34,3.24087630931787,1.55E-33,3.24075207428985,5.78E-33,3.24082269025312,1.58E-32
,,,,,,,,,,,,3.24552363984234,4.20E-34,3.24556172188406,4.61E-34,3.24561940342256,7.03E-34,3.24567635731831,1.55E-33,3.24555212229038,5.78E-33,3.2456227382535,1.58E-32
,,,,,,,,,,,,3.25032368784275,4.20E-34,3.25036176988469,4.61E-34,3.25041945142298,7.03E-34,3.25047640531888,1.55E-33,3.25035217029076,5.78E-33,3.25042278625401,1.58E-32
,,,,,,,,,,,,3.25512373584314,4.19E-34,3.25516181788509,4.60E-34,3.25521949942337,7.02E-34,3.25527645331928,1.55E-33,3.2551522182913,5.78E-33,3.25522283425456,1.58E-32
,,,,,,,,,,,,3.2599237838438,4.19E-34,3.25996186588548,4.60E-34,3.26001954742399,7.02E-34,3.26007650131978,1.55E-33,3.25995226629181,5.78E-33,3.26002288225494,1.58E-32
,,,,,,,,,,,,3.26472383184418,4.18E-34,3.26476191388615,4.60E-34,3.26481959542442,7.02E-34,3.26487654932032,1.55E-33,3.26475231429219,5.78E-33,3.26482293025545,1.58E-32
,,,,,,,,,,,,3.26952387984462,4.17E-34,3.26956196188652,4.59E-34,3.26961964342483,7.02E-34,3.26967659732071,1.55E-33,3.26955236229275,5.78E-33,3.26962297825599,1.58E-32
,,,,,,,,,,,,3.27432392784521,4.17E-34,3.27436200988696,4.59E-34,3.27441969142543,7.01E-34,3.27447664532123,1.55E-33,3.27435241029323,5.78E-33,3.27442302625637,1.58E-32
,,,,,,,,,,,,3.27912397584563,4.16E-34,3.27916205788756,4.58E-34,3.27921973942585,7.01E-34,3.27927669332175,1.55E-33,3.27915245829362,5.78E-33,3.27922307425692,1.58E-32
,,,,,,,,,,,,3.28392402384608,4.16E-34,3.28396210588797,4.58E-34,3.2840197874263,7.01E-34,3.28407674132214,1.55E-33,3.28395250629422,5.78E-33,3.2840231222574,1.58E-32
,,,,,,,,,,,,3.28872407184662,4.15E-34,3.28876215388843,4.57E-34,3.28881983542685,7.01E-34,3.28887678932269,1.55E-33,3.28875255429464,5.78E-33,3.2888231702578,1.58E-32
,,,,,,,,,,,,3.29352411984706,4.14E-34,3.29356220188897,4.57E-34,3.29361988342727,7.00E-34,3.29367683732318,1.55E-33,3.29355260229508,5.78E-33,3.29362321825839,1.58E-32
,,,,,,,,,,,,3.29832416784754,4.14E-34,3.2983622498894,4.57E-34,3.29841993142777,7.00E-34,3.29847688532357,1.55E-33,3.29835265029568,5.78E-33,3.29842326625881,1.58E-32
,,,,,,,,,,,,3.30312421584806,4.13E-34,3.30316229788988,4.56E-34,3.30321997942828,7.00E-34,3.30327693332415,1.55E-33,3.30315269829606,5.78E-33,3.30322331425925,1.58E-32
,,,,,,,,,,,,3.30792426384847,4.12E-34,3.3079623458904,4.56E-34,3.30802002742868,7.00E-34,3.30807698132463,1.55E-33,3.30795274629656,5.78E-33,3.30802336225986,1.58E-32
,,,,,,,,,,,,3.31272431184902,4.12E-34,3.31276239389081,4.55E-34,3.31282007542923,6.99E-34,3.31287702932501,1.55E-33,3.31275279429711,5.78E-33,3.31282341026023,1.58E-32
,,,,,,,,,,,,3.31752435984949,4.11E-34,3.31756244189136,4.55E-34,3.31762012342971,6.99E-34,3.3176770773256,1.55E-33,3.3175528422975,5.78E-33,3.31762345826072,1.58E-32
,,,,,,,,,,,,3.32232440784988,4.11E-34,3.32236248989183,4.55E-34,3.32242017143011,6.99E-34,3.32247712532604,1.55E-33,3.32235289029799,5.78E-33,3.32242350626129,1.58E-32
,,,,,,,,,,,,3.32712445585049,4.10E-34,3.32716253789222,4.54E-34,3.3272202194307,6.99E-34,3.32727717332645,1.55E-33,3.32715293829854,5.78E-33,3.32722355426168,1.58E-32
,,,,,,,,,,,,3.33192450385092,4.10E-34,3.33196258589283,4.54E-34,3.33202026743115,6.99E-34,3.33207722132706,1.55E-33,3.33195298629893,5.78E-33,3.33202360226215,1.58E-32
,,,,,,,,,,,,3.3367245518513,4.09E-34,3.33676263389327,4.53E-34,3.33682031543154,6.98E-34,3.33687726932745,1.55E-33,3.33675303429944,5.78E-33,3.33682365026272,1.58E-32
,,,,,,,,,,,,3.34152459985194,4.08E-34,3.34156268189365,4.53E-34,3.34162036343216,6.98E-34,3.34167731732793,1.55E-33,3.34155308229998,5.77E-33,3.34162369826311,1.58E-32
,,,,,,,,,,,,3.34632464785236,4.08E-34,3.34636272989429,4.53E-34,3.34642041143259,6.98E-34,3.34647736532849,1.55E-33,3.34635313030037,5.77E-33,3.34642374626359,1.58E-32
,,,,,,,,,,,,3.35112469585276,4.07E-34,3.3511627778947,4.52E-34,3.35122045943297,6.98E-34,3.35127741332887,1.55E-33,3.35115317830091,5.77E-33,3.35122379426416,1.58E-32
,,,,,,,,,,,,3.35592474385337,4.07E-34,3.3559628258951,4.52E-34,3.35602050743359,6.97E-34,3.35607746132938,1.55E-33,3.3559532263014,5.77E-33,3.35602384226455,1.58E-32
,,,,,,,,,,,,3.36072479185379,4.06E-34,3.36076287389571,4.51E-34,3.36082055543403,6.97E-34,3.36087750932993,1.55E-33,3.3607532743018,5.77E-33,3.36082389026507,1.58E-32
,,,,,,,,,,,,3.36552483985424,4.05E-34,3.36556292189613,4.51E-34,3.36562060343444,6.97E-34,3.3656775573303,1.55E-33,3.36555332230236,5.77E-33,3.36562393826557,1.58E-32
,,,,,,,,,,,,3.37032488785479,4.05E-34,3.37036296989658,4.51E-34,3.37042065143502,6.97E-34,3.37047760533082,1.55E-33,3.37035337030281,5.77E-33,3.37042398626598,1.58E-32
,,,,,,,,,,,,3.37512493585521,4.04E-34,3.37516301789713,4.50E-34,3.37522069943544,6.97E-34,3.37527765333136,1.55E-33,3.37515341830323,5.77E-33,3.37522403426653,1.58E-32
,,,,,,,,,,,,3.37992498385572,4.04E-34,3.37996306589756,4.50E-34,3.38002074743592,6.96E-34,3.38007770133174,1.55E-33,3.37995346630383,5.77E-33,3.38002408226698,1.58E-32
,,,,,,,,,,,,3.38472503185622,4.03E-34,3.38476311389806,4.49E-34,3.38482079543646,6.96E-34,3.38487774933229,1.55E-33,3.38475351430423,5.77E-33,3.38482413026741,1.58E-32
,,,,,,,,,,,,3.38952507985663,4.03E-34,3.38956316189857,4.49E-34,3.38962084343685,6.96E-34,3.38967779733278,1.55E-33,3.38955356230469,5.77E-33,3.389624178268,1.58E-32
,,,,,,,,,,,,3.39432512785717,4.02E-34,3.39436320989898,4.49E-34,3.39442089143738,6.96E-34,3.39447784533318,1.55E-33,3.39435361030527,5.77E-33,3.39442422626841,1.58E-32
,,,,,,,,,,,,3.39912517585765,4.02E-34,3.39916325789952,4.48E-34,3.39922093943789,6.95E-34,3.39927789333374,1.55E-33,3.39915365830567,5.77E-33,3.39922427426885,1.58E-32
,,,,,,,,,,,,3.40392522385805,4.01E-34,3.4039633059,4.48E-34,3.40402098743827,6.95E-34,3.40407794133419,1.55E-33,3.40395370630614,5.77E-33,3.40402432226945,1.58E-32
,,,,,,,,,,,,3.40872527185864,4.00E-34,3.40876335390039,4.48E-34,3.40882103543883,6.95E-34,3.40887798933462,1.55E-33,3.40875375430671,5.77E-33,3.40882437026984,1.58E-32
,,,,,,,,,,,,3.41352531985909,4.00E-34,3.41356340190098,4.47E-34,3.41362108343932,6.95E-34,3.41367803733521,1.55E-33,3.4135538023071,5.77E-33,3.41362441827029,1.58E-32
,,,,,,,,,,,,3.41832536785948,3.99E-34,3.41836344990143,4.47E-34,3.4184211314397,6.95E-34,3.41847808533561,1.55E-33,3.41835385030758,5.77E-33,3.41842446627089,1.58E-32
,,,,,,,,,,,,3.4231254158601,3.99E-34,3.42316349790182,4.46E-34,3.42322117944029,6.94E-34,3.42327813333608,1.55E-33,3.42315389830815,5.77E-33,3.42322451427128,1.58E-32
,,,,,,,,,,,,3.42792546386052,3.98E-34,3.42796354590244,4.46E-34,3.42802122744076,6.94E-34,3.42807818133666,1.55E-33,3.42795394630853,5.77E-33,3.42802456227175,1.58E-32
,,,,,,,,,,,,3.43272551186091,3.98E-34,3.43276359390287,4.46E-34,3.43282127544115,6.94E-34,3.43287822933705,1.55E-33,3.43275399430906,5.77E-33,3.43282461027232,1.58E-32
,,,,,,,,,,,,3.43752555986153,3.97E-34,3.43756364190326,4.45E-34,3.43762132344173,6.94E-34,3.43767827733752,1.55E-33,3.43755404230956,5.77E-33,3.43762465827271,1.58E-32
,,,,,,,,,,,,3.44232560786196,3.97E-34,3.44236368990387,4.45E-34,3.44242137144218,6.94E-34,3.44247832533809,1.55E-33,3.44235409030997,5.77E-33,3.44242470627323,1.58E-32
,,,,,,,,,,,,3.44712565586238,3.96E-34,3.4471637379043,4.45E-34,3.44722141944259,6.93E-34,3.44727837333848,1.55E-33,3.44715413831052,5.77E-33,3.44722475427373,1.58E-32
,,,,,,,,,,,,3.45192570386295,3.96E-34,3.45196378590472,4.44E-34,3.45202146744319,6.93E-34,3.45207842133896,1.55E-33,3.45195418631097,5.77E-33,3.45202480227415,1.58E-32
,,,,,,,,,,,,3.45672575186338,3.95E-34,3.4567638339053,4.44E-34,3.4568215154436,6.93E-34,3.45687846933952,1.55E-33,3.4567542343114,5.77E-33,3.45682485027468,1.58E-32
,,,,,,,,,,,,3.46152579986386,3.95E-34,3.46156388190572,4.44E-34,3.46162156344407,6.93E-34,3.46167851733991,1.55E-33,3.46155428231198,5.77E-33,3.46162489827514,1.58E-32
,,,,,,,,,,,,3.46632584786439,3.94E-34,3.4663639299062,4.43E-34,3.46642161144462,6.92E-34,3.46647856534043,1.55E-33,3.4663543303124,5.77E-33,3.46642494627558,1.58E-32
,,,,,,,,,,,,3.4711258958648,3.94E-34,3.47116397790673,4.43E-34,3.47122165944501,6.92E-34,3.47127861334095,1.55E-33,3.47115437831283,5.77E-33,3.47122499427615,1.58E-32
,,,,,,,,,,,,3.47592594386532,3.93E-34,3.47596402590714,4.42E-34,3.47602170744553,6.92E-34,3.47607866134135,1.55E-33,3.47595442631345,5.77E-33,3.47602504227658,1.58E-32
,,,,,,,,,,,,3.48072599186582,3.92E-34,3.48076407390766,4.42E-34,3.48082175544606,6.92E-34,3.48087870934189,1.55E-33,3.48075447431383,5.77E-33,3.48082509027699,1.58E-32
,,,,,,,,,,,,3.48552603986621,3.92E-34,3.48556412190816,4.42E-34,3.48562180344645,6.92E-34,3.48567875734237,1.55E-33,3.48555452231427,5.77E-33,3.48562513827763,1.58E-32
,,,,,,,,,,,,3.49032608786678,3.91E-34,3.49036416990855,4.41E-34,3.49042185144697,6.91E-34,3.49047880534278,1.55E-33,3.49035457031488,5.77E-33,3.49042518627801,1.58E-32
,,,,,,,,,,,,3.49512613586726,3.91E-34,3.49516421790913,4.41E-34,3.49522189944749,6.91E-34,3.49527885334335,1.55E-33,3.49515461831528,5.77E-33,3.49522523427842,1.58E-32
,,,,,,,,,,,,3.49992618386764,3.90E-34,3.49996426590961,4.41E-34,3.50002194744788,6.91E-34,3.50007890134378,1.55E-33,3.49995466631572,5.77E-33,3.50002528227906,1.58E-32
,,,,,,,,,,,,3.50472623186824,3.90E-34,3.50476431390999,4.40E-34,3.50482199544843,6.91E-34,3.50487894934423,1.55E-33,3.50475471431631,5.77E-33,3.50482533027945,1.58E-32
,,,,,,,,,,,,3.5095262798687,3.89E-34,3.50956436191058,4.40E-34,3.50962204344892,6.91E-34,3.50967899734482,1.55E-33,3.50955476231671,5.77E-33,3.50962537827989,1.58E-32
,,,,,,,,,,,,3.51432632786908,3.89E-34,3.51436440991104,4.40E-34,3.51442209144931,6.91E-34,3.51447904534521,1.55E-33,3.5143548103172,5.77E-33,3.51442542628047,1.58E-32
,,,,,,,,,,,,3.51912637586967,3.88E-34,3.51916445791142,4.39E-34,3.51922213944988,6.90E-34,3.51927909334566,1.55E-33,3.51915485831772,5.77E-33,3.51922547428089,1.58E-32
,,,,,,,,,,,,3.52392642387013,3.88E-34,3.52396450591202,4.39E-34,3.52402218745036,6.90E-34,3.52407914134627,1.55E-33,3.52395490631814,5.77E-33,3.52402552228137,1.58E-32
,,,,,,,,,,,,3.52872647187052,3.87E-34,3.52876455391248,4.39E-34,3.52882223545075,6.90E-34,3.52887918934665,1.55E-33,3.52875495431866,5.77E-33,3.52882557028189,1.58E-32
,,,,,,,,,,,,3.53352651987113,3.87E-34,3.53356460191287,4.38E-34,3.53362228345134,6.90E-34,3.5336792373471,1.55E-33,3.53355500231914,5.77E-33,3.53362561828232,1.58E-32
,,,,,,,,,,,,3.53832656787154,3.86E-34,3.53836464991347,4.38E-34,3.53842233145177,6.90E-34,3.5384792853477,1.55E-33,3.53835505031958,5.77E-33,3.53842566628283,1.58E-32
,,,,,,,,,,,,3.543126615872,3.86E-34,3.54316469791389,4.38E-34,3.54322237945222,6.89E-34,3.54327933334808,1.55E-33,3.54315509832013,5.77E-33,3.54322571428332,1.58E-32
,,,,,,,,,,,,3.54792666387256,3.85E-34,3.54796474591435,4.37E-34,3.54802242745279,6.89E-34,3.54807938134858,1.54E-33,3.54795514632057,5.77E-33,3.54802576228374,1.58E-32
,,,,,,,,,,,,3.55272671187295,3.85E-34,3.55276479391491,4.37E-34,3.55282247545318,6.89E-34,3.55287942934911,1.54E-33,3.55275519432099,5.77E-33,3.55282581028429,1.58E-32
,,,,,,,,,,,,3.55752675987346,3.85E-34,3.5575648419153,4.37E-34,3.55762252345367,6.89E-34,3.55767947734951,1.54E-33,3.5575552423216,5.77E-33,3.55762585828475,1.58E-32
,,,,,,,,,,,,3.562326807874,3.84E-34,3.5623648899158,4.36E-34,3.56242257145423,6.89E-34,3.56247952535004,1.54E-33,3.56235529032201,5.77E-33,3.56242590628515,1.58E-32
,,,,,,,,,,,,3.56712685587439,3.84E-34,3.56716493791634,4.36E-34,3.56722261945461,6.88E-34,3.56727957335052,1.54E-33,3.56715533832241,5.77E-33,3.56722595428577,1.58E-32
,,,,,,,,,,,,3.57192690387491,3.83E-34,3.57196498591673,4.36E-34,3.57202266745512,6.88E-34,3.57207962135095,1.54E-33,3.57195538632305,5.77E-33,3.57202600228619,1.58E-32
,,,,,,,,,,,,3.57672695187543,3.83E-34,3.57676503391726,4.35E-34,3.57682271545567,6.88E-34,3.57687966935151,1.54E-33,3.57675543432344,5.77E-33,3.57682605028657,1.58E-32
,,,,,,,,,,,,3.58152699987582,3.82E-34,3.58156508191777,4.35E-34,3.58162276345605,6.88E-34,3.58167971735194,1.54E-33,3.58155548232387,5.77E-33,3.58162609828723,1.58E-32
,,,,,,,,,,,,3.58632704787637,3.82E-34,3.58636512991817,4.35E-34,3.58642281145657,6.88E-34,3.58647976535237,1.54E-33,3.58635553032447,5.77E-33,3.58642614628762,1.58E-32
,,,,,,,,,,,,3.59112709587686,3.81E-34,3.59116517791871,4.34E-34,3.5912228594571,6.87E-34,3.59127981335299,1.54E-33,3.59115557832487,5.77E-33,3.59122619428803,1.58E-32
,,,,,,,,,,,,3.59592714387725,3.81E-34,3.59596522591921,4.34E-34,3.59602290745748,6.87E-34,3.59607986135339,1.54E-33,3.59595562632534,5.77E-33,3.59602624228864,1.58E-32
,,,,,,,,,,,,3.60072719187782,3.80E-34,3.6007652739196,4.34E-34,3.60082295545803,6.87E-34,3.60087990935379,1.54E-33,3.60075567432589,5.77E-33,3.60082629028905,1.58E-32
,,,,,,,,,,,,3.6055272398783,3.80E-34,3.60556532192016,4.33E-34,3.60562300345851,6.87E-34,3.60567995735443,1.54E-33,3.60555572232631,5.77E-33,3.60562633828951,1.58E-32
,,,,,,,,,,,,3.61032728787869,3.79E-34,3.61036536992064,4.33E-34,3.61042305145891,6.87E-34,3.61048000535482,1.54E-33,3.6103557703268,5.77E-33,3.61042638629006,1.58E-32
,,,,,,,,,,,,3.61512733587928,3.79E-34,3.61516541792103,4.33E-34,3.6152230994595,6.87E-34,3.61528005335525,1.54E-33,3.6151558183273,5.77E-33,3.61522643429049,1.58E-32
,,,,,,,,,,,,3.61992738387971,3.78E-34,3.61996546592163,4.32E-34,3.62002314745992,6.86E-34,3.62008010135587,1.54E-33,3.61995586632774,5.77E-33,3.62002648229097,1.58E-32
,,,,,,,,,,,,3.62472743188016,3.78E-34,3.62476551392205,4.32E-34,3.62482319546036,6.86E-34,3.62488014935626,1.54E-33,3.62475591432828,5.77E-33,3.62482653029148,1.58E-32
,,,,,,,,,,,,3.62952747988073,3.77E-34,3.6295655619225,4.32E-34,3.62962324346096,6.86E-34,3.62968019735673,1.54E-33,3.62955596232874,5.77E-33,3.62962657829191,1.58E-32
,,,,,,,,,,,,3.63432752788112,3.77E-34,3.63436560992307,4.31E-34,3.63442329146136,6.86E-34,3.63448024535728,1.54E-33,3.63435601032915,5.77E-33,3.63442662629245,1.58E-32
,,,,,,,,,,,,3.63912757588161,3.77E-34,3.63916565792346,4.31E-34,3.6392233394618,6.86E-34,3.63928029335769,1.54E-33,3.63915605832976,5.77E-33,3.63922667429292,1.58E-32
,,,,,,,,,,,,3.64392762388216,3.76E-34,3.64396570592396,4.31E-34,3.6440233874624,6.86E-34,3.64408034135819,1.54E-33,3.64395610633017,5.77E-33,3.64402672229332,1.58E-32
,,,,,,,,,,,,3.64872767188255,3.76E-34,3.64876575392451,4.31E-34,3.64882343546279,6.85E-34,3.64888038935869,1.54E-33,3.64875615433056,5.77E-33,3.64882677029393,1.58E-32
,,,,,,,,,,,,3.65352771988306,3.75E-34,3.6535658019249,4.30E-34,3.65362348346326,6.85E-34,3.65368043735912,1.54E-33,3.65355620233123,5.77E-33,3.65362681829435,1.58E-32
,,,,,,,,,,,,3.65832776788359,3.75E-34,3.6583658499254,4.30E-34,3.65842353146383,6.85E-34,3.65848048535965,1.54E-33,3.65835625033161,5.77E-33,3.65842686629474,1.58E-32
,,,,,,,,,,,,3.66312781588399,3.74E-34,3.66316589792594,4.30E-34,3.66322357946422,6.85E-34,3.66328053336012,1.54E-33,3.66315629833202,5.77E-33,3.66322691429538,1.58E-32
,,,,,,,,,,,,3.66792786388451,3.74E-34,3.66796594592633,4.29E-34,3.66802362746472,6.85E-34,3.66808058136053,1.54E-33,3.66795634633264,5.77E-33,3.66802696229578,1.58E-32
,,,,,,,,,,,,3.67272791188504,3.73E-34,3.67276599392686,4.29E-34,3.67282367546526,6.84E-34,3.67288062936113,1.54E-33,3.67275639433304,5.77E-33,3.67282701029619,1.58E-32
,,,,,,,,,,,,3.67752795988542,3.73E-34,3.67756604192738,4.29E-34,3.67762372346566,6.84E-34,3.67768067736155,1.54E-33,3.6775564423335,5.77E-33,3.6776270582968,1.58E-32
,,,,,,,,,,,,3.68232800788596,3.73E-34,3.68236608992776,4.28E-34,3.68242377146618,6.84E-34,3.68248072536194,1.54E-33,3.68235649033405,5.77E-33,3.68242710629722,1.58E-32
,,,,,,,,,,,,3.68712805588646,3.72E-34,3.6871661379283,4.28E-34,3.68722381946668,6.84E-34,3.6872807733626,1.54E-33,3.68715653833447,5.77E-33,3.68722715429767,1.58E-32
,,,,,,,,,,,,3.69192810388685,3.72E-34,3.69196618592881,4.28E-34,3.69202386746709,6.84E-34,3.69208082136299,1.54E-33,3.69195658633497,5.77E-33,3.69202720229822,1.58E-32
,,,,,,,,,,,,3.69672815188744,3.71E-34,3.6967662339292,4.28E-34,3.69682391546764,6.84E-34,3.69688086936339,1.54E-33,3.69675663433547,5.77E-33,3.69682725029865,1.58E-32
,,,,,,,,,,,,3.70152819988787,3.71E-34,3.70156628192978,4.27E-34,3.70162396346809,6.83E-34,3.70168091736403,1.54E-33,3.70155668233589,5.77E-33,3.70162729829913,1.58E-32
,,,,,,,,,,,,3.7063282478883,3.70E-34,3.70636632993022,4.27E-34,3.70642401146852,6.83E-34,3.70648096536442,1.54E-33,3.70635673033642,5.77E-33,3.70642734629965,1.58E-32
,,,,,,,,,,,,3.7111282958889,3.70E-34,3.71116637793064,4.27E-34,3.71122405946912,6.83E-34,3.71128101336487,1.54E-33,3.71115677833691,5.77E-33,3.71122739430006,1.58E-32
,,,,,,,,,,,,3.71592834388928,3.70E-34,3.71596642593125,4.26E-34,3.71602410746952,6.83E-34,3.71608106136544,1.54E-33,3.71595682633731,5.77E-33,3.71602744230059,1.58E-32
,,,,,,,,,,,,3.72072839188977,3.69E-34,3.72076647393163,4.26E-34,3.72082415546996,6.83E-34,3.72088110936586,1.54E-33,3.7207568743379,5.77E-33,3.72082749030109,1.58E-32
,,,,,,,,,,,,3.72552843989034,3.69E-34,3.72556652193211,4.26E-34,3.72562420347056,6.83E-34,3.72568115736635,1.54E-33,3.72555692233835,5.77E-33,3.72562753830147,1.58E-32
,,,,,,,,,,,,3.73032848789072,3.68E-34,3.73036656993268,4.25E-34,3.73042425147095,6.82E-34,3.73048120536685,1.54E-33,3.73035697033873,5.77E-33,3.73042758630207,1.58E-32
,,,,,,,,,,,,3.7351285358912,3.68E-34,3.73516661793306,4.25E-34,3.73522429947139,6.82E-34,3.73528125336729,1.54E-33,3.73515701833937,5.77E-33,3.73522763430253,1.58E-32
,,,,,,,,,,,,3.73992858389177,3.68E-34,3.73996666593354,4.25E-34,3.74002434747201,6.82E-34,3.7400813013678,1.54E-33,3.73995706633978,5.77E-33,3.74002768230291,1.58E-32
,,,,,,,,,,,,3.74472863189215,3.67E-34,3.74476671393412,4.25E-34,3.74482439547239,6.82E-34,3.74488134936829,1.54E-33,3.74475711434016,5.77E-33,3.74482773030352,1.58E-32
,,,,,,,,,,,,3.74952867989266,3.67E-34,3.7495667619345,4.24E-34,3.74962444347286,6.82E-34,3.7496813973687,1.54E-33,3.7495571623408,5.77E-33,3.74962777830396,1.58E-32
,,,,,,,,,,,,3.75432872789321,3.66E-34,3.754366809935,4.24E-34,3.75442449147343,6.82E-34,3.75448144536928,1.54E-33,3.75435721034122,5.77E-33,3.75442782630434,1.58E-32
,,,,,,,,,,,,3.75912877589358,3.66E-34,3.75916685793555,4.24E-34,3.75922453947382,6.82E-34,3.75928149336972,1.54E-33,3.75915725834164,5.77E-33,3.75922787430496,1.58E-32
,,,,,,,,,,,,3.76392882389412,3.65E-34,3.76396690593593,4.23E-34,3.76402458747434,6.81E-34,3.76408154137011,1.54E-33,3.76395730634221,5.77E-33,3.76402792230539,1.58E-32
,,,,,,,,,,,,3.76872887189462,3.65E-34,3.76876695393647,4.23E-34,3.76882463547484,6.81E-34,3.76888158937075,1.54E-33,3.76875735434265,5.77E-33,3.76882797030581,1.58E-32
,,,,,,,,,,,,3.77352891989502,3.65E-34,3.77356700193696,4.23E-34,3.77362468347525,6.81E-34,3.77368163737115,1.54E-33,3.77355740234311,5.77E-33,3.77362801830639,1.58E-32
,,,,,,,,,,,,3.77832896789558,3.64E-34,3.77836704993736,4.23E-34,3.77842473147579,6.81E-34,3.77848168537154,1.54E-33,3.77835745034365,5.77E-33,3.77842806630682,1.58E-32
,,,,,,,,,,,,3.78312901589604,3.64E-34,3.78316709793792,4.22E-34,3.78322477947625,6.81E-34,3.78328173337218,1.54E-33,3.78315749834406,5.77E-33,3.78322811430728,1.58E-32
,,,,,,,,,,,,3.78792906389645,3.63E-34,3.78796714593838,4.22E-34,3.78802482747669,6.81E-34,3.78808178137259,1.54E-33,3.78795754634456,5.77E-33,3.78802816230783,1.58E-32
,,,,,,,,,,,,3.79272911189706,3.63E-34,3.7927671939388,4.22E-34,3.79282487547727,6.80E-34,3.79288182937302,1.54E-33,3.79275759434508,5.77E-33,3.79282821030823,1.58E-32
,,,,,,,,,,,,3.79752915989746,3.63E-34,3.7975672419394,4.22E-34,3.79762492347769,6.80E-34,3.7976818773736,1.54E-33,3.79755764234547,5.77E-33,3.79762825830873,1.58E-32
,,,,,,,,,,,,3.80232920789791,3.62E-34,3.8023672899398,4.21E-34,3.8024249714781,6.80E-34,3.80248192537402,1.54E-33,3.80235769034604,5.77E-33,3.80242830630926,1.58E-32
,,,,,,,,,,,,3.8071292558985,3.62E-34,3.80716733794025,4.21E-34,3.80722501947874,6.80E-34,3.80728197337449,1.54E-33,3.80715773834651,5.77E-33,3.80722835430964,1.58E-32
,,,,,,,,,,,,3.81192930389889,3.61E-34,3.81196738594085,4.21E-34,3.81202506747912,6.80E-34,3.81208202137503,1.54E-33,3.81195778634689,5.77E-33,3.81202840231021,1.58E-32
,,,,,,,,,,,,3.81672935189934,3.61E-34,3.81676743394124,4.20E-34,3.81682511547953,6.80E-34,3.81688206937544,1.54E-33,3.81675783434751,5.77E-33,3.81682845031069,1.58E-32
,,,,,,,,,,,,3.82152939989994,3.61E-34,3.82156748194169,4.20E-34,3.82162516348017,6.79E-34,3.82168211737595,1.54E-33,3.82155788234795,5.77E-33,3.82162849831107,1.58E-32
,,,,,,,,,,,,3.82632944790033,3.60E-34,3.82636752994228,4.20E-34,3.82642521148055,6.79E-34,3.82648216537646,1.54E-33,3.82635793034833,5.77E-33,3.82642854631167,1.58E-32
,,,,,,,,,,,,3.8311294959008,3.60E-34,3.83116757794267,4.20E-34,3.83122525948101,6.79E-34,3.83128221337686,1.54E-33,3.83115797834894,5.77E-33,3.83122859431213,1.58E-32
,,,,,,,,,,,,3.83592954390137,3.60E-34,3.83596762594314,4.19E-34,3.83602530748158,6.79E-34,3.83608226137743,1.54E-33,3.83595802634938,5.77E-33,3.83602864231251,1.58E-32
,,,,,,,,,,,,3.84072959190176,3.59E-34,3.84076767394371,4.19E-34,3.84082535548199,6.79E-34,3.8408823093779,1.54E-33,3.84075807434979,5.77E-33,3.8408286903131,1.58E-32
,,,,,,,,,,,,3.84552963990227,3.59E-34,3.84556772194411,4.19E-34,3.84562540348248,6.79E-34,3.84568235737828,1.54E-33,3.84555812235038,5.77E-33,3.84562873831356,1.58E-32
,,,,,,,,,,,,3.85032968790278,3.58E-34,3.85036776994461,4.19E-34,3.85042545148301,6.79E-34,3.85048240537889,1.54E-33,3.85035817035081,5.77E-33,3.85042878631396,1.58E-32
,,,,,,,,,,,,3.85512973590319,3.58E-34,3.85516781794513,4.18E-34,3.85522549948342,6.78E-34,3.85528245337933,1.54E-33,3.85515821835126,5.77E-33,3.85522883431456,1.58E-32
,,,,,,,,,,,,3.85992978390372,3.58E-34,3.85996786594554,4.18E-34,3.86002554748394,6.78E-34,3.86008250137971,1.54E-33,3.85995826635181,5.77E-33,3.86002888231498,1.58E-32
,,,,,,,,,,,,3.86472983190419,3.57E-34,3.86476791394607,4.18E-34,3.86482559548443,6.78E-34,3.86488254938033,1.54E-33,3.86475831435222,5.77E-33,3.86482893031543,1.58E-32
,,,,,,,,,,,,3.86952987990463,3.57E-34,3.86956796194654,4.18E-34,3.86962564348485,6.78E-34,3.86968259738076,1.54E-33,3.86955836235272,5.77E-33,3.86962897831599,1.58E-32
,,,,,,,,,,,,3.8743299279052,3.56E-34,3.87436800994697,4.17E-34,3.87442569148541,6.78E-34,3.87448264538117,1.54E-33,3.87435841035325,5.77E-33,3.87442902631639,1.58E-32
,,,,,,,,,,,,3.87912997590563,3.56E-34,3.87916805794755,4.17E-34,3.87922573948586,6.78E-34,3.87928269338176,1.54E-33,3.87915845835364,5.77E-33,3.87922907431689,1.58E-32
,,,,,,,,,,,,3.88393002390604,3.56E-34,3.88396810594797,4.17E-34,3.88402578748626,6.78E-34,3.8840827413822,1.54E-33,3.8839585063542,5.77E-33,3.88402912231742,1.58E-32
,,,,,,,,,,,,3.88873007190668,3.55E-34,3.88876815394838,4.17E-34,3.88882583548688,6.77E-34,3.88888278938263,1.54E-33,3.88875855435468,5.77E-33,3.88882917031781,1.58E-32
,,,,,,,,,,,,3.89353011990706,3.55E-34,3.89356820194902,4.16E-34,3.8936258834873,6.77E-34,3.89368283738319,1.54E-33,3.89355860235507,5.77E-33,3.89362921831835,1.58E-32
,,,,,,,,,,,,3.89833016790747,3.55E-34,3.8983682499494,4.16E-34,3.89842593148767,6.77E-34,3.89848288538361,1.54E-33,3.89835865035564,5.77E-33,3.89842926631886,1.58E-32
,,,,,,,,,,,,3.90313021590811,3.54E-34,3.90316829794982,4.16E-34,3.90322597948834,6.77E-34,3.90328293338411,1.54E-33,3.90315869835611,5.77E-33,3.90322931431925,1.58E-32
,,,,,,,,,,,,3.90793026390849,3.54E-34,3.90796834595046,4.16E-34,3.90802602748873,6.77E-34,3.90808298138463,1.54E-33,3.9079587463565,5.77E-33,3.9080293623198,1.58E-32
,,,,,,,,,,,,3.91273031190895,3.54E-34,3.91276839395084,4.15E-34,3.91282607548915,6.77E-34,3.91288302938502,1.54E-33,3.9127587943571,5.77E-33,3.91282941032029,1.58E-32
,,,,,,,,,,,,3.91753035990954,3.53E-34,3.9175684419513,4.15E-34,3.91762612348975,6.77E-34,3.91768307738558,1.54E-33,3.91755884235755,5.77E-33,3.91762945832068,1.58E-32
,,,,,,,,,,,,3.92233040790993,3.53E-34,3.92236848995188,4.15E-34,3.92242617149016,6.76E-34,3.92248312538606,1.54E-33,3.92235889035794,5.77E-33,3.92242950632125,1.58E-32
,,,,,,,,,,,,3.92713045591042,3.52E-34,3.92716853795227,4.15E-34,3.92722621949062,6.76E-34,3.92728317338644,1.54E-33,3.92715893835855,5.77E-33,3.92722955432172,1.58E-32
,,,,,,,,,,,,3.93193050391095,3.52E-34,3.93196858595276,4.14E-34,3.93202626749116,6.76E-34,3.93208322138704,1.54E-33,3.93195898635897,5.77E-33,3.93202960232212,1.58E-32
,,,,,,,,,,,,3.93673055191136,3.52E-34,3.93676863395329,4.14E-34,3.9368263154916,6.76E-34,3.93688326938749,1.54E-33,3.9367590343594,5.77E-33,3.93682965032272,1.58E-32
,,,,,,,,,,,,3.94153059991188,3.51E-34,3.9415686819537,4.14E-34,3.9416263634921,6.76E-34,3.94168331738789,1.54E-33,3.94155908235999,5.77E-33,3.94162969832314,1.58E-32
,,,,,,,,,,,,3.94633064791236,3.51E-34,3.94636872995422,4.14E-34,3.94642641149259,6.76E-34,3.94648336538848,1.54E-33,3.94635913036039,5.77E-33,3.94642974632357,1.58E-32
,,,,,,,,,,,,3.95113069591279,3.51E-34,3.9511687779547,4.13E-34,3.95122645949301,6.76E-34,3.95128341338893,1.54E-33,3.95115917836087,5.77E-33,3.95122979432417,1.58E-32
,,,,,,,,,,,,3.95593074391335,3.50E-34,3.95596882595514,4.13E-34,3.95602650749357,6.75E-34,3.95608346138932,1.54E-33,3.95595922636142,5.77E-33,3.95602984232456,1.58E-32
,,,,,,,,,,,,3.96073079191379,3.50E-34,3.9607688739557,4.13E-34,3.96082655549403,6.75E-34,3.96088350938993,1.54E-33,3.9607592743618,5.77E-33,3.96082989032504,1.58E-32
,,,,,,,,,,,,3.9655308399142,3.50E-34,3.96556892195613,4.13E-34,3.96562660349442,6.75E-34,3.96568355739036,1.54E-33,3.96555932236234,5.77E-33,3.9656299383256,1.58E-32
,,,,,,,,,,,,3.97033088791482,3.49E-34,3.97036896995655,4.12E-34,3.97042665149504,6.75E-34,3.97048360539079,1.54E-33,3.97035937036285,5.77E-33,3.97042998632598,1.58E-32
,,,,,,,,,,,,3.97513093591522,3.49E-34,3.97516901795717,4.12E-34,3.97522669949546,6.75E-34,3.97528365339136,1.54E-33,3.97515941836323,5.77E-33,3.9752300343265,1.58E-32
,,,,,,,,,,,,3.97993098391564,3.49E-34,3.97996906595757,4.12E-34,3.98002674749585,6.75E-34,3.98008370139177,1.54E-33,3.97995946636378,5.77E-33,3.98003008232703,1.58E-32
,,,,,,,,,,,,3.98473103191628,3.48E-34,3.98476911395798,4.12E-34,3.98482679549649,6.75E-34,3.98488374939227,1.54E-33,3.98475951436429,5.77E-33,3.98483013032741,1.58E-32
,,,,,,,,,,,,3.98953107991666,3.48E-34,3.98956916195862,4.11E-34,3.98962684349689,6.75E-34,3.98968379739279,1.54E-33,3.98955956236467,5.77E-33,3.98963017832794,1.58E-32
,,,,,,,,,,,,3.99433112791709,3.48E-34,3.994369209959,4.11E-34,3.99442689149731,6.74E-34,3.99448384539318,1.54E-33,3.99435961036524,5.77E-33,3.99443022632847,1.58E-32
,,,,,,,,,,,,3.9991311759177,3.47E-34,3.99916925795944,4.11E-34,3.99922693949791,6.74E-34,3.99928389339372,1.54E-33,3.99915965836572,5.77E-33,3.99923027432885,1.58E-32
,,,,,,,,,,,,4.00393122391809,3.47E-34,4.00396930596005,4.11E-34,4.00402698749833,6.74E-34,4.00408394139423,1.54E-33,4.0039597063661,5.77E-33,4.00403032232941,1.58E-32
,,,,,,,,,,,,4.00873127191856,3.47E-34,4.00876935396044,4.10E-34,4.00882703549878,6.74E-34,4.00888398939462,1.54E-33,4.0087597543667,5.77E-33,4.00883037032989,1.58E-32
,,,,,,,,,,,,4.01353131991911,3.46E-34,4.01356940196091,4.10E-34,4.01362708349933,6.74E-34,4.01368403739518,1.54E-33,4.01355980236713,5.77E-33,4.01363041833028,1.58E-32
,,,,,,,,,,,,4.01833136791954,3.46E-34,4.01836944996146,4.10E-34,4.01842713149976,6.74E-34,4.01848408539566,1.54E-33,4.01835985036756,5.76E-33,4.01843046633086,1.58E-32
,,,,,,,,,,,,4.02313141592003,3.46E-34,4.02316949796188,4.10E-34,4.02322717950025,6.74E-34,4.02328413339605,1.54E-33,4.02315989836815,5.76E-33,4.0232305143313,1.58E-32
,,,,,,,,,,,,4.02793146392053,3.45E-34,4.02796954596237,4.10E-34,4.02802722750076,6.73E-34,4.02808418139663,1.54E-33,4.02795994636854,5.76E-33,4.02803056233173,1.58E-32
,,,,,,,,,,,,4.03273151192096,3.45E-34,4.03276959396288,4.09E-34,4.03282727550117,6.73E-34,4.0328842293971,1.54E-33,4.03275999436904,5.76E-33,4.03283061033233,1.58E-32
,,,,,,,,,,,,4.0375315599215,3.45E-34,4.0375696419633,4.09E-34,4.03762732350171,6.73E-34,4.03768427739748,1.54E-33,4.03756004236959,5.76E-33,4.03763065833271,1.58E-32
,,,,,,,,,,,,4.04233160792197,3.44E-34,4.04236968996384,4.09E-34,4.04242737150219,6.73E-34,4.04248432539808,1.54E-33,4.04236009036998,5.76E-33,4.0424307063332,1.58E-32
,,,,,,,,,,,,4.04713165592237,3.44E-34,4.04716973796431,4.09E-34,4.04722741950259,6.73E-34,4.04728437339853,1.54E-33,4.04716013837048,5.76E-33,4.04723075433377,1.58E-32
,,,,,,,,,,,,4.05193170392296,3.44E-34,4.05196978596471,4.08E-34,4.05202746750318,6.73E-34,4.05208442139893,1.54E-33,4.05196018637102,5.76E-33,4.05203080233416,1.58E-32
,,,,,,,,,,,,4.0567317519234,3.43E-34,4.05676983396531,4.08E-34,4.05682751550363,6.73E-34,4.05688446939954,1.53E-33,4.05676023437141,5.76E-33,4.05683085033464,1.58E-32
,,,,,,,,,,,,4.06153179992378,3.43E-34,4.06156988196575,4.08E-34,4.06162756350402,6.73E-34,4.06168451739994,1.53E-33,4.06156028237193,5.76E-33,4.0616308983352,1.58E-32
,,,,,,,,,,,,4.06633184792444,3.43E-34,4.06636992996612,4.08E-34,4.06642761150465,6.72E-34,4.06648456540041,1.53E-33,4.06636033037245,5.76E-33,4.06643094633559,1.58E-32
,,,,,,,,,,,,4.07113189592483,3.42E-34,4.07116997796679,4.08E-34,4.07122765950507,6.72E-34,4.07128461340097,1.53E-33,4.07116037837284,5.76E-33,4.07123099433608,1.58E-32
,,,,,,,,,,,,4.07593194392524,3.42E-34,4.07597002596718,4.07E-34,4.07602770750545,6.72E-34,4.07608466140135,1.53E-33,4.07596042637338,5.76E-33,4.07603104233663,1.58E-32
,,,,,,,,,,,,4.08073199192585,3.42E-34,4.08077007396758,4.07E-34,4.08082775550608,6.72E-34,4.08088470940186,1.53E-33,4.08076047437389,5.76E-33,4.08083109033702,1.58E-32
,,,,,,,,,,,,4.08553203992627,3.41E-34,4.0855701219682,4.07E-34,4.0856278035065,6.72E-34,4.0856847574024,1.53E-33,4.08556052237428,5.76E-33,4.08563113833755,1.58E-32
,,,,,,,,,,,,4.09033208792672,3.41E-34,4.09037016996861,4.07E-34,4.09042785150692,6.72E-34,4.09048480540278,1.53E-33,4.09036057037484,5.76E-33,4.09043118633806,1.58E-32
,,,,,,,,,,,,4.09513213592727,3.41E-34,4.09517021796906,4.06E-34,4.0952278995075,6.72E-34,4.09528485340331,1.53E-33,4.0951606183753,5.76E-33,4.09523123433846,1.58E-32
,,,,,,,,,,,,4.0999321839277,3.40E-34,4.09997026596961,4.06E-34,4.10002794750793,6.72E-34,4.10008490140384,1.53E-33,4.09996066637571,5.76E-33,4.10003128233901,1.58E-32
,,,,,,,,,,,,4.10473223192819,3.40E-34,4.10477031397005,4.06E-34,4.1048279955084,6.71E-34,4.10488494940422,1.53E-33,4.10476071437631,5.76E-33,4.10483133033947,1.58E-32
,,,,,,,,,,,,4.1095322799287,3.40E-34,4.10957036197054,4.06E-34,4.10962804350893,6.71E-34,4.10968499740477,1.53E-33,4.10956076237671,5.76E-33,4.10963137833989,1.58E-32
,,,,,,,,,,,,4.11433232792912,3.39E-34,4.11437040997104,4.06E-34,4.11442809150934,6.71E-34,4.11448504540527,1.53E-33,4.11436081037718,5.76E-33,4.11443142634047,1.58E-32
,,,,,,,,,,,,4.11913237592965,3.39E-34,4.11917045797147,4.05E-34,4.11922813950985,6.71E-34,4.11928509340566,1.53E-33,4.11916085837775,5.76E-33,4.11923147434089,1.58E-32
,,,,,,,,,,,,4.12393242393013,3.39E-34,4.12397050597199,4.05E-34,4.12402818751037,6.71E-34,4.12408514140622,1.53E-33,4.12396090637814,5.76E-33,4.12403152234134,1.58E-32
,,,,,,,,,,,,4.12873247193053,3.39E-34,4.12877055397248,4.05E-34,4.12882823551075,6.71E-34,4.12888518940668,1.53E-33,4.12876095437862,5.76E-33,4.12883157034193,1.58E-32
,,,,,,,,,,,,4.13353251993112,3.38E-34,4.13357060197288,4.05E-34,4.13362828351132,6.71E-34,4.13368523740709,1.53E-33,4.13356100237919,5.76E-33,4.13363161834232,1.58E-32
,,,,,,,,,,,,4.13833256793157,3.38E-34,4.13837064997346,4.05E-34,4.1384283315118,6.71E-34,4.13848528540769,1.53E-33,4.13836105037958,5.76E-33,4.13843166634278,1.58E-32
,,,,,,,,,,,,4.14313261593196,3.38E-34,4.14317069797391,4.04E-34,4.14322837951218,6.70E-34,4.1432853334081,1.53E-33,4.14316109838007,5.76E-33,4.14323171434336,1.58E-32
,,,,,,,,,,,,4.14793266393259,3.37E-34,4.1479707459743,4.04E-34,4.14802842751278,6.70E-34,4.14808538140856,1.53E-33,4.14796114638063,5.76E-33,4.14803176234376,1.58E-32
,,,,,,,,,,,,4.152732711933,3.37E-34,4.15277079397493,4.04E-34,4.15282847551324,6.70E-34,4.15288542940913,1.53E-33,4.15276119438101,5.76E-33,4.15283181034423,1.58E-32
,,,,,,,,,,,,4.15753275993339,3.37E-34,4.15757084197534,4.04E-34,4.15762852351363,6.70E-34,4.15768547740952,1.53E-33,4.15756124238154,5.76E-33,4.15763185834481,1.58E-32
,,,,,,,,,,,,4.16233280793402,3.36E-34,4.16237088997573,4.03E-34,4.16242857151421,6.70E-34,4.16248552541001,1.53E-33,4.16236129038205,5.76E-33,4.16243190634519,1.58E-32
,,,,,,,,,,,,4.16713285593443,3.36E-34,4.16717093797636,4.03E-34,4.16722861951467,6.70E-34,4.16728557341057,1.53E-33,4.16716133838244,5.76E-33,4.1672319543457,1.58E-32
,,,,,,,,,,,,4.17193290393486,3.36E-34,4.17197098597678,4.03E-34,4.17202866751507,6.70E-34,4.17208562141096,1.53E-33,4.17196138638299,5.76E-33,4.17203200234622,1.58E-32
,,,,,,,,,,,,4.17673295193543,3.35E-34,4.1767710339772,4.03E-34,4.17682871551567,6.70E-34,4.17688566941145,1.53E-33,4.17676143438346,5.76E-33,4.17683205034662,1.58E-32
,,,,,,,,,,,,4.18153299993587,3.35E-34,4.18157108197777,4.03E-34,4.18162876351609,6.70E-34,4.181685717412,1.53E-33,4.18156148238388,5.76E-33,4.18163209834716,1.58E-32
,,,,,,,,,,,,4.18633304793634,3.35E-34,4.18637112997821,4.02E-34,4.18642881151655,6.69E-34,4.18648576541239,1.53E-33,4.18636153038446,5.76E-33,4.18643214634763,1.58E-32
,,,,,,,,,,,,4.19113309593686,3.35E-34,4.19117117797868,4.02E-34,4.1912288595171,6.69E-34,4.19128581341291,1.53E-33,4.19116157838487,5.76E-33,4.19123219434806,1.58E-32
,,,,,,,,,,,,4.19593314393729,3.34E-34,4.19597122597921,4.02E-34,4.1960289075175,6.69E-34,4.19608586141343,1.53E-33,4.19596162638532,5.76E-33,4.19603224234863,1.58E-32
,,,,,,,,,,,,4.20073319193779,3.34E-34,4.20077127397963,4.02E-34,4.20082895551801,6.69E-34,4.20088590941383,1.53E-33,4.20076167438593,5.76E-33,4.20083229034905,1.58E-32
,,,,,,,,,,,,4.2055332399383,3.34E-34,4.20557132198014,4.02E-34,4.20562900351853,6.69E-34,4.20568595741436,1.53E-33,4.20556172238631,5.76E-33,4.20563233834948,1.58E-32
,,,,,,,,,,,,4.2103332879387,3.33E-34,4.21037136998064,4.01E-34,4.21042905151892,6.69E-34,4.21048600541485,1.53E-33,4.21036177038675,5.76E-33,4.21043238635011,1.58E-32
,,,,,,,,,,,,4.21513333593926,3.33E-34,4.21517141798104,4.01E-34,4.21522909951946,6.69E-34,4.21528605341526,1.53E-33,4.21516181838736,5.76E-33,4.21523243435049,1.58E-32
,,,,,,,,,,,,4.21993338393974,3.33E-34,4.21997146598161,4.01E-34,4.22002914751997,6.69E-34,4.22008610141583,1.53E-33,4.21996186638774,5.76E-33,4.22003248235091,1.58E-32
,,,,,,,,,,,,4.22473343194012,3.33E-34,4.22477151398209,4.01E-34,4.22482919552036,6.69E-34,4.22488614941627,1.53E-33,4.2247619143882,5.76E-33,4.22483253035154,1.58E-32
,,,,,,,,,,,,4.22953347994073,3.32E-34,4.22957156198247,4.01E-34,4.22962924352092,6.68E-34,4.2296861974167,1.53E-33,4.2295619623888,5.76E-33,4.22963257835192,1.58E-32
,,,,,,,,,,,,4.23433352794118,3.32E-34,4.23437160998307,4.00E-34,4.2344292915214,6.68E-34,4.2344862454173,1.53E-33,4.23436201038919,5.76E-33,4.23443262635237,1.58E-32
,,,,,,,,,,,,4.23913357594156,3.32E-34,4.23917165798352,4.00E-34,4.23922933952179,6.68E-34,4.23928629341769,1.53E-33,4.23916205838968,5.76E-33,4.23923267435296,1.58E-32
,,,,,,,,,,,,4.24393362394216,3.31E-34,4.2439717059839,4.00E-34,4.24402938752235,6.68E-34,4.24408634141815,1.53E-33,4.24396210639021,5.76E-33,4.24403272235337,1.58E-32
,,,,,,,,,,,,4.24873367194261,3.31E-34,4.24877175398451,4.00E-34,4.24882943552283,6.68E-34,4.24888638941874,1.53E-33,4.24876215439062,5.76E-33,4.24883277035385,1.58E-32
,,,,,,,,,,,,4.253533719943,3.31E-34,4.25357180198495,4.00E-34,4.25362948352323,6.68E-34,4.25368643741912,1.53E-33,4.25356220239114,5.76E-33,4.25363281835437,1.58E-32
,,,,,,,,,,,,4.25833376794361,3.31E-34,4.25837184998534,3.99E-34,4.25842953152382,6.68E-34,4.25848648541959,1.53E-33,4.25836225039163,5.76E-33,4.2584328663548,1.58E-32
,,,,,,,,,,,,4.26313381594403,3.30E-34,4.26317189798595,3.99E-34,4.26322957952426,6.68E-34,4.26328653342018,1.53E-33,4.26316229839205,5.76E-33,4.2632329143553,1.58E-32
,,,,,,,,,,,,4.26793386394448,3.30E-34,4.26797194598638,3.99E-34,4.26802962752469,6.68E-34,4.26808658142056,1.53E-33,4.2679623463926,5.76E-33,4.2680329623558,1.58E-32
,,,,,,,,,,,,4.27273391194504,3.30E-34,4.27277199398682,3.99E-34,4.27282967552527,6.67E-34,4.27288662942106,1.53E-33,4.27276239439305,5.76E-33,4.27283301035623,1.58E-32
,,,,,,,,,,,,4.27753395994544,3.29E-34,4.27757204198738,3.99E-34,4.27762972352567,6.67E-34,4.2776866774216,1.53E-33,4.27756244239348,5.76E-33,4.27763305835677,1.58E-32
,,,,,,,,,,,,4.28233400794593,3.29E-34,4.28237208998779,3.99E-34,4.28242977152615,6.67E-34,4.28248672542199,1.53E-33,4.28236249039408,5.76E-33,4.28243310635723,1.58E-32
,,,,,,,,,,,,4.28713405594647,3.29E-34,4.28717213798828,3.98E-34,4.28722981952671,6.67E-34,4.28728677342253,1.53E-33,4.28716253839448,5.76E-33,4.28723315435764,1.58E-32
,,,,,,,,,,,,4.29193410394685,3.29E-34,4.29197218598882,3.98E-34,4.29202986752709,6.67E-34,4.29208682142301,1.53E-33,4.29196258639491,5.76E-33,4.29203320235825,1.58E-32
,,,,,,,,,,,,4.2967341519474,3.28E-34,4.2967722339892,3.98E-34,4.29682991552761,6.67E-34,4.29688686942342,1.53E-33,4.29676263439553,5.76E-33,4.29683325035866,1.58E-32
,,,,,,,,,,,,4.30153419994791,3.28E-34,4.30157228198975,3.98E-34,4.30162996352814,6.67E-34,4.30168691742399,1.53E-33,4.30156268239592,5.76E-33,4.30163329835907,1.58E-32
,,,,,,,,,,,,4.3063342479483,3.28E-34,4.30637232999025,3.98E-34,4.30643001152852,6.67E-34,4.30648696542442,1.53E-33,4.30636273039634,5.76E-33,4.30643334635971,1.58E-32
,,,,,,,,,,,,4.31113429594886,3.28E-34,4.31117237799064,3.97E-34,4.31123005952906,6.67E-34,4.31128701342486,1.53E-33,4.31116277839696,5.76E-33,4.3112333943601,1.58E-32
,,,,,,,,,,,,4.31593434394934,3.27E-34,4.3159724259912,3.97E-34,4.31603010752958,6.66E-34,4.31608706142546,1.53E-33,4.31596282639735,5.76E-33,4.31603344236051,1.58E-32
,,,,,,,,,,,,4.32073439194973,3.27E-34,4.32077247399169,3.97E-34,4.32083015552996,6.66E-34,4.32088710942587,1.53E-33,4.32076287439782,5.76E-33,4.32083349036113,1.58E-32
,,,,,,,,,,,,4.3255344399503,3.27E-34,4.32557252199208,3.97E-34,4.32563020353052,6.66E-34,4.32568715742629,1.53E-33,4.32556292239838,5.76E-33,4.32563353836153,1.58E-32
,,,,,,,,,,,,4.33033448795077,3.26E-34,4.33037256999265,3.97E-34,4.330430251531,6.66E-34,4.33048720542691,1.53E-33,4.33036297039879,5.76E-33,4.33043358636199,1.58E-32
,,,,,,,,,,,,4.33513453595117,3.26E-34,4.33517261799312,3.96E-34,4.33523029953139,6.66E-34,4.3352872534273,1.53E-33,4.33516301839929,5.76E-33,4.33523363436255,1.58E-32
,,,,,,,,,,,,4.33993458395176,3.26E-34,4.33997266599351,3.96E-34,4.34003034753197,6.66E-34,4.34008730142772,1.53E-33,4.33996306639979,5.76E-33,4.34003368236296,1.58E-32
,,,,,,,,,,,,4.3447346319522,3.26E-34,4.3447727139941,3.96E-34,4.34483039553241,6.66E-34,4.34488734942834,1.53E-33,4.34476311440022,5.76E-33,4.34483373036346,1.58E-32
,,,,,,,,,,,,4.34953467995263,3.25E-34,4.34957276199454,3.96E-34,4.34963044353284,6.66E-34,4.34968739742873,1.53E-33,4.34956316240075,5.76E-33,4.34963377836396,1.58E-32
,,,,,,,,,,,,4.35433472795321,3.25E-34,4.35437280999498,3.96E-34,4.35443049153344,6.66E-34,4.3544874454292,1.53E-33,4.35436321040122,5.76E-33,4.3544338263644,1.58E-32
,,,,,,,,,,,,4.35913477595361,3.25E-34,4.35917285799555,3.96E-34,4.35923053953383,6.66E-34,4.35928749342977,1.53E-33,4.35916325840164,5.76E-33,4.35923387436491,1.58E-32
,,,,,,,,,,,,4.3639348239541,3.25E-34,4.36397290599595,3.95E-34,4.3640305875343,6.65E-34,4.36408754143017,1.53E-33,4.36396330640224,5.76E-33,4.36403392236539,1.58E-32
,,,,,,,,,,,,4.36873487195464,3.24E-34,4.36877295399645,3.95E-34,4.36883063553488,6.65E-34,4.36888758943067,1.53E-33,4.36876335440265,5.76E-33,4.36883397036581,1.58E-32
,,,,,,,,,,,,4.37353491995503,3.24E-34,4.37357300199698,3.95E-34,4.37363068353527,6.65E-34,4.37368763743118,1.53E-33,4.37356340240305,5.76E-33,4.3736340183664,1.58E-32
,,,,,,,,,,,,4.37833496795555,3.24E-34,4.37837304999737,3.95E-34,4.37843073153574,6.65E-34,4.3784876854316,1.53E-33,4.3783634504037,5.76E-33,4.37843406636683,1.58E-32
,,,,,,,,,,,,4.38313501595607,3.24E-34,4.38317309799789,3.95E-34,4.38323077953631,6.65E-34,4.38328773343213,1.53E-33,4.38316349840408,5.76E-33,4.38323411436722,1.58E-32
,,,,,,,,,,,,4.38793506395646,3.23E-34,4.38797314599842,3.94E-34,4.3880308275367,6.65E-34,4.3880877814326,1.53E-33,4.3879635464045,5.76E-33,4.38803416236787,1.58E-32
,,,,,,,,,,,,4.392735111957,3.23E-34,4.39277319399881,3.94E-34,4.3928308755372,6.65E-34,4.39288782943302,1.53E-33,4.39276359440513,5.76E-33,4.39283421036826,1.58E-32
,,,,,,,,,,,,4.39753515995752,3.23E-34,4.39757324199935,3.94E-34,4.39763092353774,6.65E-34,4.39768787743361,1.53E-33,4.39756364240552,5.76E-33,4.39763425836866,1.58E-32
,,,,,,,,,,,,4.4023352079579,3.23E-34,4.40237328999986,3.94E-34,4.40243097153813,6.65E-34,4.40248792543403,1.53E-33,4.40236369040598,5.76E-33,4.40243430636929,1.58E-32
,,,,,,,,,,,,4.40713525595845,3.22E-34,4.40717333800024,3.94E-34,4.40723101953866,6.64E-34,4.40728797343443,1.53E-33,4.40716373840654,5.76E-33,4.4072343543697,1.58E-32
,,,,,,,,,,,,4.41193530395895,3.22E-34,4.41197338600079,3.94E-34,4.41203106753917,6.64E-34,4.41208802143507,1.53E-33,4.41196378640695,5.76E-33,4.41203440237014,1.58E-32
,,,,,,,,,,,,4.41673535195933,3.22E-34,4.4167734340013,3.93E-34,4.41683111553957,6.64E-34,4.41688806943547,1.53E-33,4.41676383440744,5.76E-33,4.4168344503707,1.58E-32
,,,,,,,,,,,,4.4215353999599,3.22E-34,4.42157348200167,3.93E-34,4.42163116354012,6.64E-34,4.42168811743587,1.53E-33,4.42156388240795,5.76E-33,4.42163449837113,1.58E-32
,,,,,,,,,,,,4.42633544796036,3.21E-34,4.42637353000225,3.93E-34,4.42643121154058,6.64E-34,4.42648816543652,1.53E-33,4.42636393040838,5.76E-33,4.42643454637161,1.58E-32
,,,,,,,,,,,,4.43113549596077,3.21E-34,4.43117357800271,3.93E-34,4.431231259541,6.64E-34,4.4312882134369,1.53E-33,4.4311639784089,5.76E-33,4.43123459437213,1.58E-32
,,,,,,,,,,,,4.43593554396138,3.21E-34,4.43597362600312,3.93E-34,4.4360313075416,6.64E-34,4.43608826143735,1.53E-33,4.43596402640939,5.76E-33,4.43603464237255,1.58E-32
,,,,,,,,,,,,4.44073559196177,3.21E-34,4.44077367400373,3.93E-34,4.440831355542,6.64E-34,4.44088830943793,1.53E-33,4.44076407440979,5.76E-33,4.44083469037307,1.58E-32
,,,,,,,,,,,,4.44553563996224,3.20E-34,4.44557372200412,3.92E-34,4.44563140354245,6.64E-34,4.44568835743833,1.53E-33,4.44556412241038,5.76E-33,4.44563473837357,1.58E-32
,,,,,,,,,,,,4.45033568796282,3.20E-34,4.45037377000459,3.92E-34,4.45043145154304,6.64E-34,4.45048840543883,1.53E-33,4.45036417041083,5.76E-33,4.45043478637396,1.58E-32
,,,,,,,,,,,,4.45513573596319,3.20E-34,4.45517381800516,3.92E-34,4.45523149954343,6.64E-34,4.45528845343934,1.53E-33,4.45516421841122,5.76E-33,4.45523483437455,1.58E-32
,,,,,,,,,,,,4.45993578396369,3.20E-34,4.45997386600554,3.92E-34,4.46003154754388,6.63E-34,4.46008850143977,1.53E-33,4.45996426641185,5.76E-33,4.46003488237501,1.58E-32
,,,,,,,,,,,,4.46473583196425,3.19E-34,4.46477391400603,3.92E-34,4.46483159554449,6.63E-34,4.46488854944028,1.53E-33,4.46476431441226,5.76E-33,4.46483493037538,1.58E-32
,,,,,,,,,,,,4.46953587996463,3.19E-34,4.46957396200659,3.92E-34,4.46963164354486,6.63E-34,4.46968859744076,1.53E-33,4.46956436241264,5.76E-33,4.46963497837601,1.58E-32
,,,,,,,,,,,,4.47433592796514,3.19E-34,4.47437401000697,3.91E-34,4.47443169154533,6.63E-34,4.47448864544119,1.53E-33,4.47436441041329,5.76E-33,4.47443502637644,1.58E-32
,,,,,,,,,,,,4.47913597596568,3.19E-34,4.47917405800749,3.91E-34,4.47923173954592,6.63E-34,4.47928869344176,1.53E-33,4.47916445841369,5.76E-33,4.47923507437682,1.58E-32
,,,,,,,,,,,,4.48393602396606,3.18E-34,4.48397410600803,3.91E-34,4.4840317875463,6.63E-34,4.4840887414422,1.53E-33,4.48396450641412,5.76E-33,4.48403512237745,1.58E-32
,,,,,,,,,,,,4.4887360719666,3.18E-34,4.48877415400841,3.91E-34,4.48883183554681,6.63E-34,4.4888887894426,1.53E-33,4.4887645544147,5.76E-33,4.48883517037787,1.58E-32
,,,,,,,,,,,,4.4935361199671,3.18E-34,4.49357420200894,3.91E-34,4.49363188354733,6.63E-34,4.49368883744323,1.53E-33,4.49356460241513,5.76E-33,4.49363521837829,1.58E-32
,,,,,,,,,,,,4.4983361679675,3.18E-34,4.49837425000945,3.91E-34,4.49843193154773,6.63E-34,4.49848888544363,1.53E-33,4.49836465041559,5.76E-33,4.49843526637887,1.58E-32
,,,,,,,,,,,,4.50313621596806,3.17E-34,4.50317429800984,3.90E-34,4.50323197954827,6.63E-34,4.50328893344402,1.53E-33,4.50316469841612,5.76E-33,4.50323531437931,1.58E-32
,,,,,,,,,,,,4.50793626396853,3.17E-34,4.5079743460104,3.90E-34,4.50803202754874,6.62E-34,4.50808898144467,1.53E-33,4.50796474641655,5.76E-33,4.50803536237975,1.58E-32
,,,,,,,,,,,,4.51273631196893,3.17E-34,4.51277439401087,3.90E-34,4.51283207554917,6.62E-34,4.51288902944506,1.53E-33,4.51276479441704,5.76E-33,4.5128354103803,1.58E-32
,,,,,,,,,,,,4.51753635996954,3.17E-34,4.51757444201127,3.90E-34,4.51763212354975,6.62E-34,4.5176890774455,1.53E-33,4.51756484241756,5.76E-33,4.51763545838072,1.58E-32
,,,,,,,,,,,,4.52233640796994,3.16E-34,4.52237449001188,3.90E-34,4.52243217155016,6.62E-34,4.52248912544608,1.53E-33,4.52236489041796,5.76E-33,4.52243550638121,1.58E-32
,,,,,,,,,,,,4.5271364559704,3.16E-34,4.52717453801228,3.90E-34,4.52723221955059,6.62E-34,4.5272891734465,1.53E-33,4.52716493841852,5.76E-33,4.52723555438174,1.58E-32
,,,,,,,,,,,,4.53193650397098,3.16E-34,4.53197458601274,3.89E-34,4.53203226755122,6.62E-34,4.53208922144697,1.53E-33,4.53196498641899,5.76E-33,4.53203560238213,1.58E-32
,,,,,,,,,,,,4.53673655197137,3.16E-34,4.53677463401332,3.89E-34,4.5368323155516,6.62E-34,4.53688926944751,1.53E-33,4.53676503441937,5.76E-33,4.53683565038269,1.58E-32
,,,,,,,,,,,,4.54153659997183,3.16E-34,4.54157468201372,3.89E-34,4.54163236355202,6.62E-34,4.54168931744793,1.53E-33,4.54156508242,5.76E-33,4.54163569838317,1.58E-32
,,,,,,,,,,,,4.54633664797241,3.15E-34,4.54637473001417,3.89E-34,4.54643241155265,6.62E-34,4.54648936544842,1.53E-33,4.54636513042042,5.76E-33,4.54643574638355,1.58E-32
,,,,,,,,,,,,4.55113669597281,3.15E-34,4.55117477801476,3.89E-34,4.55123245955303,6.62E-34,4.55128941344894,1.53E-33,4.5511651784208,5.76E-33,4.55123579438416,1.58E-32
,,,,,,,,,,,,4.55593674397329,3.15E-34,4.55597482601515,3.89E-34,4.55603250755349,6.62E-34,4.55608946144935,1.53E-33,4.55596522642143,5.76E-33,4.5560358423846,1.58E-32
,,,,,,,,,,,,4.56073679197385,3.15E-34,4.56077487401563,3.88E-34,4.56083255555407,6.61E-34,4.5608895094499,1.53E-33,4.56076527442186,5.76E-33,4.56083589038498,1.58E-32
,,,,,,,,,,,,4.56553683997424,3.14E-34,4.56557492201619,3.88E-34,4.56563260355446,6.61E-34,4.56568955745037,1.53E-33,4.56556532242227,5.76E-33,4.56563593838559,1.58E-32
,,,,,,,,,,,,4.57033688797474,3.14E-34,4.57037497001658,3.88E-34,4.57043265155496,6.61E-34,4.57048960545076,1.53E-33,4.57036537042287,5.76E-33,4.57043598638604,1.58E-32
,,,,,,,,,,,,4.57513693597527,3.14E-34,4.57517501801709,3.88E-34,4.57523269955549,6.61E-34,4.57528965345137,1.53E-33,4.57516541842329,5.76E-33,4.57523603438644,1.58E-32
,,,,,,,,,,,,4.57993698397567,3.14E-34,4.57997506601761,3.88E-34,4.5800327475559,6.61E-34,4.58008970145181,1.53E-33,4.57996546642374,5.76E-33,4.58003608238703,1.58E-32
,,,,,,,,,,,,4.5847370319762,3.13E-34,4.58477511401802,3.88E-34,4.58483279555641,6.61E-34,4.58488974945219,1.53E-33,4.58476551442429,5.76E-33,4.58483613038747,1.58E-32
,,,,,,,,,,,,4.58953707997668,3.13E-34,4.58957516201854,3.88E-34,4.58963284355691,6.61E-34,4.58968979745283,1.53E-33,4.58956556242471,5.76E-33,4.58963617838791,1.58E-32
,,,,,,,,,,,,4.59433712797711,3.13E-34,4.59437521001902,3.87E-34,4.59443289155734,6.61E-34,4.59448984545324,1.53E-33,4.59436561042521,5.76E-33,4.59443622638847,1.58E-32
,,,,,,,,,,,,4.59913717597768,3.13E-34,4.59917525801945,3.87E-34,4.59923293955789,6.61E-34,4.59928989345364,1.53E-33,4.59916565842572,5.76E-33,4.59923627438888,1.58E-32
,,,,,,,,,,,,4.6039372239781,3.13E-34,4.60397530602002,3.87E-34,4.60403298755834,6.61E-34,4.60408994145425,1.53E-33,4.60396570642612,5.76E-33,4.60403632238937,1.58E-32
,,,,,,,,,,,,4.60873727197853,3.12E-34,4.60877535402045,3.87E-34,4.60883303555875,6.61E-34,4.60888998945467,1.53E-33,4.60876575442667,5.76E-33,4.6088363703899,1.58E-32
,,,,,,,,,,,,4.61353731997916,3.12E-34,4.61357540202087,3.87E-34,4.61363308355936,6.61E-34,4.61369003745511,1.53E-33,4.61356580242716,5.76E-33,4.61363641839029,1.58E-32
,,,,,,,,,,,,4.61833736797954,3.12E-34,4.6183754500215,3.87E-34,4.61843313155977,6.60E-34,4.61849008545567,1.53E-33,4.61836585042755,5.76E-33,4.61843646639084,1.58E-32
,,,,,,,,,,,,4.62313741597996,3.12E-34,4.62317549802188,3.86E-34,4.62323317956017,6.60E-34,4.6232901334561,1.53E-33,4.62316589842813,5.76E-33,4.62323651439134,1.58E-32
,,,,,,,,,,,,4.62793746398059,3.11E-34,4.62797554602231,3.86E-34,4.62803322756082,6.60E-34,4.6280901814566,1.53E-33,4.62796594642859,5.76E-33,4.62803656239173,1.58E-32
,,,,,,,,,,,,4.63273751198097,3.11E-34,4.63277559402294,3.86E-34,4.63283327556121,6.60E-34,4.6328902294571,1.53E-33,4.63276599442898,5.76E-33,4.63283661039229,1.58E-32
,,,,,,,,,,,,4.63753755998143,3.11E-34,4.63757564202331,3.86E-34,4.63763332356163,6.60E-34,4.63769027745751,1.53E-33,4.6375660424296,5.76E-33,4.63763665839277,1.58E-32
,,,,,,,,,,,,4.64233760798202,3.11E-34,4.64237569002377,3.86E-34,4.64243337156224,6.60E-34,4.64249032545806,1.53E-33,4.64236609043002,5.76E-33,4.64243670639316,1.58E-32
,,,,,,,,,,,,4.6471376559824,3.11E-34,4.64717573802437,3.86E-34,4.64723341956264,6.60E-34,4.64729037345854,1.53E-33,4.64716613843041,5.76E-33,4.64723675439375,1.58E-32
,,,,,,,,,,,,4.6519377039829,3.10E-34,4.65197578602475,3.86E-34,4.6520334675631,6.60E-34,4.65209042145892,1.53E-33,4.65196618643103,5.76E-33,4.6520368023942,1.58E-32
,,,,,,,,,,,,4.65673775198344,3.10E-34,4.65677583402524,3.85E-34,4.65683351556365,6.60E-34,4.65689046945952,1.53E-33,4.65676623443146,5.76E-33,4.65683685039459,1.58E-32
,,,,,,,,,,,,4.66153779998384,3.10E-34,4.66157588202578,3.85E-34,4.66163356356407,6.60E-34,4.66169051745997,1.53E-33,4.66156628243188,5.76E-33,4.6616368983952,1.58E-32
,,,,,,,,,,,,4.66633784798436,3.10E-34,4.66637593002618,3.85E-34,4.66643361156459,6.60E-34,4.66649056546035,1.53E-33,4.66636633043247,5.76E-33,4.66643694639562,1.58E-32
,,,,,,,,,,,,4.67113789598485,3.10E-34,4.67117597802671,3.85E-34,4.67123365956507,6.60E-34,4.67129061346098,1.53E-33,4.67116637843287,5.76E-33,4.67123699439605,1.58E-32
,,,,,,,,,,,,4.67593794398527,3.09E-34,4.67597602602719,3.85E-34,4.6760337075655,6.59E-34,4.67609066146141,1.53E-33,4.67596642643336,5.76E-33,4.67603704239664,1.58E-32
,,,,,,,,,,,,4.68073799198583,3.09E-34,4.68077607402761,3.85E-34,4.68083375556605,6.59E-34,4.6808907094618,1.53E-33,4.6807664744339,5.76E-33,4.68083709039703,1.58E-32
,,,,,,,,,,,,4.68553803998627,3.09E-34,4.68557612202818,3.85E-34,4.6856338035665,6.59E-34,4.68569075746241,1.53E-33,4.68556652243429,5.76E-33,4.68563713839753,1.58E-32
,,,,,,,,,,,,4.69033808798669,3.09E-34,4.69037617002861,3.84E-34,4.69043385156691,6.59E-34,4.69049080546284,1.53E-33,4.69036657043482,5.76E-33,4.69043718639808,1.58E-32
,,,,,,,,,,,,4.6951381359873,3.08E-34,4.69517621802904,3.84E-34,4.69523389956751,6.59E-34,4.69529085346326,1.53E-33,4.69516661843533,5.76E-33,4.69523723439846,1.58E-32
,,,,,,,,,,,,4.6999381839877,3.08E-34,4.69997626602964,3.84E-34,4.70003394756794,6.59E-34,4.70009090146384,1.53E-33,4.69996666643571,5.76E-33,4.70003728239898,1.58E-32
,,,,,,,,,,,,4.70473823198814,3.08E-34,4.70477631403005,3.84E-34,4.70483399556832,6.59E-34,4.70489094946426,1.53E-33,4.70476671443627,5.76E-33,4.70483733039951,1.58E-32
,,,,,,,,,,,,4.70953827998876,3.08E-34,4.70957636203048,3.84E-34,4.70963404356899,6.59E-34,4.70969099746474,1.53E-33,4.70956676243677,5.76E-33,4.70963737839989,1.58E-32
,,,,,,,,,,,,4.71433832798913,3.08E-34,4.7143764100311,3.84E-34,4.71443409156937,6.59E-34,4.71449104546527,1.53E-33,4.71436681043715,5.76E-33,4.71443742640043,1.58E-32
,,,,,,,,,,,,4.71913837598957,3.07E-34,4.71917645803148,3.84E-34,4.71923413956979,6.59E-34,4.71929109346568,1.53E-33,4.71916685843773,5.76E-33,4.71923747440095,1.58E-32
,,,,,,,,,,,,4.72393842399019,3.07E-34,4.72397650603192,3.83E-34,4.7240341875704,6.59E-34,4.7240911414662,1.53E-33,4.7239669064382,5.76E-33,4.72403752240132,1.58E-32
,,,,,,,,,,,,4.72873847199057,3.07E-34,4.72877655403253,3.83E-34,4.72883423557081,6.59E-34,4.7288911894667,1.53E-33,4.72876695443859,5.76E-33,4.72883757040189,1.58E-32
,,,,,,,,,,,,4.73353851999104,3.07E-34,4.73357660203291,3.83E-34,4.73363428357125,6.58E-34,4.73369123746709,1.53E-33,4.73356700243917,5.76E-33,4.73363761840238,1.58E-32
,,,,,,,,,,,,4.7383385679916,3.07E-34,4.73837665003338,3.83E-34,4.73843433157181,6.58E-34,4.73849128546767,1.53E-33,4.73836705043962,5.76E-33,4.73843766640277,1.58E-32
,,,,,,,,,,,,4.743138615992,3.06E-34,4.74317669803394,3.83E-34,4.74323437957224,6.58E-34,4.74329133346814,1.53E-33,4.74316709844004,5.76E-33,4.74323771440334,1.58E-32
,,,,,,,,,,,,4.74793866399252,3.06E-34,4.74797674603435,3.83E-34,4.74803442757273,6.58E-34,4.74809138146853,1.53E-33,4.74796714644063,5.76E-33,4.74803776240379,1.58E-32
,,,,,,,,,,,,4.75273871199301,3.06E-34,4.75277679403486,3.83E-34,4.75283447557324,6.58E-34,4.75289142946912,1.53E-33,4.75276719444103,5.76E-33,4.7528378104042,1.58E-32
,,,,,,,,,,,,4.75753875999345,3.06E-34,4.75757684203536,3.82E-34,4.75763452357367,6.58E-34,4.75769147746957,1.53E-33,4.75756724244151,5.76E-33,4.75763785840481,1.58E-32
,,,,,,,,,,,,4.76233880799397,3.06E-34,4.76237689003579,3.82E-34,4.76243457157419,6.58E-34,4.76249152546996,1.53E-33,4.76236729044206,5.76E-33,4.7624379064052,1.58E-32
,,,,,,,,,,,,4.76713885599444,3.05E-34,4.76717693803632,3.82E-34,4.76723461957467,6.58E-34,4.76729157347056,1.53E-33,4.76716733844244,5.76E-33,4.76723795440568,1.58E-32
,,,,,,,,,,,,4.77193890399486,3.05E-34,4.77197698603679,3.82E-34,4.77203466757508,6.58E-34,4.77209162147102,1.53E-33,4.77196738644297,5.76E-33,4.77203800240624,1.58E-32
,,,,,,,,,,,,4.77673895199544,3.05E-34,4.7767770340372,3.82E-34,4.77683471557566,6.58E-34,4.77689166947141,1.53E-33,4.7767674344435,5.76E-33,4.77683805040662,1.58E-32
,,,,,,,,,,,,4.78153899999588,3.05E-34,4.78157708203779,3.82E-34,4.7816347635761,6.58E-34,4.78169171747201,1.53E-33,4.78156748244389,5.76E-33,4.78163809840713,1.58E-32
,,,,,,,,,,,,4.78633904799627,3.05E-34,4.78637713003822,3.82E-34,4.78643481157649,6.58E-34,4.78649176547243,1.53E-33,4.78636753044442,5.76E-33,4.78643814640768,1.58E-32
,,,,,,,,,,,,4.79113909599692,3.04E-34,4.79117717803861,3.81E-34,4.79123485957713,6.58E-34,4.79129181347289,1.53E-33,4.79116757844493,5.76E-33,4.79123819440807,1.58E-32
,,,,,,,,,,,,4.79593914399731,3.04E-34,4.79597722603927,3.81E-34,4.79603490757754,6.57E-34,4.79609186147345,1.53E-33,4.79596762644532,5.76E-33,4.79603824240857,1.58E-32
,,,,,,,,,,,,4.80073919199773,3.04E-34,4.80077727403966,3.81E-34,4.80083495557793,6.57E-34,4.80089190947384,1.53E-33,4.80076767444587,5.76E-33,4.80083829040911,1.58E-32
,,,,,,,,,,,,4.80553923999834,3.04E-34,4.80557732204007,3.81E-34,4.80563500357857,6.57E-34,4.80569195747434,1.53E-33,4.80556772244636,5.76E-33,4.8056383384095,1.58E-32
,,,,,,,,,,,,4.81033928799874,3.04E-34,4.81037737004069,3.81E-34,4.81043505157898,6.57E-34,4.81049200547488,1.53E-33,4.81036777044676,5.76E-33,4.81043838641003,1.58E-32
,,,,,,,,,,,,4.81513933599919,3.03E-34,4.81517741804109,3.81E-34,4.81523509957939,6.57E-34,4.81529205347526,1.53E-33,4.81516781844732,5.76E-33,4.81523843441054,1.58E-32
,,,,,,,,,,,,4.81993938399975,3.03E-34,4.81997746604154,3.81E-34,4.82003514757998,6.57E-34,4.8200921014758,1.53E-33,4.81996786644779,5.76E-33,4.82003848241093,1.58E-32
,,,,,,,,,,,,4.82473943200018,3.03E-34,4.8247775140421,3.81E-34,4.82483519558042,6.57E-34,4.82489214947631,1.53E-33,4.82476791444819,5.76E-33,4.82483853041148,1.58E-32
,,,,,,,,,,,,4.82953948000067,3.03E-34,4.82957756204252,3.80E-34,4.82963524358087,6.57E-34,4.8296921974767,1.53E-33,4.82956796244878,5.76E-33,4.82963857841195,1.58E-32
,,,,,,,,,,,,4.83433952800118,3.03E-34,4.83437761004302,3.80E-34,4.83443529158141,6.57E-34,4.83449224547725,1.53E-33,4.83436801044921,5.76E-33,4.83443862641237,1.58E-32
,,,,,,,,,,,,4.8391395760016,3.02E-34,4.83917765804352,3.80E-34,4.83923533958183,6.57E-34,4.83929229347775,1.53E-33,4.83916805844966,5.76E-33,4.83923867441295,1.58E-32
,,,,,,,,,,,,4.84393962400213,3.02E-34,4.84397770604394,3.80E-34,4.84403538758233,6.57E-34,4.84409234147814,1.53E-33,4.84396810645023,5.76E-33,4.84403872241338,1.58E-32
,,,,,,,,,,,,4.84873967200261,3.02E-34,4.84877775404447,3.80E-34,4.84883543558285,6.57E-34,4.8488923894787,1.53E-33,4.84876815445062,5.76E-33,4.84883877041382,1.58E-32
,,,,,,,,,,,,4.85353972000302,3.02E-34,4.85357780204495,3.80E-34,4.85363548358324,6.57E-34,4.85369243747917,1.53E-33,4.85356820245111,5.76E-33,4.85363881841441,1.58E-32
,,,,,,,,,,,,4.8583397680036,3.02E-34,4.85837785004537,3.80E-34,4.8584355315838,6.56E-34,4.85849248547957,1.53E-33,4.85836825045166,5.76E-33,4.8584388664148,1.58E-32
,,,,,,,,,,,,4.86313981600404,3.01E-34,4.86317789804594,3.79E-34,4.86323557958428,6.56E-34,4.86329253348017,1.53E-33,4.86316829845205,5.76E-33,4.86323891441527,1.58E-32
,,,,,,,,,,,,4.86793986400443,3.01E-34,4.86797794604639,3.79E-34,4.86803562758467,6.56E-34,4.86809258148058,1.53E-33,4.86796834645256,5.76E-33,4.86803896241584,1.58E-32
,,,,,,,,,,,,4.87273991200507,3.01E-34,4.87277799404678,3.79E-34,4.87283567558527,6.56E-34,4.87289262948104,1.53E-33,4.8727683944531,5.76E-33,4.87283901041623,1.58E-32
,,,,,,,,,,,,4.87753996000548,3.01E-34,4.87757804204742,3.79E-34,4.87763572358571,6.56E-34,4.87769267748161,1.52E-33,4.87756844245349,5.76E-33,4.87763905841671,1.58E-32
,,,,,,,,,,,,4.88234000800587,3.01E-34,4.88237809004782,3.79E-34,4.8824357715861,6.56E-34,4.882492725482,1.52E-33,4.88236849045401,5.76E-33,4.88243910641728,1.58E-32
,,,,,,,,,,,,4.88714005600651,3.01E-34,4.88717813804821,3.79E-34,4.8872358195867,6.56E-34,4.8872927734825,1.52E-33,4.88716853845454,5.76E-33,4.88723915441767,1.58E-32
,,,,,,,,,,,,4.89194010400691,3.00E-34,4.89197818604885,3.79E-34,4.89203586758715,6.56E-34,4.89209282148304,1.52E-33,4.89196858645492,5.76E-33,4.89203920241818,1.58E-32
,,,,,,,,,,,,4.89674015200733,3.00E-34,4.89677823404925,3.79E-34,4.89683591558755,6.56E-34,4.89689286948344,1.52E-33,4.89676863445547,5.76E-33,4.89683925041871,1.58E-32
,,,,,,,,,,,,4.90154020000792,3.00E-34,4.90157828204968,3.78E-34,4.90163596358814,6.56E-34,4.90169291748394,1.52E-33,4.90156868245595,5.76E-33,4.9016392984191,1.58E-32
,,,,,,,,,,,,4.90634024800836,3.00E-34,4.90637833005026,3.78E-34,4.90643601158857,6.56E-34,4.90649296548448,1.52E-33,4.90636873045635,5.76E-33,4.90643934641964,1.58E-32
,,,,,,,,,,,,4.91114029600881,3.00E-34,4.9111783780507,3.78E-34,4.91123605958903,6.56E-34,4.91129301348487,1.52E-33,4.91116877845694,5.76E-33,4.91123939442012,1.58E-32
,,,,,,,,,,,,4.91594034400934,2.99E-34,4.91597842605116,3.78E-34,4.91603610758958,6.56E-34,4.9160930614854,1.52E-33,4.91596882645736,5.76E-33,4.91603944242053,1.58E-32
,,,,,,,,,,,,4.92074039200978,2.99E-34,4.92077847405169,3.78E-34,4.92083615558999,6.56E-34,4.92089310948591,1.52E-33,4.9207688744578,5.76E-33,4.92083949042111,1.58E-32
,,,,,,,,,,,,4.92554044001027,2.99E-34,4.92557852205212,3.78E-34,4.92563620359048,6.55E-34,4.9256931574863,1.52E-33,4.92556892245841,5.76E-33,4.92563953842153,1.58E-32
,,,,,,,,,,,,4.93034048801077,2.99E-34,4.93037857005261,3.78E-34,4.93043625159101,6.55E-34,4.93049320548684,1.52E-33,4.93036897045878,5.76E-33,4.93043958642197,1.58E-32
,,,,,,,,,,,,4.93514053601119,2.99E-34,4.93517861805312,3.78E-34,4.9352362995914,6.55E-34,4.93529325348735,1.52E-33,4.93516901845924,5.76E-33,4.93523963442258,1.58E-32
,,,,,,,,,,,,4.93994058401174,2.99E-34,4.93997866605353,3.77E-34,4.94003634759195,6.55E-34,4.94009330148774,1.52E-33,4.93996906645984,5.76E-33,4.94003968242296,1.58E-32
,,,,,,,,,,,,4.94474063201221,2.98E-34,4.94477871405408,3.77E-34,4.94483639559244,6.55E-34,4.94489334948831,1.52E-33,4.94476911446023,5.76E-33,4.9448397304234,1.58E-32
,,,,,,,,,,,,4.9495406800126,2.98E-34,4.94957876205455,3.77E-34,4.94963644359284,6.55E-34,4.94969339748876,1.52E-33,4.94956916246069,5.76E-33,4.94963977842402,1.58E-32
,,,,,,,,,,,,4.95434072801322,2.98E-34,4.95437881005494,3.77E-34,4.95443649159341,6.55E-34,4.95449344548918,1.52E-33,4.95436921046127,5.76E-33,4.95443982642441,1.58E-32
,,,,,,,,,,,,4.95914077601365,2.98E-34,4.95917885805556,3.77E-34,4.95923653959388,6.55E-34,4.95929349348978,1.52E-33,4.95916925846166,5.76E-33,4.95923987442485,1.58E-32
,,,,,,,,,,,,4.96394082401403,2.98E-34,4.963978906056,3.77E-34,4.96403658759427,6.55E-34,4.96409354149017,1.52E-33,4.96396930646216,5.76E-33,4.96403992242545,1.58E-32
,,,,,,,,,,,,4.96874087201465,2.97E-34,4.96877895405638,3.77E-34,4.96883663559484,6.55E-34,4.96889358949065,1.52E-33,4.96876935446269,5.76E-33,4.96883997042584,1.58E-32
,,,,,,,,,,,,4.97354092001509,2.97E-34,4.97357900205699,3.77E-34,4.97363668359532,6.55E-34,4.97369363749121,1.52E-33,4.9735694024631,5.76E-33,4.97364001842632,1.58E-32
,,,,,,,,,,,,4.97834096801548,2.97E-34,4.97837905005743,3.76E-34,4.9784367315957,6.55E-34,4.9784936854916,1.52E-33,4.97836945046362,5.76E-33,4.97844006642686,1.58E-32
,,,,,,,,,,,,4.98314101601608,2.97E-34,4.98317909805782,3.76E-34,4.9832367795963,6.55E-34,4.98329373349208,1.52E-33,4.98316949846411,5.76E-33,4.98324011442728,1.58E-32
,,,,,,,,,,,,4.98794106401652,2.97E-34,4.98797914605843,3.76E-34,4.98803682759674,6.55E-34,4.98809378149266,1.52E-33,4.98796954646453,5.76E-33,4.98804016242779,1.58E-32
,,,,,,,,,,,,4.99274111201696,2.97E-34,4.99277919405886,3.76E-34,4.99283687559717,6.54E-34,4.99289382949303,1.52E-33,4.99276959446508,5.76E-33,4.99284021042827,1.58E-32
,,,,,,,,,,,,4.99754116001752,2.96E-34,4.9975792420593,3.76E-34,4.99763692359774,6.54E-34,4.99769387749354,1.52E-33,4.99756964246553,5.76E-33,4.99764025842871,1.58E-32
,,,,,,,,,,,,5.00234120801793,2.96E-34,5.00237929005986,3.76E-34,5.00243697159816,6.54E-34,5.00249392549409,1.52E-33,5.00236969046596,5.76E-33,5.00244030642925,1.58E-32
,,,,,,,,,,,,5.00714125601841,2.96E-34,5.00717933806028,3.76E-34,5.00723701959864,6.54E-34,5.00729397349447,1.52E-33,5.00716973846656,5.76E-33,5.00724035442971,1.58E-32
,,,,,,,,,,,,5.01194130401895,2.96E-34,5.01197938606076,3.76E-34,5.01203706759918,6.54E-34,5.01209402149501,1.52E-33,5.01196978646696,5.76E-33,5.01204040243013,1.58E-32
,,,,,,,,,,,,5.01674135201935,2.96E-34,5.0167794340613,3.75E-34,5.01683711559957,6.54E-34,5.0168940694955,1.52E-33,5.0167698344674,5.76E-33,5.01684045043073,1.58E-32
,,,,,,,,,,,,5.02154140001988,2.96E-34,5.0215794820617,3.75E-34,5.02163716360009,6.54E-34,5.0216941174959,1.52E-33,5.021569882468,5.76E-33,5.02164049843114,1.58E-32
,,,,,,,,,,,,5.02634144802038,2.95E-34,5.02637953006222,3.75E-34,5.02643721160062,6.54E-34,5.02649416549646,1.52E-33,5.0263699304684,5.76E-33,5.02644054643155,1.58E-32
,,,,,,,,,,,,5.03114149602078,2.95E-34,5.03117957806273,3.75E-34,5.031237259601,6.54E-34,5.03129421349691,1.52E-33,5.03116997846883,5.76E-33,5.03124059443218,1.58E-32
,,,,,,,,,,,,5.03594154402135,2.95E-34,5.03597962606312,3.75E-34,5.03603730760155,6.54E-34,5.03609426149734,1.52E-33,5.03597002646944,5.76E-33,5.03604064243257,1.58E-32
,,,,,,,,,,,,5.04074159202182,2.95E-34,5.04077967406369,3.75E-34,5.04083735560206,6.54E-34,5.04089430949794,1.52E-33,5.04077007446983,5.76E-33,5.04084069043299,1.58E-32
,,,,,,,,,,,,5.04554164002221,2.95E-34,5.04557972206416,3.75E-34,5.04563740360243,6.54E-34,5.04569435749834,1.52E-33,5.0455701224703,5.76E-33,5.04564073843362,1.58E-32
,,,,,,,,,,,,5.05034168802279,2.95E-34,5.05037977006455,3.75E-34,5.050437451603,6.54E-34,5.05049440549878,1.52E-33,5.05037017047087,5.76E-33,5.05044078643401,1.58E-32
,,,,,,,,,,,,5.05514173602325,2.94E-34,5.05517981806514,3.75E-34,5.05523749960349,6.54E-34,5.05529445349939,1.52E-33,5.05517021847126,5.76E-33,5.05524083443447,1.58E-32
,,,,,,,,,,,,5.05994178402364,2.94E-34,5.0599798660656,3.74E-34,5.06003754760387,6.54E-34,5.06009450149978,1.52E-33,5.05997026647177,5.76E-33,5.06004088243504,1.58E-32
,,,,,,,,,,,,5.06474183202424,2.94E-34,5.06477991406599,3.74E-34,5.06483759560445,6.53E-34,5.06489454950021,1.52E-33,5.06477031447228,5.76E-33,5.06484093043544,1.58E-32
,,,,,,,,,,,,5.06954188002469,2.94E-34,5.06957996206658,3.74E-34,5.0696376436049,6.53E-34,5.06969459750082,1.52E-33,5.0695703624727,5.76E-33,5.06964097843593,1.58E-32
,,,,,,,,,,,,5.07434192802511,2.94E-34,5.07438001006703,3.74E-34,5.07443769160531,6.53E-34,5.07449464550121,1.52E-33,5.07437041047322,5.76E-33,5.07444102643645,1.58E-32
,,,,,,,,,,,,5.07914197602568,2.94E-34,5.07918005806745,3.74E-34,5.07923773960592,6.53E-34,5.07929469350168,1.52E-33,5.07917045847369,5.76E-33,5.07924107443687,1.58E-32
,,,,,,,,,,,,5.0839420240261,2.93E-34,5.08398010606803,3.74E-34,5.08403778760632,6.53E-34,5.08409474150224,1.52E-33,5.08397050647413,5.76E-33,5.08404112243739,1.58E-32
,,,,,,,,,,,,5.08874207202658,2.93E-34,5.08878015406844,3.74E-34,5.08883783560678,6.53E-34,5.08889478950264,1.52E-33,5.0887705544747,5.76E-33,5.08884117043787,1.58E-32
,,,,,,,,,,,,5.09354212002712,2.93E-34,5.09358020206892,3.74E-34,5.09363788360735,6.53E-34,5.09369483750315,1.52E-33,5.09357060247513,5.76E-33,5.0936412184383,1.58E-32
,,,,,,,,,,,,5.09834216802751,2.93E-34,5.09838025006946,3.74E-34,5.09843793160774,6.53E-34,5.09849488550366,1.52E-33,5.09837065047554,5.76E-33,5.09844126643887,1.58E-32
,,,,,,,,,,,,5.10314221602803,2.93E-34,5.10318029806985,3.73E-34,5.10323797960822,6.53E-34,5.10329493350408,1.52E-33,5.10317069847618,5.76E-33,5.10324131443931,1.58E-32
,,,,,,,,,,,,5.10794226402855,2.93E-34,5.10798034607038,3.73E-34,5.10803802760879,6.53E-34,5.1080949815046,1.52E-33,5.10797074647656,5.76E-33,5.10804136243971,1.58E-32
,,,,,,,,,,,,5.11274231202894,2.92E-34,5.11278039407089,3.73E-34,5.11283807560918,6.53E-34,5.11289502950508,1.52E-33,5.11277079447697,5.76E-33,5.11284141044035,1.58E-32
,,,,,,,,,,,,5.11754236002949,2.92E-34,5.11758044207128,3.73E-34,5.11763812360968,6.53E-34,5.11769507750551,1.52E-33,5.11757084247761,5.76E-33,5.11764145844074,1.58E-32
,,,,,,,,,,,,5.12234240802999,2.92E-34,5.12238049007183,3.73E-34,5.12243817161022,6.53E-34,5.12249512550608,1.52E-33,5.12237089047799,5.76E-33,5.12244150644114,1.58E-32
,,,,,,,,,,,,5.12714245603037,2.92E-34,5.12718053807234,3.73E-34,5.12723821961061,6.53E-34,5.12729517350651,1.52E-33,5.12717093847845,5.76E-33,5.12724155444178,1.58E-32
,,,,,,,,,,,,5.13194250403094,2.92E-34,5.13198058607272,3.73E-34,5.13203826761114,6.53E-34,5.13209522150692,1.52E-33,5.13197098647903,5.76E-33,5.13204160244217,1.58E-32
,,,,,,,,,,,,5.13674255203143,2.92E-34,5.13678063407328,3.73E-34,5.13683831561165,6.53E-34,5.13689526950756,1.52E-33,5.13677103447943,5.76E-33,5.13684165044262,1.58E-32
,,,,,,,,,,,,5.14154260003181,2.91E-34,5.14158068207377,3.73E-34,5.14163836361204,6.52E-34,5.14169531750794,1.52E-33,5.14157108247992,5.76E-33,5.14164169844319,1.58E-32
,,,,,,,,,,,,5.14634264803238,2.91E-34,5.14638073007415,3.72E-34,5.14643841161259,6.52E-34,5.14649536550836,1.52E-33,5.14637113048045,5.76E-33,5.14644174644361,1.58E-32
,,,,,,,,,,,,5.15114269603285,2.91E-34,5.15118077807472,3.72E-34,5.15123845961306,6.52E-34,5.151295413509,1.52E-33,5.15117117848086,5.76E-33,5.15124179444409,1.58E-32
,,,,,,,,,,,,5.15594274403325,2.91E-34,5.15598082607519,3.72E-34,5.15603850761348,6.52E-34,5.15609546150938,1.52E-33,5.15597122648138,5.76E-33,5.15604184244462,1.58E-32
,,,,,,,,,,,,5.16074279203385,2.91E-34,5.1607808740756,3.72E-34,5.16083855561407,6.52E-34,5.16089550950982,1.52E-33,5.16077127448187,5.76E-33,5.16084189044504,1.58E-32
,,,,,,,,,,,,5.16554284003426,2.91E-34,5.16558092207619,3.72E-34,5.16563860361448,6.52E-34,5.16569555751042,1.52E-33,5.16557132248228,5.76E-33,5.16564193844554,1.58E-32
,,,,,,,,,,,,5.17034288803472,2.90E-34,5.17038097007661,3.72E-34,5.17043865161493,6.52E-34,5.17049560551081,1.52E-33,5.17037137048286,5.76E-33,5.17044198644605,1.58E-32
,,,,,,,,,,,,5.17514293603529,2.90E-34,5.17518101807706,3.72E-34,5.17523869961553,6.52E-34,5.17529565351129,1.52E-33,5.1751714184833,5.76E-33,5.17524203444645,1.58E-32
,,,,,,,,,,,,5.17994298403567,2.90E-34,5.17998106607764,3.72E-34,5.18003874761591,6.52E-34,5.18009570151183,1.52E-33,5.17997146648369,5.76E-33,5.18004208244702,1.58E-32
,,,,,,,,,,,,5.18474303203618,2.90E-34,5.18478111407802,3.72E-34,5.18483879561637,6.52E-34,5.18489574951224,1.52E-33,5.18477151448432,5.76E-33,5.18484213044748,1.58E-32
,,,,,,,,,,,,5.18954308003673,2.90E-34,5.18958116207852,3.71E-34,5.18963884361696,6.52E-34,5.18969579751276,1.52E-33,5.18957156248474,5.76E-33,5.18964217844786,1.58E-32
,,,,,,,,,,,,5.19434312803711,2.90E-34,5.19438121007907,3.71E-34,5.19443889161734,6.52E-34,5.19449584551324,1.52E-33,5.19437161048512,5.76E-33,5.19444222644849,1.58E-32
,,,,,,,,,,,,5.19914317603763,2.90E-34,5.19918125807945,3.71E-34,5.19923893961782,6.52E-34,5.19929589351368,1.52E-33,5.19917165848578,5.76E-33,5.19924227444892,1.58E-32
,,,,,,,,,,,,5.20394322403816,2.89E-34,5.20398130607998,3.71E-34,5.2040389876184,6.52E-34,5.20409594151424,1.52E-33,5.20397170648617,5.76E-33,5.20404232244929,1.58E-32
,,,,,,,,,,,,5.20874327203854,2.89E-34,5.2087813540805,3.71E-34,5.20883903561878,6.52E-34,5.20889598951467,1.52E-33,5.2087717544866,5.76E-33,5.20884237044994,1.58E-32
,,,,,,,,,,,,5.21354332003909,2.89E-34,5.21358140208088,3.71E-34,5.21363908361928,6.52E-34,5.21369603751509,1.52E-33,5.21357180248719,5.76E-33,5.21364241845035,1.58E-32
,,,,,,,,,,,,5.21834336803959,2.89E-34,5.21838145008143,3.71E-34,5.21843913161982,6.51E-34,5.21849608551571,1.52E-33,5.2183718504876,5.76E-33,5.21844246645076,1.58E-32
,,,,,,,,,,,,5.22314341603997,2.89E-34,5.22318149808194,3.71E-34,5.22323917962021,6.51E-34,5.22329613351611,1.52E-33,5.22317189848806,5.76E-33,5.22324251445136,1.58E-32
,,,,,,,,,,,,5.22794346404053,2.89E-34,5.22798154608232,3.71E-34,5.22803922762075,6.51E-34,5.2280961815165,1.52E-33,5.2279719464886,5.76E-33,5.22804256245178,1.58E-32
,,,,,,,,,,,,5.23274351204102,2.88E-34,5.23278159408288,3.70E-34,5.23283927562123,6.51E-34,5.23289622951716,1.52E-33,5.23277199448904,5.76E-33,5.23284261045223,1.58E-32
,,,,,,,,,,,,5.23754356004141,2.88E-34,5.23758164208336,3.70E-34,5.23763932362164,6.51E-34,5.23769627751754,1.52E-33,5.23757204248952,5.76E-33,5.23764265845278,1.58E-32
,,,,,,,,,,,,5.24234360804201,2.88E-34,5.24238169008375,3.70E-34,5.24243937162223,6.51E-34,5.24249632551798,1.52E-33,5.24237209049003,5.76E-33,5.2424427064532,1.58E-32
,,,,,,,,,,,,5.24714365604243,2.88E-34,5.24718173808436,3.70E-34,5.24723941962264,6.51E-34,5.24729637351858,1.52E-33,5.24717213849045,5.76E-33,5.24724275445369,1.58E-32
,,,,,,,,,,,,5.25194370404286,2.88E-34,5.25198178608477,3.70E-34,5.25203946762308,6.51E-34,5.25209642151898,1.52E-33,5.25197218649101,5.76E-33,5.25204280245421,1.58E-32
,,,,,,,,,,,,5.25674375204346,2.88E-34,5.25678183408521,3.70E-34,5.25683951562369,6.51E-34,5.25689646951944,1.52E-33,5.25677223449147,5.76E-33,5.25684285045462,1.58E-32
,,,,,,,,,,,,5.26154380004385,2.88E-34,5.2615818820858,3.70E-34,5.26163956362407,6.51E-34,5.26169651751999,1.52E-33,5.26157228249186,5.76E-33,5.26164289845518,1.58E-32
,,,,,,,,,,,,5.26634384804432,2.87E-34,5.26638193008619,3.70E-34,5.26643961162451,6.51E-34,5.26649656552041,1.52E-33,5.26637233049248,5.76E-33,5.26644294645565,1.58E-32
,,,,,,,,,,,,5.27114389604489,2.87E-34,5.27118197808666,3.70E-34,5.27123965962513,6.51E-34,5.27129661352091,1.52E-33,5.2711723784929,5.76E-33,5.27124299445603,1.58E-32
,,,,,,,,,,,,5.27594394404528,2.87E-34,5.27598202608724,3.70E-34,5.27603970762551,6.51E-34,5.27609666152142,1.52E-33,5.27597242649328,5.76E-33,5.27604304245664,1.58E-32
,,,,,,,,,,,,5.28074399204578,2.87E-34,5.28078207408763,3.69E-34,5.28083975562598,6.51E-34,5.28089670952183,1.52E-33,5.28077247449393,5.76E-33,5.28084309045708,1.58E-32
,,,,,,,,,,,,5.28554404004633,2.87E-34,5.28558212208812,3.69E-34,5.28563980362656,6.51E-34,5.28569675752238,1.52E-33,5.28557252249433,5.76E-33,5.28564313845746,1.58E-32
,,,,,,,,,,,,5.29034408804672,2.87E-34,5.29038217008867,3.69E-34,5.29043985162694,6.51E-34,5.29049680552285,1.52E-33,5.29037257049474,5.76E-33,5.29044318645809,1.58E-32
,,,,,,,,,,,,5.29514413604722,2.87E-34,5.29518221808906,3.69E-34,5.29523989962743,6.51E-34,5.29529685352325,1.52E-33,5.29517261849536,5.76E-33,5.29524323445851,1.58E-32
,,,,,,,,,,,,5.29994418404776,2.86E-34,5.29998226608956,3.69E-34,5.30003994762798,6.50E-34,5.30009690152385,1.52E-33,5.29997266649577,5.76E-33,5.30004328245891,1.58E-32
,,,,,,,,,,,,5.30474423204815,2.86E-34,5.3047823140901,3.69E-34,5.30483999562837,6.50E-34,5.30489694952428,1.52E-33,5.30477271449622,5.76E-33,5.30484333045952,1.58E-32
,,,,,,,,,,,,5.30954428004868,2.86E-34,5.30958236209049,3.69E-34,5.3096400436289,6.50E-34,5.30969699752466,1.52E-33,5.30957276249677,5.76E-33,5.30964337845995,1.58E-32
,,,,,,,,,,,,5.31434432804917,2.86E-34,5.31438241009102,3.69E-34,5.31444009162939,6.50E-34,5.31449704552533,1.52E-33,5.3143728104972,5.76E-33,5.31444342646038,1.58E-32
,,,,,,,,,,,,5.31914437604958,2.86E-34,5.31918245809151,3.69E-34,5.31924013962981,6.50E-34,5.31929709352572,1.52E-33,5.3191728584977,5.76E-33,5.31924347446095,1.58E-32
,,,,,,,,,,,,5.32394442405017,2.86E-34,5.32398250609193,3.69E-34,5.32404018763037,6.50E-34,5.32409714152612,1.52E-33,5.3239729064982,5.76E-33,5.32404352246137,1.58E-32
,,,,,,,,,,,,5.32874447205058,2.86E-34,5.32878255409251,3.68E-34,5.32884023563082,6.50E-34,5.32889718952674,1.52E-33,5.32877295449861,5.76E-33,5.32884357046186,1.58E-32
,,,,,,,,,,,,5.33354452005102,2.85E-34,5.33358260209292,3.68E-34,5.33364028363124,6.50E-34,5.33369723752715,1.52E-33,5.33357300249915,5.76E-33,5.33364361846238,1.58E-32
,,,,,,,,,,,,5.33834456805163,2.85E-34,5.33838265009336,3.68E-34,5.33844033163184,6.50E-34,5.33849728552759,1.52E-33,5.33837305049963,5.76E-33,5.33844366646278,1.58E-32
,,,,,,,,,,,,5.34314461605201,2.85E-34,5.34318269809398,3.68E-34,5.34324037963225,6.50E-34,5.34329733352815,1.52E-33,5.34317309850002,5.76E-33,5.34324371446332,1.58E-32
,,,,,,,,,,,,5.34794466405246,2.85E-34,5.34798274609436,3.68E-34,5.34804042763268,6.50E-34,5.34809738152858,1.52E-33,5.34797314650062,5.76E-33,5.34804376246381,1.58E-32
,,,,,,,,,,,,5.35274471205307,2.85E-34,5.35278279409481,3.68E-34,5.35284047563329,6.50E-34,5.35289742952908,1.52E-33,5.35277319450107,5.76E-33,5.3528438104642,1.58E-32
,,,,,,,,,,,,5.35754476005345,2.85E-34,5.35758284209541,3.68E-34,5.35764052363368,6.50E-34,5.35769747752958,1.52E-33,5.35757324250146,5.76E-33,5.35764385846478,1.58E-32
,,,,,,,,,,,,5.36234480805391,2.85E-34,5.36238289009579,3.68E-34,5.36244057163411,6.50E-34,5.36249752553,1.52E-33,5.36237329050209,5.76E-33,5.36244390646525,1.58E-32
,,,,,,,,,,,,5.3671448560545,2.84E-34,5.36718293809625,3.68E-34,5.36724061963473,6.50E-34,5.36729757353053,1.52E-33,5.3671733385025,5.76E-33,5.36724395446564,1.58E-32
,,,,,,,,,,,,5.37194490405488,2.84E-34,5.37198298609685,3.68E-34,5.37204066763512,6.50E-34,5.37209762153102,1.52E-33,5.37197338650289,5.76E-33,5.37204400246624,1.58E-32
,,,,,,,,,,,,5.37674495205537,2.84E-34,5.37678303409723,3.67E-34,5.37684071563558,6.50E-34,5.37689766953141,1.52E-33,5.37677343450352,5.76E-33,5.37684405046668,1.58E-32
,,,,,,,,,,,,5.38154500005592,2.84E-34,5.38158308209772,3.67E-34,5.38164076363614,6.50E-34,5.381697717532,1.52E-33,5.38157348250393,5.76E-33,5.38164409846707,1.58E-32
,,,,,,,,,,,,5.38634504805631,2.84E-34,5.38638313009827,3.67E-34,5.38644081163655,6.49E-34,5.38649776553245,1.52E-33,5.38637353050436,5.76E-33,5.38644414646768,1.58E-32
,,,,,,,,,,,,5.39114509605685,2.84E-34,5.39118317809866,3.67E-34,5.39124085963707,6.49E-34,5.39129781353283,1.52E-33,5.39117357850494,5.76E-33,5.39124419446811,1.58E-32
,,,,,,,,,,,,5.39594514405733,2.84E-34,5.3959832260992,3.67E-34,5.39604090763755,6.49E-34,5.39609786153347,1.52E-33,5.39597362650536,5.75E-33,5.39604424246853,1.58E-32
,,,,,,,,,,,,5.40074519205775,2.83E-34,5.40078327409968,3.67E-34,5.40084095563798,6.49E-34,5.40089790953388,1.52E-33,5.40077367450584,5.75E-33,5.40084429046912,1.58E-32
,,,,,,,,,,,,5.40554524005831,2.83E-34,5.40558332210009,3.67E-34,5.40564100363852,6.49E-34,5.40569795753427,1.52E-33,5.40557372250638,5.75E-33,5.40564433846952,1.58E-32
,,,,,,,,,,,,5.41034528805875,2.83E-34,5.41038337010065,3.67E-34,5.41044105163898,6.49E-34,5.4104980055349,1.52E-33,5.41037377050678,5.75E-33,5.41044438647001,1.58E-32
,,,,,,,,,,,,5.41514533605918,2.83E-34,5.41518341810109,3.67E-34,5.4152410996394,6.49E-34,5.41529805353532,1.52E-33,5.41517381850729,5.75E-33,5.41524443447056,1.58E-32
,,,,,,,,,,,,5.41994538405978,2.83E-34,5.41998346610153,3.67E-34,5.42004114763999,6.49E-34,5.42009810153574,1.52E-33,5.41997386650781,5.75E-33,5.42004448247095,1.58E-32
,,,,,,,,,,,,5.42474543206018,2.83E-34,5.42478351410212,3.67E-34,5.42484119564042,6.49E-34,5.42489814953631,1.52E-33,5.42477391450819,5.75E-33,5.42484453047146,1.58E-32
,,,,,,,,,,,,5.42954548006063,2.83E-34,5.42958356210252,3.66E-34,5.42964124364081,6.49E-34,5.42969819753675,1.52E-33,5.42957396250876,5.75E-33,5.42964457847199,1.58E-32
,,,,,,,,,,,,5.43434552806123,2.82E-34,5.43438361010297,3.66E-34,5.43444129164147,6.49E-34,5.43449824553722,1.52E-33,5.43437401050924,5.75E-33,5.43444462647237,1.58E-32
,,,,,,,,,,,,5.43914557606161,2.82E-34,5.43918365810358,3.66E-34,5.43924133964185,6.49E-34,5.43929829353775,1.52E-33,5.43917405850962,5.75E-33,5.43924467447292,1.58E-32
,,,,,,,,,,,,5.44394562406206,2.82E-34,5.44398370610396,3.66E-34,5.44404138764226,6.49E-34,5.44409834153816,1.52E-33,5.44397410651022,5.75E-33,5.44404472247342,1.58E-32
,,,,,,,,,,,,5.44874567206267,2.82E-34,5.4487837541044,3.66E-34,5.44884143564289,6.49E-34,5.44889838953868,1.52E-33,5.44877415451068,5.75E-33,5.4488447704738,1.58E-32
,,,,,,,,,,,,5.45354572006305,2.82E-34,5.45358380210501,3.66E-34,5.45364148364328,6.49E-34,5.45369843753918,1.52E-33,5.45357420251106,5.75E-33,5.45364481847437,1.58E-32
,,,,,,,,,,,,5.45834576806352,2.82E-34,5.45838385010539,3.66E-34,5.45844153164373,6.49E-34,5.45849848553958,1.52E-33,5.45837425051165,5.75E-33,5.45844486647486,1.58E-32
,,,,,,,,,,,,5.46314581606409,2.82E-34,5.46318389810586,3.66E-34,5.4632415796443,6.49E-34,5.46329853354014,1.52E-33,5.46317429851211,5.75E-33,5.46324491447524,1.58E-32
,,,,,,,,,,,,5.46794586406448,2.82E-34,5.46798394610643,3.66E-34,5.46804162764472,6.49E-34,5.46809858154061,1.52E-33,5.46797434651251,5.75E-33,5.46804496247582,1.58E-32
,,,,,,,,,,,,5.47274591206499,2.81E-34,5.47278399410682,3.66E-34,5.47284167564521,6.49E-34,5.472898629541,1.52E-33,5.47277439451311,5.75E-33,5.47284501047628,1.58E-32
,,,,,,,,,,,,5.4775459600655,2.81E-34,5.47758404210734,3.66E-34,5.47764172364571,6.48E-34,5.47769867754161,1.52E-33,5.47757444251352,5.75E-33,5.47764505847668,1.58E-32
,,,,,,,,,,,,5.48234600806592,2.81E-34,5.48238409010784,3.65E-34,5.48244177164615,6.48E-34,5.48249872554205,1.52E-33,5.48237449051399,5.75E-33,5.48244510647729,1.58E-32
,,,,,,,,,,,,5.48714605606645,2.81E-34,5.48718413810827,3.65E-34,5.48724181964667,6.48E-34,5.48729877354244,1.52E-33,5.48717453851454,5.75E-33,5.48724515447769,1.58E-32
,,,,,,,,,,,,5.49194610406692,2.81E-34,5.4919841861088,3.65E-34,5.49204186764715,6.48E-34,5.49209882154305,1.52E-33,5.49197458651493,5.75E-33,5.49204520247816,1.58E-32
,,,,,,,,,,,,5.49674615206735,2.81E-34,5.49678423410927,3.65E-34,5.49684191564757,6.48E-34,5.49689886954349,1.52E-33,5.49677463451545,5.75E-33,5.49684525047872,1.58E-32
,,,,,,,,,,,,5.50154620006792,2.81E-34,5.50158428210969,3.65E-34,5.50164196364813,6.48E-34,5.50169891754388,1.52E-33,5.50157468251597,5.75E-33,5.5016452984791,1.58E-32
,,,,,,,,,,,,5.50634624806835,2.80E-34,5.50638433011026,3.65E-34,5.50644201164858,6.48E-34,5.50649896554449,1.52E-33,5.50637473051637,5.75E-33,5.50644534647962,1.58E-32
,,,,,,,,,,,,5.51114629606876,2.80E-34,5.5111843781107,3.65E-34,5.51124205964898,6.48E-34,5.51129901354491,1.52E-33,5.5111747785169,5.75E-33,5.51124539448015,1.58E-32
,,,,,,,,,,,,5.5159463440694,2.80E-34,5.5159844261111,3.65E-34,5.51604210764961,6.48E-34,5.51609906154536,1.52E-33,5.51597482651741,5.75E-33,5.51604544248054,1.58E-32
,,,,,,,,,,,,5.52074639206979,2.80E-34,5.52078447411174,3.65E-34,5.52084215565001,6.48E-34,5.52089910954592,1.52E-33,5.5207748745178,5.75E-33,5.52084549048106,1.58E-32
,,,,,,,,,,,,5.52554644007019,2.80E-34,5.52558452211213,3.65E-34,5.5256422036504,6.48E-34,5.52569915754633,1.52E-33,5.52557492251836,5.75E-33,5.52564553848159,1.58E-32
,,,,,,,,,,,,5.53034648807083,2.80E-34,5.53038457011254,3.65E-34,5.53044225165106,6.48E-34,5.53049920554682,1.52E-33,5.53037497051884,5.75E-33,5.53044558648198,1.58E-32
,,,,,,,,,,,,5.53514653607122,2.80E-34,5.53518461811318,3.64E-34,5.53524229965146,6.48E-34,5.53529925354736,1.52E-33,5.53517501851923,5.75E-33,5.53524563448252,1.58E-32
,,,,,,,,,,,,5.53994658407167,2.80E-34,5.53998466611357,3.64E-34,5.54004234765187,6.48E-34,5.54009930154774,1.52E-33,5.53997506651979,5.75E-33,5.54004568248302,1.58E-32
,,,,,,,,,,,,5.54474663207224,2.79E-34,5.54478471411401,3.64E-34,5.54484239565247,6.48E-34,5.54489934954829,1.52E-33,5.54477511452028,5.75E-33,5.54484573048341,1.58E-32
,,,,,,,,,,,,5.54954668007266,2.79E-34,5.54958476211459,3.64E-34,5.54964244365289,6.48E-34,5.54969939754879,1.52E-33,5.54957516252067,5.75E-33,5.54964577848396,1.58E-32
,,,,,,,,,,,,5.55434672807315,2.79E-34,5.554384810115,3.64E-34,5.55444249165335,6.48E-34,5.55449944554918,1.52E-33,5.55437521052126,5.75E-33,5.55444582648444,1.58E-32
,,,,,,,,,,,,5.55914677607365,2.79E-34,5.55918485811549,3.64E-34,5.55924253965389,6.48E-34,5.55929949354974,1.52E-33,5.5591752585217,5.75E-33,5.55924587448485,1.58E-32
,,,,,,,,,,,,5.56394682407409,2.79E-34,5.563984906116,3.64E-34,5.56404258765431,6.48E-34,5.56409954155022,1.52E-33,5.56397530652213,5.75E-33,5.56404592248543,1.58E-32
,,,,,,,,,,,,5.56874687207461,2.79E-34,5.56878495411643,3.64E-34,5.56884263565481,6.48E-34,5.56889958955062,1.52E-33,5.56877535452271,5.75E-33,5.56884597048587,1.58E-32
,,,,,,,,,,,,5.57354692007509,2.79E-34,5.57358500211695,3.64E-34,5.57364268365532,6.47E-34,5.57369963755118,1.52E-33,5.57357540252311,5.75E-33,5.5736460184863,1.58E-32
,,,,,,,,,,,,5.57834696807551,2.79E-34,5.57838505011743,3.64E-34,5.57844273165573,6.47E-34,5.57849968555166,1.52E-33,5.57837545052359,5.75E-33,5.57844606648689,1.58E-32
,,,,,,,,,,,,5.58314701607607,2.78E-34,5.58318509811786,3.64E-34,5.58324277965627,6.47E-34,5.58329973355205,1.52E-33,5.58317549852414,5.75E-33,5.58324611448728,1.58E-32
,,,,,,,,,,,,5.58794706407652,2.78E-34,5.58798514611842,3.63E-34,5.58804282765676,6.47E-34,5.58809978155264,1.52E-33,5.58797554652453,5.75E-33,5.58804616248776,1.58E-32
,,,,,,,,,,,,5.59274711207692,2.78E-34,5.59278519411886,3.63E-34,5.59284287565715,6.47E-34,5.59289982955307,1.52E-33,5.59277559452505,5.75E-33,5.59284621048832,1.58E-32
,,,,,,,,,,,,5.59754716007755,2.78E-34,5.59758524211927,3.63E-34,5.59764292365775,6.47E-34,5.59769987755352,1.52E-33,5.59757564252557,5.75E-33,5.59764625848871,1.58E-32
,,,,,,,,,,,,5.60234720807795,2.78E-34,5.6023852901199,3.63E-34,5.60244297165819,6.47E-34,5.60249992555409,1.52E-33,5.60237569052596,5.75E-33,5.6024463064892,1.58E-32
,,,,,,,,,,,,5.60714725607834,2.78E-34,5.6071853381203,3.63E-34,5.60724301965858,6.47E-34,5.60729997355449,1.52E-33,5.6071757385265,5.75E-33,5.60724635448975,1.58E-32
,,,,,,,,,,,,5.611947304079,2.78E-34,5.61198538612069,3.63E-34,5.61204306765919,6.47E-34,5.61210002155498,1.52E-33,5.61197578652702,5.75E-33,5.61204640249014,1.58E-32
,,,,,,,,,,,,5.61674735207939,2.78E-34,5.61678543412134,3.63E-34,5.61684311565962,6.47E-34,5.61690006955552,1.52E-33,5.6167758345274,5.75E-33,5.61684645049066,1.58E-32
,,,,,,,,,,,,5.62154740007981,2.77E-34,5.62158548212173,3.63E-34,5.62164316366003,6.47E-34,5.62170011755591,1.52E-33,5.62157588252796,5.75E-33,5.6216464984912,1.58E-32
,,,,,,,,,,,,5.62634744808041,2.77E-34,5.62638553012216,3.63E-34,5.62644321166062,6.47E-34,5.62650016555643,1.52E-33,5.62637593052844,5.75E-33,5.62644654649158,1.58E-32
,,,,,,,,,,,,5.63114749608083,2.77E-34,5.63118557812275,3.63E-34,5.63124325966106,6.47E-34,5.63130021355696,1.52E-33,5.63117597852883,5.75E-33,5.63124659449213,1.58E-32
,,,,,,,,,,,,5.63594754408129,2.77E-34,5.63598562612318,3.63E-34,5.6360433076615,6.47E-34,5.63610026155735,1.52E-33,5.63597602652942,5.75E-33,5.63604664249261,1.58E-32
,,,,,,,,,,,,5.64074759208182,2.77E-34,5.64078567412364,3.63E-34,5.64084335566205,6.47E-34,5.64090030955789,1.52E-33,5.64077607452985,5.75E-33,5.64084669049301,1.58E-32
,,,,,,,,,,,,5.64554764008227,2.77E-34,5.64558572212416,3.62E-34,5.64564340366248,6.47E-34,5.64570035755839,1.52E-33,5.64557612253028,5.75E-33,5.64564673849358,1.58E-32
,,,,,,,,,,,,5.65034768808275,2.77E-34,5.65038577012461,3.62E-34,5.65044345166297,6.47E-34,5.65050040555878,1.52E-33,5.65037617053088,5.75E-33,5.65044678649402,1.58E-32
,,,,,,,,,,,,5.65514773608325,2.77E-34,5.65518581812509,3.62E-34,5.65524349966349,6.47E-34,5.65530045355933,1.52E-33,5.65517621853126,5.75E-33,5.65524683449444,1.58E-32
,,,,,,,,,,,,5.65994778408368,2.76E-34,5.6599858661256,3.62E-34,5.66004354766389,6.47E-34,5.66010050155983,1.52E-33,5.65997626653174,5.75E-33,5.66004688249506,1.58E-32
,,,,,,,,,,,,5.66474783208421,2.76E-34,5.66478591412602,3.62E-34,5.66484359566443,6.47E-34,5.66490054956021,1.52E-33,5.66477631453232,5.75E-33,5.66484693049544,1.58E-32
,,,,,,,,,,,,5.66954788008469,2.76E-34,5.66958596212656,3.62E-34,5.66964364366492,6.47E-34,5.66970059756079,1.52E-33,5.66957636253271,5.75E-33,5.6696469784959,1.58E-32
,,,,,,,,,,,,5.67434792808509,2.76E-34,5.67438601012703,3.62E-34,5.67444369166531,6.46E-34,5.67450064556125,1.52E-33,5.67437641053318,5.75E-33,5.6744470264965,1.58E-32
,,,,,,,,,,,,5.67914797608569,2.76E-34,5.67918605812743,3.62E-34,5.6792437396659,6.46E-34,5.67930069356166,1.52E-33,5.67917645853375,5.75E-33,5.67924707449689,1.58E-32
,,,,,,,,,,,,5.68394802408613,2.76E-34,5.68398610612804,3.62E-34,5.68404378766636,6.46E-34,5.68410074156225,1.52E-33,5.68397650653414,5.75E-33,5.68404712249733,1.58E-32
,,,,,,,,,,,,5.68874807208651,2.76E-34,5.68878615412847,3.62E-34,5.68884383566675,6.46E-34,5.68890078956266,1.52E-33,5.68877655453463,5.75E-33,5.68884717049793,1.58E-32
,,,,,,,,,,,,5.69354812008715,2.76E-34,5.69358620212885,3.62E-34,5.69364388366734,6.46E-34,5.69370083756313,1.52E-33,5.69357660253518,5.75E-33,5.69364721849832,1.58E-32
,,,,,,,,,,,,5.69834816808756,2.76E-34,5.69838625012949,3.62E-34,5.6984439316678,6.46E-34,5.69850088556369,1.52E-33,5.69837665053557,5.75E-33,5.6984472664988,1.58E-32
,,,,,,,,,,,,5.70314821608795,2.75E-34,5.70318629812991,3.62E-34,5.70324397966818,6.46E-34,5.70330093356408,1.52E-33,5.7031766985361,5.75E-33,5.70324731449935,1.58E-32
,,,,,,,,,,,,5.70794826408857,2.75E-34,5.7079863461303,3.61E-34,5.70804402766877,6.46E-34,5.70810098156457,1.52E-33,5.70797674653659,5.75E-33,5.70804736249975,1.58E-32
,,,,,,,,,,,,5.712748312089,2.75E-34,5.71278639413092,3.61E-34,5.71284407566923,6.46E-34,5.71290102956513,1.52E-33,5.71277679453701,5.75E-33,5.71284741050027,1.58E-32
,,,,,,,,,,,,5.71754836008943,2.75E-34,5.71758644213134,3.61E-34,5.71764412366965,6.46E-34,5.71770107756551,1.52E-33,5.71757684253756,5.75E-33,5.71764745850076,1.58E-32
,,,,,,,,,,,,5.72234840808999,2.75E-34,5.72238649013178,3.61E-34,5.72244417167022,6.46E-34,5.72250112556603,1.52E-33,5.72237689053802,5.75E-33,5.72244750650119,1.58E-32
,,,,,,,,,,,,5.72714845609042,2.75E-34,5.72718653813234,3.61E-34,5.72724421967064,6.46E-34,5.72730117356657,1.52E-33,5.72717693853844,5.75E-33,5.72724755450173,1.58E-32
,,,,,,,,,,,,5.7319485040909,2.75E-34,5.73198658613276,3.61E-34,5.73204426767111,6.46E-34,5.73210122156695,1.52E-33,5.73197698653904,5.75E-33,5.73204760250218,1.58E-32
,,,,,,,,,,,,5.73674855209143,2.75E-34,5.73678663413325,3.61E-34,5.73684431567165,6.46E-34,5.73690126956748,1.52E-33,5.73677703453944,5.75E-33,5.73684765050262,1.58E-32
,,,,,,,,,,,,5.74154860009184,2.74E-34,5.74158668213377,3.61E-34,5.74164436367206,6.46E-34,5.74170131756799,1.52E-33,5.74157708253989,5.75E-33,5.7416476985032,1.58E-32
,,,,,,,,,,,,5.74634864809236,2.74E-34,5.74638673013419,3.61E-34,5.74644441167257,6.46E-34,5.74650136556838,1.52E-33,5.74637713054048,5.75E-33,5.74644774650362,1.58E-32
,,,,,,,,,,,,5.75114869609286,2.74E-34,5.7511867781347,3.61E-34,5.7512444596731,6.46E-34,5.75130141356894,1.52E-33,5.75117717854087,5.75E-33,5.75124779450404,1.58E-32
,,,,,,,,,,,,5.75594874409325,2.74E-34,5.75598682613521,3.61E-34,5.75604450767348,6.46E-34,5.7561014615694,1.52E-33,5.75597722654132,5.75E-33,5.75604784250466,1.58E-32
,,,,,,,,,,,,5.76074879209384,2.74E-34,5.7607868741356,3.61E-34,5.76084455567404,6.46E-34,5.76090150956981,1.52E-33,5.76077727454192,5.75E-33,5.76084789050505,1.58E-32
,,,,,,,,,,,,5.7655488400943,2.74E-34,5.76558692213618,3.60E-34,5.76564460367453,6.46E-34,5.76570155757042,1.52E-33,5.76557732254231,5.75E-33,5.76564793850548,1.58E-32
,,,,,,,,,,,,5.77034888809469,2.74E-34,5.77038697013664,3.60E-34,5.77044465167491,6.46E-34,5.77050160557082,1.52E-33,5.77037737054278,5.75E-33,5.77044798650609,1.58E-32
,,,,,,,,,,,,5.77514893609528,2.74E-34,5.77518701813703,3.60E-34,5.77524469967548,6.46E-34,5.77530165357127,1.52E-33,5.77517741854336,5.75E-33,5.77524803450649,1.58E-32
,,,,,,,,,,,,5.77994898409573,2.74E-34,5.77998706613763,3.60E-34,5.78004474767597,6.45E-34,5.78010170157186,1.52E-33,5.77997746654374,5.75E-33,5.78004808250694,1.58E-32
,,,,,,,,,,,,5.78474903209612,2.73E-34,5.78478711413807,3.60E-34,5.78484479567634,6.45E-34,5.78490174957225,1.52E-33,5.78477751454424,5.75E-33,5.78484813050753,1.58E-32
,,,,,,,,,,,,5.78954908009673,2.73E-34,5.78958716213846,3.60E-34,5.78964484367693,6.45E-34,5.7897017975727,1.52E-33,5.78957756254477,5.75E-33,5.78964817850792,1.58E-32
,,,,,,,,,,,,5.79434912809716,2.73E-34,5.79438721013907,3.60E-34,5.79444489167739,6.45E-34,5.7945018455733,1.52E-33,5.79437761054517,5.75E-33,5.79444822650841,1.58E-32
,,,,,,,,,,,,5.79914917609759,2.73E-34,5.79918725813951,3.60E-34,5.79924493967779,6.45E-34,5.79930189357369,1.52E-33,5.7991776585457,5.75E-33,5.79924827450894,1.58E-32
,,,,,,,,,,,,5.80394922409816,2.73E-34,5.80398730613993,3.60E-34,5.8040449876784,6.45E-34,5.80410194157416,1.52E-33,5.80397770654618,5.75E-33,5.80404832250935,1.58E-32
,,,,,,,,,,,,5.80874927209859,2.73E-34,5.8087873541405,3.60E-34,5.80884503567881,6.45E-34,5.80890198957473,1.52E-33,5.80877775454661,5.75E-33,5.80884837050987,1.58E-32
,,,,,,,,,,,,5.81354932009905,2.73E-34,5.81358740214093,3.60E-34,5.81364508367926,6.45E-34,5.81370203757512,1.52E-33,5.81357780254718,5.75E-33,5.81364841851035,1.58E-32
,,,,,,,,,,,,5.81834936809959,2.73E-34,5.8183874501414,3.60E-34,5.81844513167983,6.45E-34,5.81850208557563,1.52E-33,5.8183778505476,5.75E-33,5.81844846651079,1.58E-32
,,,,,,,,,,,,5.8231494161,2.73E-34,5.82318749814194,3.60E-34,5.82324517968022,6.45E-34,5.82330213357615,1.52E-33,5.82317789854803,5.75E-33,5.82324851451135,1.58E-32
,,,,,,,,,,,,5.82794946410051,2.72E-34,5.82798754614234,3.59E-34,5.82804522768071,6.45E-34,5.82810218157655,1.52E-33,5.82797794654866,5.75E-33,5.82804856251178,1.58E-32
,,,,,,,,,,,,5.83274951210103,2.72E-34,5.83278759414286,3.59E-34,5.83284527568126,6.45E-34,5.83290222957708,1.52E-33,5.83277799454904,5.75E-33,5.8328486105122,1.58E-32
,,,,,,,,,,,,5.83754956010142,2.72E-34,5.83758764214337,3.59E-34,5.83764532368165,6.45E-34,5.83770227757756,1.52E-33,5.83757804254946,5.75E-33,5.83764865851283,1.58E-32
,,,,,,,,,,,,5.84234960810198,2.72E-34,5.84238769014376,3.59E-34,5.84244537168217,6.45E-34,5.84250232557799,1.52E-33,5.84237809055009,5.75E-33,5.84244870651322,1.58E-32
,,,,,,,,,,,,5.84714965610247,2.72E-34,5.84718773814432,3.59E-34,5.8472454196827,6.45E-34,5.84730237357856,1.52E-33,5.84717813855047,5.75E-33,5.84724875451362,1.58E-32
,,,,,,,,,,,,5.85194970410285,2.72E-34,5.85198778614482,3.59E-34,5.85204546768309,6.45E-34,5.85210242157899,1.52E-33,5.85197818655093,5.75E-33,5.85204880251427,1.58E-32
,,,,,,,,,,,,5.85674975210342,2.72E-34,5.8567878341452,3.59E-34,5.85684551568363,6.45E-34,5.85690246957941,1.52E-33,5.85677823455151,5.75E-33,5.85684885051465,1.58E-32
,,,,,,,,,,,,5.86154980010391,2.72E-34,5.86158788214577,3.59E-34,5.86164556368413,6.45E-34,5.86170251758003,1.52E-33,5.8615782825519,5.75E-33,5.8616488985151,1.58E-32
,,,,,,,,,,,,5.86634984810428,2.72E-34,5.86638793014625,3.59E-34,5.86644561168452,6.45E-34,5.86650256558042,1.52E-33,5.8663783305524,5.75E-33,5.86644894651568,1.58E-32
,,,,,,,,,,,,5.87114989610486,2.71E-34,5.87118797814663,3.59E-34,5.87124565968507,6.45E-34,5.87130261358084,1.52E-33,5.87117837855292,5.75E-33,5.87124899451608,1.58E-32
,,,,,,,,,,,,5.87594994410534,2.71E-34,5.8759880261472,3.59E-34,5.87604570768555,6.45E-34,5.87610266158147,1.52E-33,5.87597842655334,5.75E-33,5.87604904251657,1.58E-32
,,,,,,,,,,,,5.88074999210573,2.71E-34,5.88078807414768,3.59E-34,5.88084575568595,6.45E-34,5.88090270958185,1.52E-33,5.88077847455385,5.75E-33,5.88084909051709,1.58E-32
,,,,,,,,,,,,5.88555004010632,2.71E-34,5.88558812214807,3.59E-34,5.88564580368655,6.45E-34,5.8857027575823,1.52E-33,5.88557852255435,5.75E-33,5.88564913851752,1.58E-32
,,,,,,,,,,,,5.89035008810675,2.71E-34,5.89038817014867,3.59E-34,5.89044585168696,6.45E-34,5.89050280558291,1.52E-33,5.89037857055477,5.75E-33,5.89044918651802,1.58E-32
,,,,,,,,,,,,5.8951501361072,2.71E-34,5.89518821814909,3.58E-34,5.89524589968741,6.44E-34,5.89530285358329,1.52E-33,5.89517861855533,5.75E-33,5.89524923451853,1.58E-32
,,,,,,,,,,,,5.89995018410777,2.71E-34,5.89998826614954,3.58E-34,5.900045947688,6.44E-34,5.90010290158377,1.52E-33,5.89997866655578,5.75E-33,5.90004928251894,1.58E-32
,,,,,,,,,,,,5.90475023210816,2.71E-34,5.90478831415011,3.58E-34,5.90484599568839,6.44E-34,5.90490294958432,1.52E-33,5.90477871455618,5.75E-33,5.9048493305195,1.58E-32
,,,,,,,,,,,,5.90955028010865,2.71E-34,5.90958836215051,3.58E-34,5.90964604368886,6.44E-34,5.90970299758472,1.52E-33,5.9095787625568,5.75E-33,5.90964937851996,1.58E-32
,,,,,,,,,,,,5.9143503281092,2.71E-34,5.914388410151,3.58E-34,5.91444609168944,6.44E-34,5.91450304558525,1.52E-33,5.91437881055721,5.75E-33,5.91444942652035,1.58E-32
,,,,,,,,,,,,5.91915037610958,2.70E-34,5.91918845815155,3.58E-34,5.91924613968982,6.44E-34,5.91930309358573,1.52E-33,5.91917885855762,5.75E-33,5.91924947452097,1.58E-32
,,,,,,,,,,,,5.92395042411012,2.70E-34,5.92398850615193,3.58E-34,5.92404618769031,6.44E-34,5.92410314158615,1.52E-33,5.92397890655826,5.75E-33,5.92404952252139,1.58E-32
,,,,,,,,,,,,5.92875047211064,2.70E-34,5.92878855415247,3.58E-34,5.92884623569087,6.44E-34,5.92890318958672,1.52E-33,5.92877895455865,5.75E-33,5.92884957052177,1.58E-32
,,,,,,,,,,,,5.93355052011102,2.70E-34,5.93358860215298,3.58E-34,5.93364628369125,6.44E-34,5.93370323758715,1.52E-33,5.93357900255907,5.75E-33,5.93364961852244,1.58E-32
,,,,,,,,,,,,5.93835056811157,2.70E-34,5.93838865015336,3.58E-34,5.93844633169176,6.44E-34,5.93850328558758,1.52E-33,5.93837905055968,5.75E-33,5.93844966652283,1.58E-32
,,,,,,,,,,,,5.94315061611207,2.70E-34,5.94318869815391,3.58E-34,5.94324637969231,6.44E-34,5.94330333358818,1.52E-33,5.94317909856008,5.75E-33,5.94324971452324,1.58E-32
,,,,,,,,,,,,5.94795066411245,2.70E-34,5.94798874615442,3.58E-34,5.94804642769269,6.44E-34,5.94810338158859,1.52E-33,5.94797914656054,5.75E-33,5.94804976252385,1.58E-32
,,,,,,,,,,,,5.95275071211301,2.70E-34,5.95278879415479,3.58E-34,5.95284647569324,6.44E-34,5.952903429589,1.52E-33,5.95277919456109,5.75E-33,5.95284981052426,1.58E-32
,,,,,,,,,,,,5.9575507601135,2.70E-34,5.95758884215536,3.58E-34,5.95764652369372,6.44E-34,5.95770347758964,1.52E-33,5.95757924256151,5.75E-33,5.95764985852471,1.58E-32
,,,,,,,,,,,,5.96235080811388,2.69E-34,5.96238889015585,3.57E-34,5.96244657169412,6.44E-34,5.96250352559002,1.52E-33,5.96237929056201,5.75E-33,5.96244990652526,1.58E-32
,,,,,,,,,,,,5.96715085611449,2.69E-34,5.96718893815623,3.57E-34,5.9672466196947,6.44E-34,5.96730357359045,1.52E-33,5.96717933856251,5.75E-33,5.96724995452569,1.58E-32
,,,,,,,,,,,,5.97195090411491,2.69E-34,5.97198898615683,3.57E-34,5.97204666769513,6.44E-34,5.97210362159107,1.52E-33,5.97197938656294,5.75E-33,5.97205000252618,1.58E-32
,,,,,,,,,,,,5.97675095211534,2.69E-34,5.97678903415726,3.57E-34,5.97684671569555,6.44E-34,5.97690366959145,1.52E-33,5.97677943456349,5.75E-33,5.97685005052669,1.58E-32
,,,,,,,,,,,,5.98155100011594,2.69E-34,5.98158908215768,3.57E-34,5.98164676369617,6.44E-34,5.98170371759192,1.52E-33,5.98157948256395,5.75E-33,5.9816500985271,1.58E-32
,,,,,,,,,,,,5.98635104811633,2.69E-34,5.98638913015828,3.57E-34,5.98644681169655,6.44E-34,5.98650376559248,1.52E-33,5.98637953056435,5.75E-33,5.98645014652765,1.58E-32
,,,,,,,,,,,,5.99115109611682,2.69E-34,5.99118917815867,3.57E-34,5.99124685969701,6.44E-34,5.99130381359289,1.52E-33,5.99117957856495,5.75E-33,5.99125019452813,1.58E-32
,,,,,,,,,,,,5.99595114411737,2.69E-34,5.99598922615916,3.57E-34,5.9960469076976,6.44E-34,5.9961038615934,1.52E-33,5.99597962656538,5.75E-33,5.99605024252852,1.58E-32
,,,,,,,,,,,,6.00075119211776,2.69E-34,6.00078927415971,3.57E-34,6.00084695569798,6.44E-34,6.00090390959389,1.52E-33,6.00077967456576,5.75E-33,6.00085029052912,1.58E-32
,,,,,,,,,,,,6.00555124011826,2.69E-34,6.0055893221601,3.57E-34,6.00564700369847,6.44E-34,6.00570395759432,1.52E-33,6.00557972256643,5.75E-33,6.00565033852956,1.58E-32
,,,,,,,,,,,,6.0103512881188,2.68E-34,6.01038937016061,3.57E-34,6.01044705169904,6.43E-34,6.01050400559486,1.52E-33,6.01037977056681,5.75E-33,6.01045038652994,1.58E-32
,,,,,,,,,,,,6.01515133611919,2.68E-34,6.01518941816115,3.57E-34,6.01524709969942,6.43E-34,6.01530405359533,1.52E-33,6.01517981856721,5.75E-33,6.01525043453059,1.58E-32
,,,,,,,,,,,,6.01995138411971,2.68E-34,6.01998946616154,3.57E-34,6.02004714769991,6.43E-34,6.02010410159574,1.52E-33,6.01997986656784,5.75E-33,6.02005048253099,1.58E-32
,,,,,,,,,,,,6.02475143212024,2.68E-34,6.02478951416205,3.57E-34,6.02484719570047,6.43E-34,6.02490414959632,1.52E-33,6.02477991456825,5.75E-33,6.02485053053138,1.58E-32
,,,,,,,,,,,,6.02955148012063,2.68E-34,6.02958956216258,3.56E-34,6.02964724370085,6.43E-34,6.02970419759676,1.52E-33,6.02957996256869,5.75E-33,6.02965057853201,1.58E-32
,,,,,,,,,,,,6.03435152812116,2.68E-34,6.03438961016297,3.56E-34,6.03444729170139,6.43E-34,6.03450424559715,1.52E-33,6.03438001056926,5.75E-33,6.03445062653243,1.58E-32
,,,,,,,,,,,,6.03915157612166,2.68E-34,6.03918965816351,3.56E-34,6.03924733970188,6.43E-34,6.0393042935978,1.52E-33,6.03918005856968,5.75E-33,6.03925067453286,1.58E-32
,,,,,,,,,,,,6.04395162412206,2.68E-34,6.043989706164,3.56E-34,6.04404738770229,6.43E-34,6.04410434159819,1.52E-33,6.04398010657017,5.75E-33,6.04405072253342,1.58E-32
,,,,,,,,,,,,6.04875167212264,2.68E-34,6.0487897541644,3.56E-34,6.04884743570285,6.43E-34,6.0489043895986,1.52E-33,6.04878015457068,5.75E-33,6.04885077053386,1.58E-32
,,,,,,,,,,,,6.05355172012307,2.68E-34,6.05358980216499,3.56E-34,6.05364748370329,6.43E-34,6.05370443759923,1.52E-33,6.0535802025711,5.75E-33,6.05365081853434,1.58E-32
,,,,,,,,,,,,6.05835176812349,2.67E-34,6.05838985016541,3.56E-34,6.05844753170373,6.43E-34,6.05850448559963,1.52E-33,6.05838025057163,5.75E-33,6.05845086653486,1.58E-32
,,,,,,,,,,,,6.06315181612411,2.67E-34,6.06318989816584,3.56E-34,6.06324757970431,6.43E-34,6.06330453360006,1.52E-33,6.06318029857211,5.75E-33,6.06325091453527,1.58E-32
,,,,,,,,,,,,6.06795186412449,2.67E-34,6.06798994616646,3.56E-34,6.06804762770473,6.43E-34,6.06810458160064,1.52E-33,6.06798034657251,5.75E-33,6.0680509625358,1.58E-32
,,,,,,,,,,,,6.07275191212496,2.67E-34,6.07278999416684,3.56E-34,6.07284767570516,6.43E-34,6.07290462960106,1.52E-33,6.0727803945731,5.75E-33,6.07285101053629,1.58E-32
,,,,,,,,,,,,6.07755196012554,2.67E-34,6.07759004216731,3.56E-34,6.07764772370577,6.43E-34,6.07770467760155,1.52E-33,6.07758044257354,5.75E-33,6.07765105853668,1.58E-32
,,,,,,,,,,,,6.08235200812592,2.67E-34,6.08239009016789,3.56E-34,6.08244777170616,6.43E-34,6.08250472560206,1.52E-33,6.08238049057393,5.75E-33,6.08245110653726,1.58E-32
,,,,,,,,,,,,6.08715205612639,2.67E-34,6.08719013816827,3.56E-34,6.0872478197066,6.43E-34,6.08730477360248,1.52E-33,6.08718053857458,5.75E-33,6.08725115453772,1.58E-32
,,,,,,,,,,,,6.09195210412698,2.67E-34,6.09199018616874,3.56E-34,6.0920478677072,6.43E-34,6.09210482160301,1.52E-33,6.09198058657498,5.75E-33,6.09205120253811,1.58E-32
,,,,,,,,,,,,6.09675215212736,2.67E-34,6.09679023416932,3.56E-34,6.09684791570759,6.43E-34,6.09690486960349,1.52E-33,6.09678063457537,5.75E-33,6.09685125053873,1.58E-32
,,,,,,,,,,,,6.10155220012785,2.67E-34,6.1015902821697,3.55E-34,6.10164796370805,6.43E-34,6.10170491760389,1.52E-33,6.10158068257601,5.75E-33,6.10165129853916,1.58E-32
,,,,,,,,,,,,6.10635224812841,2.67E-34,6.1063903301702,3.55E-34,6.10644801170863,6.43E-34,6.10650496560448,1.52E-33,6.10638073057641,5.75E-33,6.10645134653955,1.58E-32
,,,,,,,,,,,,6.11115229612879,2.66E-34,6.11119037817076,3.55E-34,6.11124805970903,6.43E-34,6.11130501360493,1.52E-33,6.11118077857684,5.75E-33,6.11125139454017,1.58E-32
,,,,,,,,,,,,6.11595234412933,2.66E-34,6.11599042617114,3.55E-34,6.11604810770954,6.43E-34,6.11610506160531,1.52E-33,6.11598082657742,5.75E-33,6.11605144254059,1.58E-32
,,,,,,,,,,,,6.12075239212982,2.66E-34,6.12079047417167,3.55E-34,6.12084815571004,6.43E-34,6.12090510960596,1.52E-33,6.12078087457784,5.75E-33,6.120851490541,1.58E-32
,,,,,,,,,,,,6.12555244013023,2.66E-34,6.12559052217217,3.55E-34,6.12564820371046,6.43E-34,6.12570515760636,1.52E-33,6.12558092257832,5.75E-33,6.1256515385416,1.58E-32
,,,,,,,,,,,,6.13035248813079,2.66E-34,6.13039057017257,3.55E-34,6.130448251711,6.43E-34,6.13050520560675,1.52E-33,6.13038097057885,5.75E-33,6.13045158654201,1.58E-32
,,,,,,,,,,,,6.13515253613123,2.66E-34,6.13519061817313,3.55E-34,6.13524829971146,6.43E-34,6.13530525360739,1.52E-33,6.13518101857927,5.75E-33,6.13525163454248,1.58E-32
,,,,,,,,,,,,6.13995258413166,2.66E-34,6.13999066617358,3.55E-34,6.14004834771188,6.42E-34,6.14010530160779,1.52E-33,6.13998106657977,5.75E-33,6.14005168254303,1.58E-32
,,,,,,,,,,,,6.14475263213225,2.66E-34,6.144790714174,3.55E-34,6.14484839571247,6.42E-34,6.14490534960822,1.52E-33,6.14478111458029,5.75E-33,6.14485173054343,1.58E-32
,,,,,,,,,,,,6.14955268013266,2.66E-34,6.1495907621746,3.55E-34,6.14964844371289,6.42E-34,6.1497053976088,1.52E-33,6.14958116258068,5.75E-33,6.14965177854394,1.58E-32
,,,,,,,,,,,,6.15435272813311,2.66E-34,6.154390810175,3.55E-34,6.15444849171329,6.42E-34,6.15450544560923,1.52E-33,6.15438121058124,5.75E-33,6.15445182654447,1.58E-32
,,,,,,,,,,,,6.15915277613371,2.65E-34,6.15919085817546,3.55E-34,6.15924853971395,6.42E-34,6.1593054936097,1.52E-33,6.15918125858172,5.75E-33,6.15925187454485,1.58E-32
,,,,,,,,,,,,6.16395282413409,2.65E-34,6.16399090617605,3.55E-34,6.16404858771433,6.42E-34,6.16410554161022,1.52E-33,6.1639813065821,5.75E-33,6.16405192254541,1.58E-32
,,,,,,,,,,,,6.16875287213455,2.65E-34,6.16879095417643,3.55E-34,6.16884863571474,6.42E-34,6.16890558961065,1.52E-33,6.16878135458271,5.75E-33,6.1688519705459,1.58E-32
,,,,,,,,,,,,6.17355292013514,2.65E-34,6.17359100217689,3.54E-34,6.17364868371538,6.42E-34,6.17370563761115,1.52E-33,6.17358140258315,5.75E-33,6.17365201854628,1.58E-32
,,,,,,,,,,,,6.17835296813552,2.65E-34,6.17839105017749,3.54E-34,6.17844873171576,6.42E-34,6.17850568561166,1.52E-33,6.17838145058353,5.75E-33,6.17845206654686,1.58E-32
,,,,,,,,,,,,6.18315301613599,2.65E-34,6.18319109817787,3.54E-34,6.18324877971621,6.42E-34,6.18330573361207,1.52E-33,6.18318149858414,5.75E-33,6.18325211454733,1.58E-32
,,,,,,,,,,,,6.18795306413658,2.65E-34,6.18799114617834,3.54E-34,6.18804882771679,6.42E-34,6.18810578161262,1.52E-33,6.18798154658459,5.75E-33,6.18805216254771,1.58E-32
,,,,,,,,,,,,6.19275311213696,2.65E-34,6.19279119417892,3.54E-34,6.19284887571719,6.42E-34,6.19290582961309,1.52E-33,6.19278159458499,5.75E-33,6.1928522105483,1.58E-32
,,,,,,,,,,,,6.19755316013747,2.65E-34,6.1975912421793,3.54E-34,6.19764892371769,6.42E-34,6.19770587761348,1.52E-33,6.19758164258559,5.75E-33,6.19765225854877,1.58E-32
,,,,,,,,,,,,6.20235320813799,2.65E-34,6.20239129017982,3.54E-34,6.2024489717182,6.42E-34,6.2025059256141,1.52E-33,6.20238169058601,5.75E-33,6.20245230654916,1.58E-32
,,,,,,,,,,,,6.2071532561384,2.65E-34,6.20719133818033,3.54E-34,6.20724901971863,6.42E-34,6.20730597361452,1.52E-33,6.20718173858647,5.75E-33,6.20725235454976,1.58E-32
,,,,,,,,,,,,6.21195330413893,2.64E-34,6.21199138618075,3.54E-34,6.21204906771914,6.42E-34,6.21210602161492,1.52E-33,6.21198178658702,5.75E-33,6.21205240255018,1.58E-32
,,,,,,,,,,,,6.2167533521394,2.64E-34,6.21679143418127,3.54E-34,6.21684911571962,6.42E-34,6.21690606961553,1.52E-33,6.21678183458742,5.75E-33,6.21685245055064,1.58E-32
,,,,,,,,,,,,6.22155340013984,2.64E-34,6.22159148218174,3.54E-34,6.22164916372006,6.42E-34,6.22170611761596,1.52E-33,6.22158188258792,5.75E-33,6.2216524985512,1.58E-32
,,,,,,,,,,,,6.2263534481404,2.64E-34,6.22639153018218,3.54E-34,6.22644921172061,6.42E-34,6.22650616561636,1.52E-33,6.22638193058845,5.75E-33,6.22645254655159,1.58E-32
,,,,,,,,,,,,6.23115349614083,2.64E-34,6.23119157818274,3.54E-34,6.23124925972106,6.42E-34,6.23130621361697,1.52E-33,6.23118197858883,5.75E-33,6.23125259455209,1.58E-32
,,,,,,,,,,,,6.23595354414125,2.64E-34,6.23599162618318,3.54E-34,6.23604930772147,6.42E-34,6.2361062616174,1.52E-33,6.23598202658939,5.75E-33,6.23605264255263,1.58E-32
,,,,,,,,,,,,6.24075359214188,2.64E-34,6.24079167418359,3.54E-34,6.24084935572209,6.42E-34,6.24090630961784,1.52E-33,6.24078207458989,5.75E-33,6.24085269055301,1.58E-32
,,,,,,,,,,,,6.24555364014227,2.64E-34,6.24559172218422,3.54E-34,6.24564940372249,6.42E-34,6.2457063576184,1.52E-33,6.24558212259028,5.75E-33,6.24565273855355,1.58E-32
,,,,,,,,,,,,6.25035368814268,2.64E-34,6.25039177018461,3.53E-34,6.25044945172288,6.42E-34,6.25050640561881,1.52E-33,6.25038217059085,5.75E-33,6.25045278655406,1.58E-32
,,,,,,,,,,,,6.25515373614331,2.64E-34,6.25519181818502,3.53E-34,6.25524949972355,6.42E-34,6.2553064536193,1.52E-33,6.25518221859132,5.75E-33,6.25525283455446,1.58E-32
,,,,,,,,,,,,6.2599537841437,2.64E-34,6.25999186618565,3.53E-34,6.26004954772392,6.42E-34,6.26010650161983,1.52E-33,6.25998226659171,5.75E-33,6.26005288255501,1.58E-32
,,,,,,,,,,,,6.26475383214415,2.64E-34,6.26479191418604,3.53E-34,6.26484959572435,6.42E-34,6.26490654962023,1.52E-33,6.26478231459228,5.75E-33,6.2648529305555,1.58E-32
,,,,,,,,,,,,6.26955388014473,2.63E-34,6.26959196218649,3.53E-34,6.26964964372496,6.42E-34,6.26970659762076,1.52E-33,6.26958236259275,5.75E-33,6.26965297855589,1.58E-32
,,,,,,,,,,,,6.27435392814513,2.63E-34,6.27439201018708,3.53E-34,6.27444969172537,6.41E-34,6.27450664562127,1.52E-33,6.27438241059314,5.75E-33,6.27445302655644,1.58E-32
,,,,,,,,,,,,6.27915397614563,2.63E-34,6.27919205818748,3.53E-34,6.27924973972583,6.41E-34,6.27930669362166,1.52E-33,6.27918245859374,5.75E-33,6.27925307455693,1.58E-32
,,,,,,,,,,,,6.28395402414614,2.63E-34,6.28399210618797,3.53E-34,6.28404978772637,6.41E-34,6.28410674162223,1.52E-33,6.28398250659419,5.75E-33,6.28405312255732,1.58E-32
,,,,,,,,,,,,6.28875407214657,2.63E-34,6.28879215418849,3.53E-34,6.2888498357268,6.41E-34,6.2889067896227,1.52E-33,6.28878255459461,5.75E-33,6.28885317055791,1.58E-32
,,,,,,,,,,,,6.29355412014708,2.63E-34,6.29359220218891,3.53E-34,6.29364988372728,6.41E-34,6.29370683762309,1.52E-33,6.29358260259518,5.75E-33,6.29365321855835,1.58E-32
,,,,,,,,,,,,6.29835416814756,2.63E-34,6.29839225018943,3.53E-34,6.2984499317278,6.41E-34,6.29850688562368,1.52E-33,6.2983826505956,5.75E-33,6.29845326655878,1.58E-32
,,,,,,,,,,,,6.30315421614799,2.63E-34,6.30319229818991,3.53E-34,6.30324997972821,6.41E-34,6.30330693362414,1.52E-33,6.30318269859608,5.75E-33,6.30325331455936,1.58E-32
,,,,,,,,,,,,6.30795426414855,2.63E-34,6.30799234619033,3.53E-34,6.30805002772875,6.41E-34,6.30810698162453,1.52E-33,6.30798274659662,5.75E-33,6.30805336255977,1.58E-32
,,,,,,,,,,,,6.312754312149,2.63E-34,6.31279239419089,3.53E-34,6.31285007572923,6.41E-34,6.31290702962512,1.52E-33,6.31278279459701,5.75E-33,6.31285341056025,1.58E-32
,,,,,,,,,,,,6.31755436014941,2.63E-34,6.31759244219134,3.53E-34,6.31765012372964,6.41E-34,6.31770707762556,1.52E-33,6.31758284259754,5.75E-33,6.3176534585608,1.58E-32
,,,,,,,,,,,,6.32235440815003,2.62E-34,6.32239249019176,3.53E-34,6.32245017173023,6.41E-34,6.32250712562599,1.52E-33,6.32238289059805,5.75E-33,6.32245350656119,1.58E-32
,,,,,,,,,,,,6.32715445615043,2.62E-34,6.32719253819237,3.53E-34,6.32725021973067,6.41E-34,6.32730717362657,1.52E-33,6.32718293859844,5.75E-33,6.32725355456169,1.58E-32
,,,,,,,,,,,,6.33195450415082,2.62E-34,6.33199258619278,3.52E-34,6.33205026773106,6.41E-34,6.33210722162698,1.52E-33,6.33198298659899,5.75E-33,6.33205360256223,1.58E-32
,,,,,,,,,,,,6.33675455215149,2.62E-34,6.33679263419317,3.52E-34,6.33685031573169,6.41E-34,6.33690726962746,1.52E-33,6.3367830345995,5.75E-33,6.33685365056262,1.58E-32
,,,,,,,,,,,,6.34155460015186,2.62E-34,6.34159268219383,3.52E-34,6.3416503637321,6.41E-34,6.341707317628,1.52E-33,6.34158308259988,5.75E-33,6.34165369856315,1.58E-32
,,,,,,,,,,,,6.34635464815229,2.62E-34,6.34639273019421,3.52E-34,6.3464504117325,6.41E-34,6.34650736562839,1.52E-33,6.34638313060044,5.75E-33,6.34645374656368,1.58E-32
,,,,,,,,,,,,6.3511546961529,2.62E-34,6.35119277819463,3.52E-34,6.35125045973311,6.41E-34,6.35130741362892,1.52E-33,6.35118317860093,5.75E-33,6.35125379456405,1.58E-32
,,,,,,,,,,,,6.35595474415331,2.62E-34,6.35599282619524,3.52E-34,6.35605050773353,6.41E-34,6.35610746162943,1.52E-33,6.35598322660131,5.75E-33,6.3560538425646,1.58E-32
,,,,,,,,,,,,6.36075479215377,2.62E-34,6.36079287419565,3.52E-34,6.36085055573398,6.41E-34,6.36090750962982,1.52E-33,6.36078327460189,5.75E-33,6.3608538905651,1.58E-32
,,,,,,,,,,,,6.36555484015431,2.62E-34,6.36559292219611,3.52E-34,6.36565060373453,6.41E-34,6.36570755763037,1.52E-33,6.36558332260234,5.75E-33,6.36565393856549,1.58E-32
,,,,,,,,,,,,6.37035488815474,2.62E-34,6.37039297019665,3.52E-34,6.37045065173497,6.41E-34,6.37050760563087,1.52E-33,6.37038337060275,5.75E-33,6.37045398656606,1.58E-32
,,,,,,,,,,,,6.37515493615524,2.62E-34,6.37519301819709,3.52E-34,6.37525069973545,6.41E-34,6.37530765363126,1.52E-33,6.37518341860336,5.75E-33,6.37525403456651,1.58E-32
,,,,,,,,,,,,6.37995498415573,2.61E-34,6.37999306619758,3.52E-34,6.38005074773597,6.41E-34,6.38010770163182,1.52E-33,6.37998346660375,5.75E-33,6.38005408256692,1.58E-32
,,,,,,,,,,,,6.38475503215616,2.61E-34,6.38479311419807,3.52E-34,6.38485079573638,6.41E-34,6.38490774963231,1.52E-33,6.38478351460422,5.75E-33,6.38485413056754,1.58E-32
,,,,,,,,,,,,6.38955508015669,2.61E-34,6.38959316219851,3.52E-34,6.38965084373691,6.41E-34,6.38970779763269,1.52E-33,6.38958356260479,5.75E-33,6.38965417856792,1.58E-32
,,,,,,,,,,,,6.39435512815716,2.61E-34,6.39439321019904,3.52E-34,6.3944508917374,6.41E-34,6.39450784563326,1.52E-33,6.39438361060518,5.75E-33,6.39445422656839,1.58E-32
,,,,,,,,,,,,6.39915517615758,2.61E-34,6.39919325819951,3.52E-34,6.39925093973779,6.41E-34,6.39930789363373,1.52E-33,6.39918365860567,5.75E-33,6.39925427456897,1.58E-32
,,,,,,,,,,,,6.40395522415817,2.61E-34,6.40399330619992,3.52E-34,6.40405098773838,6.41E-34,6.40410794163414,1.52E-33,6.40398370660623,5.75E-33,6.40405432256936,1.58E-32
,,,,,,,,,,,,6.40875527215861,2.61E-34,6.40879335420052,3.52E-34,6.40885103573883,6.41E-34,6.40890798963473,1.52E-33,6.40878375460662,5.75E-33,6.40885437056982,1.58E-32
,,,,,,,,,,,,6.41355532015899,2.61E-34,6.41359340220095,3.51E-34,6.41365108373922,6.41E-34,6.41370803763514,1.52E-33,6.41358380260712,5.75E-33,6.41365441857041,1.58E-32
,,,,,,,,,,,,6.41835536815964,2.61E-34,6.41839345020133,3.51E-34,6.41845113173983,6.40E-34,6.4185080856356,1.52E-33,6.41838385060766,5.75E-33,6.4184544665708,1.58E-32
,,,,,,,,,,,,6.42315541616004,2.61E-34,6.42319349820198,3.51E-34,6.42325117974028,6.40E-34,6.42330813363616,1.52E-33,6.42318389860805,5.75E-33,6.42325451457128,1.58E-32
,,,,,,,,,,,,6.42795546416043,2.61E-34,6.42799354620239,3.51E-34,6.42805122774066,6.40E-34,6.42810818163656,1.52E-33,6.42798394660858,5.75E-33,6.42805456257184,1.58E-32
,,,,,,,,,,,,6.43275551216106,2.61E-34,6.43279359420278,3.51E-34,6.43285127574126,6.40E-34,6.43290822963706,1.52E-33,6.43278399460908,5.75E-33,6.43285461057223,1.58E-32
,,,,,,,,,,,,6.43755556016148,2.60E-34,6.43759364220341,3.51E-34,6.43765132374171,6.40E-34,6.43770827763761,1.52E-33,6.43758404260948,5.75E-33,6.43765465857275,1.58E-32
,,,,,,,,,,,,6.44235560816191,2.60E-34,6.44239369020382,3.51E-34,6.44245137174212,6.40E-34,6.44250832563799,1.52E-33,6.44238409061003,5.75E-33,6.44245470657325,1.58E-32
,,,,,,,,,,,,6.44715565616247,2.60E-34,6.44719373820426,3.51E-34,6.4472514197427,6.40E-34,6.44730837363852,1.52E-33,6.44718413861051,5.75E-33,6.44725475457366,1.58E-32
,,,,,,,,,,,,6.45195570416291,2.60E-34,6.45199378620482,3.51E-34,6.45205146774313,6.40E-34,6.45210842163904,1.52E-33,6.45198418661092,5.75E-33,6.4520548025742,1.58E-32
,,,,,,,,,,,,6.45675575216338,2.60E-34,6.45679383420525,3.51E-34,6.45685151574359,6.40E-34,6.45690846963942,1.52E-33,6.45678423461151,5.75E-33,6.45685485057467,1.58E-32
,,,,,,,,,,,,6.46155580016391,2.60E-34,6.46159388220572,3.51E-34,6.46165156374413,6.40E-34,6.46170851763996,1.52E-33,6.46158428261192,5.75E-33,6.4616548985751,1.58E-32
,,,,,,,,,,,,6.46635584816433,2.60E-34,6.46639393020625,3.51E-34,6.46645161174454,6.40E-34,6.46650856564048,1.52E-33,6.46638433061238,5.75E-33,6.46645494657568,1.58E-32
,,,,,,,,,,,,6.47115589616484,2.60E-34,6.47119397820668,3.51E-34,6.47125165974505,6.40E-34,6.47130861364086,1.52E-33,6.47118437861296,5.75E-33,6.4712549945761,1.58E-32
,,,,,,,,,,,,6.47595594416534,2.60E-34,6.47599402620718,3.51E-34,6.47605170774558,6.40E-34,6.47610866164142,1.52E-33,6.47598442661335,5.75E-33,6.47605504257653,1.58E-32
,,,,,,,,,,,,6.48075599216574,2.60E-34,6.48079407420768,3.51E-34,6.48085175574595,6.40E-34,6.48090870964189,1.52E-33,6.48078447461381,5.75E-33,6.48085509057714,1.58E-32
,,,,,,,,,,,,6.48555604016631,2.60E-34,6.48559412220809,3.51E-34,6.48565180374653,6.40E-34,6.48570875764229,1.52E-33,6.48558452261439,5.75E-33,6.48565513857753,1.58E-32
,,,,,,,,,,,,6.49035608816677,2.60E-34,6.49039417020866,3.51E-34,6.49045185174701,6.40E-34,6.4905088056429,1.52E-33,6.49038457061478,5.75E-33,6.49045518657797,1.58E-32
,,,,,,,,,,,,6.49515613616716,2.59E-34,6.49519421820912,3.51E-34,6.49525189974739,6.40E-34,6.49530885364331,1.52E-33,6.49518461861526,5.75E-33,6.49525523457857,1.58E-32
,,,,,,,,,,,,6.49995618416777,2.59E-34,6.49999426620951,3.51E-34,6.50005194774797,6.40E-34,6.50010890164375,1.52E-33,6.49998466661584,5.75E-33,6.50005528257896,1.58E-32
,,,,,,,,,,,,6.50475623216821,2.59E-34,6.50479431421011,3.50E-34,6.50485199574844,6.40E-34,6.50490894964434,1.52E-33,6.50478471461622,5.75E-33,6.50485533057942,1.58E-32
,,,,,,,,,,,,6.5095562801686,2.59E-34,6.50959436221055,3.50E-34,6.50965204374882,6.40E-34,6.50970899764473,1.52E-33,6.50958476261672,5.75E-33,6.50965537858002,1.58E-32
,,,,,,,,,,,,6.51435632816921,2.59E-34,6.51439441021094,3.50E-34,6.51445209174941,6.40E-34,6.51450904564519,1.52E-33,6.51438481061726,5.75E-33,6.5144554265804,1.58E-32
,,,,,,,,,,,,6.51915637616964,2.59E-34,6.51919445821156,3.50E-34,6.51925213974988,6.40E-34,6.51930909364577,1.52E-33,6.51918485861765,5.75E-33,6.51925547458089,1.58E-32
,,,,,,,,,,,,6.52395642417006,2.59E-34,6.52399450621198,3.50E-34,6.52405218775027,6.40E-34,6.52410914164617,1.52E-33,6.52398490661818,5.75E-33,6.52405552258143,1.58E-32
,,,,,,,,,,,,6.52875647217064,2.59E-34,6.52879455421241,3.50E-34,6.52885223575087,6.40E-34,6.52890918964665,1.52E-33,6.52878495461867,5.75E-33,6.52885557058183,1.58E-32
,,,,,,,,,,,,6.53355652017107,2.59E-34,6.53359460221298,3.50E-34,6.5336522837513,6.40E-34,6.53370923764721,1.52E-33,6.53358500261908,5.75E-33,6.53365561858234,1.58E-32
,,,,,,,,,,,,6.53835656817153,2.59E-34,6.53839465021342,3.50E-34,6.53845233175173,6.40E-34,6.5385092856476,1.52E-33,6.53838505061966,5.75E-33,6.53845566658284,1.58E-32
,,,,,,,,,,,,6.54315661617207,2.59E-34,6.54319469821388,3.50E-34,6.54325237975231,6.40E-34,6.5433093336481,1.52E-33,6.54318509862008,5.75E-33,6.54325571458326,1.58E-32
,,,,,,,,,,,,6.54795666417248,2.59E-34,6.54799474621441,3.50E-34,6.54805242775271,6.40E-34,6.54810938164864,1.52E-33,6.54798514662052,5.75E-33,6.54805576258382,1.58E-32
,,,,,,,,,,,,6.55275671217299,2.59E-34,6.55279479421483,3.50E-34,6.55285247575319,6.40E-34,6.55290942964903,1.51E-33,6.55278519462114,5.75E-33,6.55285581058426,1.58E-32
,,,,,,,,,,,,6.5575567601735,2.58E-34,6.55759484221533,3.50E-34,6.55765252375374,6.40E-34,6.55770947764956,1.51E-33,6.55758524262151,5.75E-33,6.55765585858469,1.58E-32
,,,,,,,,,,,,6.5623568081739,2.58E-34,6.56239489021585,3.50E-34,6.56245257175413,6.40E-34,6.56250952565005,1.51E-33,6.56238529062195,5.75E-33,6.5624559065853,1.58E-32
,,,,,,,,,,,,6.56715685617447,2.58E-34,6.56719493821624,3.50E-34,6.56725261975466,6.40E-34,6.56730957365047,1.51E-33,6.56718533862257,5.75E-33,6.56725595458569,1.58E-32
,,,,,,,,,,,,6.57195690417495,2.58E-34,6.57199498621681,3.50E-34,6.57205266775517,6.40E-34,6.57210962165104,1.51E-33,6.57198538662295,5.75E-33,6.57205600258611,1.58E-32
,,,,,,,,,,,,6.57675695217533,2.58E-34,6.57679503421729,3.50E-34,6.57685271575556,6.39E-34,6.57690966965146,1.51E-33,6.57678543462341,5.75E-33,6.57685605058675,1.58E-32
,,,,,,,,,,,,6.58155700017591,2.58E-34,6.58159508221767,3.50E-34,6.58165276375612,6.39E-34,6.5817097176519,1.51E-33,6.581585482624,5.75E-33,6.58165609858713,1.58E-32
,,,,,,,,,,,,6.58635704817638,2.58E-34,6.58639513021826,3.50E-34,6.58645281175661,6.39E-34,6.58650976565251,1.51E-33,6.58638553062438,5.75E-33,6.58645614658757,1.58E-32
,,,,,,,,,,,,6.59115709617676,2.58E-34,6.59119517821873,3.49E-34,6.591252859757,6.39E-34,6.5913098136529,1.51E-33,6.59118557862487,5.75E-33,6.59125619458817,1.58E-32
,,,,,,,,,,,,6.59595714417735,2.58E-34,6.59599522621911,3.49E-34,6.59605290775755,6.39E-34,6.59610986165334,1.51E-33,6.59598562662541,5.75E-33,6.59605624258856,1.58E-32
,,,,,,,,,,,,6.60075719217782,2.58E-34,6.60079527421969,3.49E-34,6.60085295575804,6.39E-34,6.60090990965395,1.51E-33,6.60078567462582,5.75E-33,6.60085629058904,1.58E-32
,,,,,,,,,,,,6.60555724017821,2.58E-34,6.60559532222016,3.49E-34,6.60565300375843,6.39E-34,6.60570995765433,1.51E-33,6.60558572262634,5.75E-33,6.60565633858958,1.58E-32
,,,,,,,,,,,,6.6103572881788,2.58E-34,6.61039537022055,3.49E-34,6.61045305175903,6.39E-34,6.61051000565479,1.51E-33,6.61038577062684,5.75E-33,6.61045638658999,1.58E-32
,,,,,,,,,,,,6.61515733617924,2.58E-34,6.61519541822115,3.49E-34,6.61525309975945,6.39E-34,6.61531005365538,1.51E-33,6.61518581862725,5.75E-33,6.61525643459051,1.58E-32
,,,,,,,,,,,,6.61995738417967,2.57E-34,6.61999546622158,3.49E-34,6.62005314775989,6.39E-34,6.62011010165576,1.51E-33,6.61998586662781,5.75E-33,6.620056482591,1.58E-32
,,,,,,,,,,,,6.62475743218025,2.57E-34,6.62479551422202,3.49E-34,6.62485319576047,6.39E-34,6.62491014965625,1.51E-33,6.62478591462826,5.75E-33,6.62485653059143,1.58E-32
,,,,,,,,,,,,6.62955748018065,2.57E-34,6.62959556222259,3.49E-34,6.62965324376086,6.39E-34,6.62971019765681,1.51E-33,6.62958596262867,5.75E-33,6.62965657859198,1.58E-32
,,,,,,,,,,,,6.63435752818113,2.57E-34,6.63439561022299,3.49E-34,6.63445329176136,6.39E-34,6.6345102456572,1.51E-33,6.63438601062928,5.75E-33,6.63445662659244,1.58E-32
,,,,,,,,,,,,6.63915757618168,2.57E-34,6.63919565822348,3.49E-34,6.63925333976192,6.39E-34,6.63931029365771,1.51E-33,6.63918605862969,5.75E-33,6.63925667459284,1.58E-32
,,,,,,,,,,,,6.64395762418206,2.57E-34,6.64399570622403,3.49E-34,6.6440533877623,6.39E-34,6.64411034165822,1.51E-33,6.64398610663009,5.75E-33,6.64405672259345,1.58E-32
,,,,,,,,,,,,6.64875767218261,2.57E-34,6.6487957542244,3.49E-34,6.6488534357628,6.39E-34,6.64891038965863,1.51E-33,6.64878615463073,5.75E-33,6.64885677059387,1.58E-32
,,,,,,,,,,,,6.65355772018311,2.57E-34,6.65359580222495,3.49E-34,6.65365348376335,6.39E-34,6.65371043765919,1.51E-33,6.65358620263112,5.75E-33,6.65365681859425,1.58E-32
,,,,,,,,,,,,6.65835776818349,2.57E-34,6.65839585022546,3.49E-34,6.65845353176373,6.39E-34,6.65851048565963,1.51E-33,6.65838625063155,5.75E-33,6.65845686659491,1.58E-32
,,,,,,,,,,,,6.66315781618405,2.57E-34,6.66319589822584,3.49E-34,6.66325357976425,6.39E-34,6.66331053366006,1.51E-33,6.66318629863217,5.75E-33,6.6632569145953,1.58E-32
,,,,,,,,,,,,6.66795786418455,2.57E-34,6.6679959462264,3.49E-34,6.66805362776478,6.39E-34,6.66811058166066,1.51E-33,6.66798634663256,5.75E-33,6.66805696259572,1.58E-32
,,,,,,,,,,,,6.67275791218493,2.57E-34,6.67279599422689,3.49E-34,6.67285367576516,6.39E-34,6.67291062966106,1.51E-33,6.67278639463302,5.75E-33,6.67285701059634,1.58E-32
,,,,,,,,,,,,6.67755796018551,2.57E-34,6.67759604222727,3.49E-34,6.6776537237657,6.39E-34,6.6777106776615,1.51E-33,6.67758644263358,5.75E-33,6.67765705859674,1.58E-32
,,,,,,,,,,,,6.68235800818598,2.57E-34,6.68239609022786,3.49E-34,6.68245377176621,6.39E-34,6.68251072566212,1.51E-33,6.68238649063399,5.75E-33,6.68245710659718,1.58E-32
,,,,,,,,,,,,6.68715805618636,2.56E-34,6.68719613822833,3.48E-34,6.6872538197666,6.39E-34,6.6873107736625,1.51E-33,6.6871865386345,5.75E-33,6.68725715459775,1.58E-32
,,,,,,,,,,,,6.69195810418697,2.56E-34,6.6919961862287,3.48E-34,6.69205386776718,6.39E-34,6.69211082166294,1.51E-33,6.69198658663499,5.75E-33,6.69205720259817,1.58E-32
,,,,,,,,,,,,6.6967581521874,2.56E-34,6.69679623422931,3.48E-34,6.69685391576762,6.39E-34,6.69691086966355,1.51E-33,6.69678663463543,5.75E-33,6.69685725059866,1.58E-32
,,,,,,,,,,,,6.70155820018782,2.56E-34,6.70159628222975,3.48E-34,6.70165396376803,6.39E-34,6.70171091766393,1.51E-33,6.70158668263596,5.75E-33,6.70165729859917,1.58E-32
,,,,,,,,,,,,6.70635824818841,2.56E-34,6.70639633023016,3.48E-34,6.70645401176865,6.39E-34,6.7065109656644,1.51E-33,6.70638673063642,5.75E-33,6.70645734659959,1.58E-32
,,,,,,,,,,,,6.71115829618881,2.56E-34,6.71119637823076,3.48E-34,6.71125405976903,6.39E-34,6.71131101366497,1.51E-33,6.71118677863684,5.75E-33,6.71125739460013,1.58E-32
,,,,,,,,,,,,6.71595834418928,2.56E-34,6.71599642623116,3.48E-34,6.71605410776951,6.39E-34,6.71611106166536,1.51E-33,6.71598682663743,5.75E-33,6.7160574426006,1.58E-32
,,,,,,,,,,,,6.72075839218985,2.56E-34,6.72079647423163,3.48E-34,6.72085415577008,6.39E-34,6.72091110966588,1.51E-33,6.72078687463786,5.75E-33,6.720857490601,1.58E-32
,,,,,,,,,,,,6.72555844019024,2.56E-34,6.72559652223219,3.48E-34,6.72565420377046,6.39E-34,6.72571115766638,1.51E-33,6.72558692263825,5.75E-33,6.7256575386016,1.58E-32
,,,,,,,,,,,,6.73035848819075,2.56E-34,6.73039657023258,3.48E-34,6.73045425177096,6.39E-34,6.7305112056668,1.51E-33,6.73038697063891,5.75E-33,6.73045758660204,1.58E-32
,,,,,,,,,,,,6.73515853619128,2.56E-34,6.7351966182331,3.48E-34,6.73525429977152,6.39E-34,6.73531125366733,1.51E-33,6.73518701863929,5.75E-33,6.73525763460241,1.58E-32
,,,,,,,,,,,,6.73995858419167,2.56E-34,6.73999666623362,3.48E-34,6.7400543477719,6.38E-34,6.74011130166781,1.51E-33,6.73998706663969,5.75E-33,6.74005768260308,1.58E-32
,,,,,,,,,,,,6.7447586321922,2.56E-34,6.74479671423401,3.48E-34,6.7448543957724,6.38E-34,6.74491134966823,1.51E-33,6.74478711464033,5.75E-33,6.74485773060347,1.58E-32
,,,,,,,,,,,,6.74955868019271,2.56E-34,6.74959676223454,3.48E-34,6.74965444377295,6.38E-34,6.7497113976688,1.51E-33,6.74958716264072,5.75E-33,6.74965777860386,1.58E-32
,,,,,,,,,,,,6.7543587281931,2.55E-34,6.75439681023506,3.48E-34,6.75445449177333,6.38E-34,6.75451144566924,1.51E-33,6.75438721064117,5.75E-33,6.7544578266045,1.58E-32
,,,,,,,,,,,,6.75915877619365,2.55E-34,6.75919685823545,3.48E-34,6.75925453977387,6.38E-34,6.75931149366964,1.51E-33,6.75918725864174,5.75E-33,6.7592578746049,1.58E-32
,,,,,,,,,,,,6.76395882419415,2.55E-34,6.763996906236,3.48E-34,6.76405458777437,6.38E-34,6.76411154167028,1.51E-33,6.76398730664216,5.75E-33,6.76405792260534,1.58E-32
,,,,,,,,,,,,6.76875887219454,2.55E-34,6.76879695423649,3.48E-34,6.76885463577476,6.38E-34,6.76891158967067,1.51E-33,6.76878735464265,5.75E-33,6.76885797060591,1.58E-32
,,,,,,,,,,,,6.77355892019512,2.55E-34,6.77359700223688,3.48E-34,6.77365468377532,6.38E-34,6.77371163767107,1.51E-33,6.77358740264315,5.75E-33,6.77365801860634,1.58E-32
,,,,,,,,,,,,6.77835896819556,2.55E-34,6.77839705023747,3.48E-34,6.77845473177578,6.38E-34,6.77851168567171,1.51E-33,6.77838745064359,5.75E-33,6.77845806660682,1.58E-32
,,,,,,,,,,,,6.78315901619597,2.55E-34,6.7831970982379,3.47E-34,6.78325477977621,6.38E-34,6.78331173367211,1.51E-33,6.78318749864411,5.75E-33,6.78325811460733,1.58E-32
,,,,,,,,,,,,6.78795906419659,2.55E-34,6.78799714623832,3.47E-34,6.78805482777679,6.38E-34,6.78811178167254,1.51E-33,6.78798754664459,5.75E-33,6.78805816260776,1.58E-32
,,,,,,,,,,,,6.79275911219697,2.55E-34,6.79279719423893,3.47E-34,6.7928548757772,6.38E-34,6.79291182967313,1.51E-33,6.792787594645,5.75E-33,6.79285821060827,1.58E-32
,,,,,,,,,,,,6.79755916019745,2.55E-34,6.79759724223931,3.47E-34,6.79765492377765,6.38E-34,6.79771187767354,1.51E-33,6.79758764264557,5.75E-33,6.79765825860877,1.58E-32
,,,,,,,,,,,,6.80235920819802,2.55E-34,6.80239729023979,3.47E-34,6.80245497177825,6.38E-34,6.80251192567403,1.51E-33,6.80238769064602,5.75E-33,6.80245830660917,1.58E-32
,,,,,,,,,,,,6.8071592561984,2.55E-34,6.80719733824037,3.47E-34,6.80725501977864,6.38E-34,6.80731197367454,1.51E-33,6.80718773864642,5.75E-33,6.80725835460974,1.58E-32
,,,,,,,,,,,,6.81195930419888,2.55E-34,6.81199738624075,3.47E-34,6.81205506777909,6.38E-34,6.81211202167497,1.51E-33,6.81198778664705,5.75E-33,6.8120584026102,1.58E-32
,,,,,,,,,,,,6.81675935219946,2.55E-34,6.81679743424123,3.47E-34,6.81685511577968,6.38E-34,6.81691206967549,1.51E-33,6.81678783464745,5.75E-33,6.81685845061059,1.58E-32
,,,,,,,,,,,,6.82155940019984,2.54E-34,6.8215974822418,3.47E-34,6.82165516378007,6.38E-34,6.82171211767597,1.51E-33,6.82158788264785,5.75E-33,6.82165849861122,1.58E-32
,,,,,,,,,,,,6.82635944820034,2.54E-34,6.82639753024218,3.47E-34,6.82645521178053,6.38E-34,6.82651216567638,1.51E-33,6.8263879306485,5.75E-33,6.82645854661163,1.58E-32
,,,,,,,,,,,,6.83115949620089,2.54E-34,6.83119757824268,3.47E-34,6.83125525978111,6.38E-34,6.83131221367696,1.51E-33,6.83118797864889,5.75E-33,6.83125859461202,1.58E-32
,,,,,,,,,,,,6.83595954420127,2.54E-34,6.83599762624323,3.47E-34,6.83605530778151,6.38E-34,6.8361122616774,1.51E-33,6.83598802664931,5.75E-33,6.83605864261265,1.58E-32
,,,,,,,,,,,,6.84075959220181,2.54E-34,6.84079767424361,3.47E-34,6.84085535578202,6.38E-34,6.84091230967779,1.51E-33,6.84078807464991,5.75E-33,6.84085869061307,1.58E-32
,,,,,,,,,,,,6.84555964020231,2.54E-34,6.84559772224415,3.47E-34,6.84565540378253,6.38E-34,6.84571235767843,1.51E-33,6.84558812265032,5.75E-33,6.84565873861348,1.58E-32
,,,,,,,,,,,,6.8503596882027,2.54E-34,6.85039777024466,3.47E-34,6.85045545178294,6.38E-34,6.85051240567884,1.51E-33,6.85038817065079,5.75E-33,6.85045878661408,1.58E-32
,,,,,,,,,,,,6.85515973620326,2.54E-34,6.85519781824505,3.47E-34,6.85525549978348,6.38E-34,6.85531245367923,1.51E-33,6.85518821865133,5.75E-33,6.8552588346145,1.58E-32
,,,,,,,,,,,,6.85995978420372,2.54E-34,6.85999786624561,3.47E-34,6.86005554778394,6.38E-34,6.86011250167988,1.51E-33,6.85998826665176,5.75E-33,6.86005888261496,1.58E-32
,,,,,,,,,,,,6.86475983220414,2.54E-34,6.86479791424607,3.47E-34,6.86485559578437,6.38E-34,6.86491254968027,1.51E-33,6.86478831465225,5.75E-33,6.86485893061551,1.58E-32
,,,,,,,,,,,,6.86955988020473,2.54E-34,6.86959796224648,3.47E-34,6.86965564378495,6.38E-34,6.8697125976807,1.51E-33,6.86958836265276,5.75E-33,6.86965897861592,1.58E-32
,,,,,,,,,,,,6.87435992820513,2.54E-34,6.87439801024708,3.47E-34,6.87445569178537,6.38E-34,6.87451264568129,1.51E-33,6.87438841065317,5.75E-33,6.87445902661642,1.58E-32
,,,,,,,,,,,,6.8791599762056,2.54E-34,6.87919805824748,3.47E-34,6.87925573978578,6.38E-34,6.8793126936817,1.51E-33,6.87918845865372,5.75E-33,6.87925907461694,1.58E-32
,,,,,,,,,,,,6.88396002420619,2.54E-34,6.88399810624795,3.47E-34,6.88405578778642,6.38E-34,6.88411274168217,1.51E-33,6.8839885066542,5.75E-33,6.88405912261733,1.58E-32
,,,,,,,,,,,,6.88876007220657,2.54E-34,6.88879815424853,3.46E-34,6.8888558357868,6.38E-34,6.8889127896827,1.51E-33,6.88878855465458,5.75E-33,6.88885917061788,1.58E-32
,,,,,,,,,,,,6.89356012020704,2.53E-34,6.89359820224891,3.46E-34,6.89365588378723,6.38E-34,6.89371283768314,1.51E-33,6.8935886026552,5.75E-33,6.89365921861838,1.58E-32
,,,,,,,,,,,,6.89836016820762,2.53E-34,6.89839825024938,3.46E-34,6.89845593178786,6.38E-34,6.89851288568363,1.51E-33,6.89838865065563,5.75E-33,6.89845926661876,1.58E-32
,,,,,,,,,,,,6.903160216208,2.53E-34,6.90319829824997,3.46E-34,6.90325597978824,6.38E-34,6.90331293368413,1.51E-33,6.90318869865601,5.75E-33,6.90325931461935,1.58E-32
,,,,,,,,,,,,6.90796026420848,2.53E-34,6.90799834625034,3.46E-34,6.90805602778868,6.38E-34,6.90811298168456,1.51E-33,6.90798874665663,5.75E-33,6.90805936261981,1.58E-32
,,,,,,,,,,,,6.91276031220905,2.53E-34,6.91279839425083,3.46E-34,6.91285607578928,6.38E-34,6.9129130296851,1.51E-33,6.91278879465707,5.75E-33,6.91285941062019,1.58E-32
,,,,,,,,,,,,6.91756036020943,2.53E-34,6.9175984422514,3.46E-34,6.91765612378967,6.38E-34,6.91771307768557,1.51E-33,6.91758884265747,5.75E-33,6.91765945862079,1.58E-32
,,,,,,,,,,,,6.92236040820995,2.53E-34,6.92239849025178,3.46E-34,6.92245617179016,6.37E-34,6.92251312568597,1.51E-33,6.92238889065806,5.75E-33,6.92245950662124,1.58E-32
,,,,,,,,,,,,6.92716045621048,2.53E-34,6.92719853825229,3.46E-34,6.92725621979069,6.37E-34,6.92731317368658,1.51E-33,6.9271889386585,5.75E-33,6.92725955462164,1.58E-32
,,,,,,,,,,,,6.93196050421088,2.53E-34,6.93199858625282,3.46E-34,6.9320562677911,6.37E-34,6.932113221687,1.51E-33,6.93198898665895,5.75E-33,6.93205960262224,1.58E-32
,,,,,,,,,,,,6.93676055221141,2.53E-34,6.93679863425322,3.46E-34,6.93685631579162,6.37E-34,6.93691326968739,1.51E-33,6.9367890346595,5.75E-33,6.93685965062267,1.58E-32
,,,,,,,,,,,,6.94156060021189,2.53E-34,6.94159868225375,3.46E-34,6.9416563637921,6.37E-34,6.94171331768803,1.51E-33,6.94158908265991,5.75E-33,6.94165969862311,1.58E-32
,,,,,,,,,,,,6.94636064821231,2.53E-34,6.94639873025423,3.46E-34,6.94645641179255,6.37E-34,6.94651336568844,1.51E-33,6.94638913066041,5.75E-33,6.94645974662367,1.58E-32
,,,,,,,,,,,,6.95116069621287,2.53E-34,6.95119877825466,3.46E-34,6.95125645979309,6.37E-34,6.95131341368884,1.51E-33,6.95118917866093,5.75E-33,6.95125979462408,1.58E-32
,,,,,,,,,,,,6.95596074421331,2.53E-34,6.95599882625522,3.46E-34,6.95605650779353,6.37E-34,6.95611346168946,1.51E-33,6.95598922666132,5.75E-33,6.95605984262458,1.58E-32
,,,,,,,,,,,,6.96076079221373,2.53E-34,6.96079887425565,3.46E-34,6.96085655579396,6.37E-34,6.96091350968988,1.51E-33,6.96078927466187,5.75E-33,6.96085989062511,1.58E-32
,,,,,,,,,,,,6.96556084021435,2.52E-34,6.96559892225608,3.46E-34,6.96565660379457,6.37E-34,6.96571355769032,1.51E-33,6.96558932266236,5.75E-33,6.96565993862549,1.58E-32
,,,,,,,,,,,,6.97036088821474,2.52E-34,6.9703989702567,3.46E-34,6.97045665179497,6.37E-34,6.97051360569088,1.51E-33,6.97038937066275,5.75E-33,6.97045998662604,1.58E-32
,,,,,,,,,,,,6.97516093621517,2.52E-34,6.97519901825709,3.46E-34,6.97525669979538,6.37E-34,6.9753136536913,1.51E-33,6.97518941866334,5.75E-33,6.97526003462654,1.58E-32
,,,,,,,,,,,,6.97996098421579,2.52E-34,6.97999906625751,3.46E-34,6.98005674779602,6.37E-34,6.98011370169178,1.51E-33,6.9799894666638,5.75E-33,6.98006008262693,1.58E-32
,,,,,,,,,,,,6.98476103221618,2.52E-34,6.98479911425813,3.46E-34,6.9848567957964,6.37E-34,6.98491374969231,1.51E-33,6.98478951466419,5.75E-33,6.98486013062749,1.58E-32
,,,,,,,,,,,,6.98956108021662,2.52E-34,6.98959916225852,3.46E-34,6.98965684379683,6.37E-34,6.98971379769271,1.51E-33,6.98958956266478,5.75E-33,6.98966017862798,1.58E-32
,,,,,,,,,,,,6.99436112821722,2.52E-34,6.99439921025897,3.45E-34,6.99445689179745,6.37E-34,6.99451384569324,1.51E-33,6.99438961066523,5.75E-33,6.99446022662837,1.58E-32
,,,,,,,,,,,,6.99916117621761,2.52E-34,6.99919925825956,3.45E-34,6.99925693979785,6.37E-34,6.99931389369375,1.51E-33,6.99918965866562,5.75E-33,6.99926027462894,1.58E-32
,,,,,,,,,,,,7.0039612242181,2.52E-34,7.00399930625995,3.45E-34,7.00405698779831,6.37E-34,7.00411394169412,1.51E-33,7.00398970666622,5.75E-33,7.00406032262941,1.58E-32
,,,,,,,,,,,,7.00876127221863,2.52E-34,7.00879935426045,3.45E-34,7.00885703579886,6.37E-34,7.00891398969472,1.51E-33,7.00878975466666,5.75E-33,7.0088603706298,1.58E-32
,,,,,,,,,,,,7.01356132021904,2.52E-34,7.01359940226097,3.45E-34,7.01365708379928,6.37E-34,7.01371403769518,1.51E-33,7.01358980266709,5.75E-33,7.01366041863038,1.58E-32
,,,,,,,,,,,,7.01836136821957,2.52E-34,7.01839945026139,3.45E-34,7.01845713179977,6.37E-34,7.01851408569557,1.51E-33,7.01838985066766,5.75E-33,7.01846046663083,1.58E-32
,,,,,,,,,,,,7.02316141622004,2.52E-34,7.02319949826192,3.45E-34,7.02325717980028,6.37E-34,7.02331413369617,1.51E-33,7.02318989866809,5.75E-33,7.02326051463126,1.58E-32
,,,,,,,,,,,,7.02796146422048,2.52E-34,7.02799954626239,3.45E-34,7.0280572278007,6.37E-34,7.02811418169661,1.51E-33,7.02798994666856,5.75E-33,7.02806056263184,1.58E-32
,,,,,,,,,,,,7.03276151222103,2.52E-34,7.03279959426282,3.45E-34,7.03285727580123,6.37E-34,7.032914229697,1.51E-33,7.03278999466909,5.75E-33,7.03286061063225,1.58E-32
,,,,,,,,,,,,7.03756156022147,2.52E-34,7.03759964226337,3.45E-34,7.03765732380171,6.37E-34,7.0377142776976,1.51E-33,7.0375900426695,5.75E-33,7.03766065863272,1.58E-32
,,,,,,,,,,,,7.0423616082219,2.51E-34,7.04239969026382,3.45E-34,7.04245737180211,6.37E-34,7.04251432569805,1.51E-33,7.04239009067001,5.75E-33,7.04246070663327,1.58E-32
,,,,,,,,,,,,7.04716165622251,2.51E-34,7.04719973826424,3.45E-34,7.04725741980271,6.37E-34,7.04731437369847,1.51E-33,7.04719013867053,5.75E-33,7.04726075463366,1.58E-32
,,,,,,,,,,,,7.05196170422291,2.51E-34,7.05199978626485,3.45E-34,7.05205746780315,6.37E-34,7.05211442169904,1.51E-33,7.05199018667092,5.75E-33,7.05206080263418,1.58E-32
,,,,,,,,,,,,7.05676175222332,2.51E-34,7.05679983426525,3.45E-34,7.05685751580354,6.37E-34,7.05691446969946,1.51E-33,7.05679023467148,5.75E-33,7.05686085063471,1.58E-32
,,,,,,,,,,,,7.06156180022396,2.51E-34,7.06159988226567,3.45E-34,7.06165756380418,6.37E-34,7.06171451769994,1.51E-33,7.06159028267196,5.75E-33,7.0616608986351,1.58E-32
,,,,,,,,,,,,7.06636184822434,2.51E-34,7.06639993026631,3.45E-34,7.06645761180458,6.37E-34,7.06651456570048,1.51E-33,7.06639033067235,5.75E-33,7.06646094663564,1.58E-32
,,,,,,,,,,,,7.07116189622477,2.51E-34,7.07119997826669,3.45E-34,7.07125765980498,6.37E-34,7.07131461370088,1.51E-33,7.07119037867292,5.75E-33,7.07126099463614,1.58E-32
,,,,,,,,,,,,7.07596194422538,2.51E-34,7.07600002626711,3.45E-34,7.0760577078056,6.37E-34,7.07611466170139,1.51E-33,7.07599042667341,5.75E-33,7.07606104263653,1.58E-32
,,,,,,,,,,,,7.08076199222578,2.51E-34,7.08080007426773,3.45E-34,7.08085775580601,6.37E-34,7.08091470970191,1.51E-33,7.08079047467379,5.75E-33,7.08086109063708,1.58E-32
,,,,,,,,,,,,7.08556204022625,2.51E-34,7.08560012226812,3.45E-34,7.08565780380646,6.37E-34,7.0857147577023,1.51E-33,7.08559052267437,5.75E-33,7.08566113863759,1.58E-32
,,,,,,,,,,,,7.0903620882268,2.51E-34,7.09040017026859,3.45E-34,7.09045785180701,6.37E-34,7.09051480570286,1.51E-33,7.09039057067483,5.75E-33,7.09046118663796,1.58E-32
,,,,,,,,,,,,7.09516213622722,2.51E-34,7.09520021826914,3.45E-34,7.09525789980745,6.37E-34,7.09531485370334,1.51E-33,7.09519061867523,5.75E-33,7.09526123463854,1.58E-32
,,,,,,,,,,,,7.09996218422771,2.51E-34,7.10000026626957,3.45E-34,7.10005794780793,6.37E-34,7.10011490170373,1.51E-33,7.09999066667584,5.75E-33,7.100061282639,1.58E-32
,,,,,,,,,,,,7.10476223222821,2.51E-34,7.10480031427006,3.44E-34,7.10485799580844,6.37E-34,7.10491494970431,1.51E-33,7.10479071467624,5.75E-33,7.1048613306394,1.58E-32
,,,,,,,,,,,,7.10956228022865,2.51E-34,7.10960036227055,3.44E-34,7.10965804380887,6.37E-34,7.10971499770479,1.51E-33,7.1095907626767,5.75E-33,7.10966137864002,1.58E-32
,,,,,,,,,,,,7.11436232822917,2.51E-34,7.114400410271,3.44E-34,7.11445809180938,6.37E-34,7.11451504570517,1.51E-33,7.11439081067727,5.75E-33,7.11446142664041,1.58E-32
,,,,,,,,,,,,7.11916237622964,2.51E-34,7.11920045827151,3.44E-34,7.11925813980988,6.36E-34,7.11931509370574,1.51E-33,7.11919085867766,5.75E-33,7.11926147464087,1.58E-32
,,,,,,,,,,,,7.12396242423006,2.50E-34,7.12400050627198,3.44E-34,7.12405818781028,6.36E-34,7.12411514170622,1.51E-33,7.12399090667815,5.75E-33,7.12406152264145,1.58E-32
,,,,,,,,,,,,7.12876247223065,2.50E-34,7.12880055427241,3.44E-34,7.12885823581086,6.36E-34,7.12891518970661,1.51E-33,7.1287909546787,5.75E-33,7.12886157064184,1.58E-32
,,,,,,,,,,,,7.13356252023107,2.50E-34,7.13360060227299,3.44E-34,7.13365828381131,6.36E-34,7.13371523770721,1.51E-33,7.1335910026791,5.75E-33,7.13366161864231,1.58E-32
,,,,,,,,,,,,7.13836256823148,2.50E-34,7.13840065027342,3.44E-34,7.1384583318117,6.36E-34,7.13851528570763,1.51E-33,7.13839105067961,5.75E-33,7.13846166664288,1.58E-32
,,,,,,,,,,,,7.14316261623212,2.50E-34,7.14320069827382,3.44E-34,7.14325837981232,6.36E-34,7.14331533370808,1.51E-33,7.14319109868014,5.75E-33,7.14326171464327,1.58E-32
,,,,,,,,,,,,7.14796266423252,2.50E-34,7.14800074627446,3.44E-34,7.14805842781275,6.36E-34,7.14811538170864,1.51E-33,7.14799114668053,5.75E-33,7.14806176264377,1.58E-32
,,,,,,,,,,,,7.15276271223291,2.50E-34,7.15280079427486,3.44E-34,7.15285847581313,6.36E-34,7.15291542970904,1.51E-33,7.15279119468106,5.75E-33,7.15286181064432,1.58E-32
,,,,,,,,,,,,7.15756276023355,2.50E-34,7.15760084227525,3.44E-34,7.15765852381375,6.36E-34,7.15771547770954,1.51E-33,7.15759124268157,5.75E-33,7.15766185864471,1.58E-32
,,,,,,,,,,,,7.16236280823395,2.50E-34,7.16240089027589,3.44E-34,7.16245857181419,6.36E-34,7.16251552571009,1.51E-33,7.16239129068196,5.75E-33,7.16246190664522,1.58E-32
,,,,,,,,,,,,7.16716285623439,2.50E-34,7.1672009382763,3.44E-34,7.1672586198146,6.36E-34,7.16731557371047,1.51E-33,7.16719133868251,5.75E-33,7.16726195464574,1.58E-32
,,,,,,,,,,,,7.17196290423496,2.50E-34,7.17200098627673,3.44E-34,7.17205866781517,6.36E-34,7.17211562171101,1.51E-33,7.17199138668299,5.75E-33,7.17206200264614,1.58E-32
,,,,,,,,,,,,7.17676295223539,2.50E-34,7.1768010342773,3.44E-34,7.17685871581562,6.36E-34,7.17691566971152,1.51E-33,7.1767914346834,5.75E-33,7.17686205064668,1.58E-32
,,,,,,,,,,,,7.18156300023586,2.50E-34,7.18160108227773,3.44E-34,7.18165876381607,6.36E-34,7.1817157177119,1.51E-33,7.18159148268399,5.75E-33,7.18166209864716,1.58E-32
,,,,,,,,,,,,7.18636304823638,2.50E-34,7.1864011302782,3.44E-34,7.18645881181661,6.36E-34,7.18651576571245,1.51E-33,7.1863915306844,5.75E-33,7.18646214664758,1.58E-32
,,,,,,,,,,,,7.19116309623682,2.50E-34,7.19120117827873,3.44E-34,7.19125885981703,6.36E-34,7.19131581371295,1.51E-33,7.19119157868485,5.75E-33,7.19126219464816,1.58E-32
,,,,,,,,,,,,7.19596314423731,2.50E-34,7.19600122627916,3.44E-34,7.19605890781753,6.36E-34,7.19611586171333,1.51E-33,7.19599162668544,5.75E-33,7.19606224264857,1.58E-32
,,,,,,,,,,,,7.20076319223782,2.50E-34,7.20080127427966,3.44E-34,7.20085895581805,6.36E-34,7.20091590971389,1.51E-33,7.20079167468583,5.75E-33,7.20086229064902,1.58E-32
,,,,,,,,,,,,7.20556324023823,2.49E-34,7.20560132228016,3.44E-34,7.20565900381844,6.36E-34,7.20571595771438,1.51E-33,7.2055917226863,5.75E-33,7.20566233864962,1.58E-32
,,,,,,,,,,,,7.21036328823879,2.49E-34,7.21040137028057,3.44E-34,7.21045905181901,6.36E-34,7.21051600571477,1.51E-33,7.21039177068687,5.75E-33,7.21046238665001,1.58E-32
,,,,,,,,,,,,7.21516333623925,2.49E-34,7.21520141828114,3.44E-34,7.21525909981949,6.36E-34,7.21531605371537,1.51E-33,7.21519181868726,5.75E-33,7.21526243465045,1.58E-32
,,,,,,,,,,,,7.21996338423964,2.49E-34,7.22000146628159,3.44E-34,7.22005914781987,6.36E-34,7.2201161017158,1.51E-33,7.21999186668775,5.75E-33,7.22006248265105,1.58E-32
,,,,,,,,,,,,7.22476343224026,2.49E-34,7.22480151428199,3.43E-34,7.22485919582046,6.36E-34,7.22491614971622,1.51E-33,7.22479191468831,5.75E-33,7.22486253065144,1.58E-32
,,,,,,,,,,,,7.22956348024068,2.49E-34,7.2296015622826,3.43E-34,7.22965924382092,6.36E-34,7.22971619771682,1.51E-33,7.22959196268869,5.75E-33,7.22966257865191,1.58E-32
,,,,,,,,,,,,7.23436352824107,2.49E-34,7.23440161028303,3.43E-34,7.2344592918213,6.36E-34,7.23451624571721,1.51E-33,7.2343920106892,5.75E-33,7.23446262665249,1.58E-32
,,,,,,,,,,,,7.2391635762417,2.49E-34,7.23920165828342,3.43E-34,7.23925933982189,6.36E-34,7.23931629371768,1.51E-33,7.23919205868975,5.75E-33,7.23926267465287,1.58E-32
,,,,,,,,,,,,7.24396362424212,2.49E-34,7.24400170628405,3.43E-34,7.24405938782235,6.36E-34,7.24411634171825,1.51E-33,7.24399210669013,5.75E-33,7.24406272265337,1.58E-32
,,,,,,,,,,,,7.24876367224254,2.49E-34,7.24880175428446,3.43E-34,7.24885943582274,6.36E-34,7.24891638971864,1.51E-33,7.24879215469065,5.75E-33,7.24886277065392,1.58E-32
,,,,,,,,,,,,7.25356372024313,2.49E-34,7.25360180228489,3.43E-34,7.25365948382335,6.36E-34,7.25371643771914,1.51E-33,7.25359220269116,5.75E-33,7.25366281865431,1.58E-32
,,,,,,,,,,,,7.25836376824355,2.49E-34,7.25840185028547,3.43E-34,7.25845953182379,6.36E-34,7.25851648571969,1.51E-33,7.25839225069156,5.75E-33,7.25846286665482,1.58E-32
,,,,,,,,,,,,7.26316381624401,2.49E-34,7.26320189828589,3.43E-34,7.26325957982421,6.36E-34,7.26331653372008,1.51E-33,7.26319229869213,5.75E-33,7.26326291465533,1.58E-32
,,,,,,,,,,,,7.26796386424455,2.49E-34,7.26800194628635,3.43E-34,7.26805962782478,6.36E-34,7.26811658172059,1.51E-33,7.26799234669257,5.75E-33,7.26806296265574,1.58E-32
,,,,,,,,,,,,7.27276391224497,2.49E-34,7.27280199428689,3.43E-34,7.2728596758252,6.36E-34,7.27291662972112,1.51E-33,7.27279239469299,5.75E-33,7.2728630106563,1.58E-32
,,,,,,,,,,,,7.27756396024547,2.49E-34,7.27760204228732,3.43E-34,7.27765972382567,6.36E-34,7.27771667772151,1.51E-33,7.27759244269361,5.75E-33,7.27766305865674,1.58E-32
,,,,,,,,,,,,7.28236400824598,2.49E-34,7.28240209028781,3.43E-34,7.28245977182622,6.36E-34,7.28251672572205,1.51E-33,7.28239249069399,5.75E-33,7.28246310665717,1.58E-32
,,,,,,,,,,,,7.28716405624638,2.48E-34,7.28720213828833,3.43E-34,7.28725981982661,6.36E-34,7.28731677372254,1.51E-33,7.28719253869445,5.75E-33,7.28726315465778,1.58E-32
,,,,,,,,,,,,7.29196410424694,2.48E-34,7.29200218628873,3.43E-34,7.29205986782715,6.36E-34,7.29211682172294,1.51E-33,7.29199258669505,5.75E-33,7.29206320265817,1.58E-32
,,,,,,,,,,,,7.29676415224743,2.48E-34,7.29680223428929,3.43E-34,7.29685991582765,6.36E-34,7.29691686972352,1.51E-33,7.29679263469543,5.75E-33,7.29686325065861,1.58E-32
,,,,,,,,,,,,7.30156420024781,2.48E-34,7.30160228228977,3.43E-34,7.30165996382804,6.36E-34,7.30171691772395,1.51E-33,7.3015926826959,5.75E-33,7.30166329865923,1.58E-32
,,,,,,,,,,,,7.3063642482484,2.48E-34,7.30640233029015,3.43E-34,7.3064600118286,6.36E-34,7.30651696572438,1.51E-33,7.30639273069648,5.75E-33,7.3064633466596,1.58E-32
,,,,,,,,,,,,7.31116429624886,2.48E-34,7.31120237829075,3.43E-34,7.31126005982909,6.36E-34,7.31131701372498,1.51E-33,7.31119277869686,5.75E-33,7.31126339466005,1.58E-32
,,,,,,,,,,,,7.31596434424924,2.48E-34,7.3160024262912,3.43E-34,7.31606010782948,6.36E-34,7.31611706172537,1.51E-33,7.31599282669735,5.75E-33,7.31606344266066,1.58E-32
,,,,,,,,,,,,7.32076439224983,2.48E-34,7.32080247429158,3.43E-34,7.32086015583005,6.36E-34,7.32091710972584,1.51E-33,7.3207928746979,5.75E-33,7.32086349066104,1.58E-32
,,,,,,,,,,,,7.32556444025029,2.48E-34,7.32560252229218,3.43E-34,7.32566020383052,6.36E-34,7.32571715772643,1.51E-33,7.32559292269829,5.75E-33,7.32566353866152,1.58E-32
,,,,,,,,,,,,7.33036448825068,2.48E-34,7.33040257029264,3.43E-34,7.33046025183091,6.35E-34,7.33051720572681,1.51E-33,7.33039297069883,5.75E-33,7.33046358666207,1.58E-32
,,,,,,,,,,,,7.33516453625128,2.48E-34,7.33520261829303,3.43E-34,7.3352602998315,6.35E-34,7.33531725372728,1.51E-33,7.33519301869932,5.75E-33,7.33526363466247,1.58E-32
,,,,,,,,,,,,7.33996458425173,2.48E-34,7.34000266629362,3.43E-34,7.34006034783194,6.35E-34,7.34011730172786,1.51E-33,7.33999306669973,5.75E-33,7.340063682663,1.58E-32
,,,,,,,,,,,,7.34476463225215,2.48E-34,7.34480271429407,3.43E-34,7.34486039583237,6.35E-34,7.34491734972824,1.51E-33,7.34479311470029,5.75E-33,7.34486373066349,1.58E-32
,,,,,,,,,,,,7.34956468025272,2.48E-34,7.3496027622945,3.42E-34,7.34966044383295,6.35E-34,7.34971739772872,1.51E-33,7.34959316270074,5.75E-33,7.34966377866391,1.58E-32
,,,,,,,,,,,,7.35436472825314,2.48E-34,7.35440281029507,3.42E-34,7.35446049183335,6.35E-34,7.3545174457293,1.51E-33,7.35439321070116,5.75E-33,7.35446382666445,1.58E-32
,,,,,,,,,,,,7.35916477625362,2.48E-34,7.35920285829548,3.42E-34,7.35926053983384,6.35E-34,7.35931749372967,1.51E-33,7.35919325870176,5.75E-33,7.35926387466491,1.58E-32
,,,,,,,,,,,,7.36396482425416,2.48E-34,7.36400290629596,3.42E-34,7.36406058783439,6.35E-34,7.3641175417302,1.51E-33,7.36399330670217,5.75E-33,7.36406392266533,1.58E-32
,,,,,,,,,,,,7.36876487225455,2.48E-34,7.3688029542965,3.42E-34,7.36886063583477,6.35E-34,7.36891758973071,1.51E-33,7.36879335470259,5.75E-33,7.36886397066592,1.58E-32
,,,,,,,,,,,,7.37356492025509,2.47E-34,7.37360300229689,3.42E-34,7.37366068383529,6.35E-34,7.37371763773111,1.51E-33,7.37359340270321,5.75E-33,7.37366401866635,1.58E-32
,,,,,,,,,,,,7.37836496825559,2.47E-34,7.37840305029743,3.42E-34,7.37846073183583,6.35E-34,7.37851768573167,1.51E-33,7.3783934507036,5.75E-33,7.37846406666675,1.58E-32
,,,,,,,,,,,,7.38316501625597,2.47E-34,7.38320309829794,3.42E-34,7.38326077983621,6.35E-34,7.38331773373212,1.51E-33,7.38319349870404,5.75E-33,7.38326411466739,1.58E-32
,,,,,,,,,,,,7.38796506425654,2.47E-34,7.38800314629832,3.42E-34,7.38806082783673,6.35E-34,7.38811778173254,1.51E-33,7.38799354670464,5.75E-33,7.38806416266778,1.58E-32
,,,,,,,,,,,,7.39276511225702,2.47E-34,7.39280319429889,3.42E-34,7.39286087583726,6.35E-34,7.39291782973314,1.51E-33,7.39279359470504,5.75E-33,7.39286421066819,1.58E-32
,,,,,,,,,,,,7.3975651602574,2.47E-34,7.39760324229937,3.42E-34,7.39766092383764,6.35E-34,7.39771787773354,1.51E-33,7.39759364270549,5.75E-33,7.39766425866882,1.58E-32
,,,,,,,,,,,,7.40236520825801,2.47E-34,7.40240329029975,3.42E-34,7.40246097183819,6.35E-34,7.40251792573399,1.51E-33,7.40239369070607,5.75E-33,7.40246430666921,1.58E-32
,,,,,,,,,,,,7.40716525625846,2.47E-34,7.40720333830036,3.42E-34,7.4072610198387,6.35E-34,7.40731797373459,1.51E-33,7.40719373870647,5.75E-33,7.40726435466966,1.58E-32
,,,,,,,,,,,,7.41196530425884,2.47E-34,7.4120033863008,3.42E-34,7.41206106783907,6.35E-34,7.41211802173497,1.51E-33,7.41199378670697,5.75E-33,7.41206440267023,1.58E-32
,,,,,,,,,,,,7.41676535225944,2.47E-34,7.41680343430118,3.42E-34,7.41686111583966,6.35E-34,7.41691806973542,1.51E-33,7.41679383470748,5.75E-33,7.41686445067065,1.58E-32
,,,,,,,,,,,,7.42156540025989,2.47E-34,7.42160348230179,3.42E-34,7.42166116384011,6.35E-34,7.42171811773603,1.51E-33,7.4215938827079,5.75E-33,7.42166449867114,1.58E-32
,,,,,,,,,,,,7.42636544826029,2.47E-34,7.42640353030224,3.42E-34,7.42646121184051,6.35E-34,7.42651816573641,1.51E-33,7.42639393070843,5.75E-33,7.42646454667165,1.58E-32
,,,,,,,,,,,,7.43116549626089,2.47E-34,7.43120357830264,3.42E-34,7.43126125984113,6.35E-34,7.43131821373688,1.51E-33,7.4311939787089,5.75E-33,7.43126459467208,1.58E-32
,,,,,,,,,,,,7.4359655442613,2.47E-34,7.43600362630323,3.42E-34,7.43606130784152,6.35E-34,7.43611826173746,1.51E-33,7.43599402670932,5.75E-33,7.4360646426726,1.58E-32
,,,,,,,,,,,,7.44076559226177,2.47E-34,7.44080367430365,3.42E-34,7.44086135584199,6.35E-34,7.44091830973784,1.51E-33,7.44079407470991,5.75E-33,7.44086469067308,1.58E-32
,,,,,,,,,,,,7.44556564026232,2.47E-34,7.44560372230412,3.42E-34,7.44566140384256,6.35E-34,7.44571835773836,1.51E-33,7.44559412271033,5.75E-33,7.44566473867349,1.58E-32
,,,,,,,,,,,,7.45036568826271,2.47E-34,7.45040377030467,3.42E-34,7.45046145184294,6.35E-34,7.45051840573887,1.51E-33,7.45039417071074,5.75E-33,7.45046478667408,1.58E-32
,,,,,,,,,,,,7.45516573626324,2.47E-34,7.45520381830506,3.42E-34,7.45526149984343,6.35E-34,7.45531845373927,1.51E-33,7.45519421871139,5.75E-33,7.45526483467451,1.58E-32
,,,,,,,,,,,,7.45996578426376,2.47E-34,7.46000386630558,3.42E-34,7.46006154784399,6.35E-34,7.46011850173981,1.51E-33,7.45999426671177,5.75E-33,7.4600648826749,1.58E-32
,,,,,,,,,,,,7.46476583226415,2.46E-34,7.4648039143061,3.42E-34,7.46486159584437,6.35E-34,7.46491854974028,1.51E-33,7.46479431471217,5.75E-33,7.46486493067556,1.58E-32
,,,,,,,,,,,,7.46956588026469,2.46E-34,7.46960396230649,3.42E-34,7.46966164384489,6.35E-34,7.46971859774072,1.51E-33,7.46959436271282,5.75E-33,7.46966497867595,1.58E-32
,,,,,,,,,,,,7.47436592826519,2.46E-34,7.47440401030703,3.42E-34,7.47446169184543,6.35E-34,7.47451864574128,1.51E-33,7.4743944107132,5.75E-33,7.47446502667634,1.58E-32
,,,,,,,,,,,,7.47916597626558,2.46E-34,7.47920405830753,3.41E-34,7.47926173984581,6.35E-34,7.47931869374172,1.51E-33,7.47919445871365,5.75E-33,7.47926507467699,1.58E-32
,,,,,,,,,,,,7.48396602426614,2.46E-34,7.48400410630793,3.41E-34,7.48406178784634,6.35E-34,7.48411874174213,1.51E-33,7.48399450671423,5.75E-33,7.48406512267738,1.58E-32
,,,,,,,,,,,,7.48876607226662,2.46E-34,7.48880415430849,3.41E-34,7.48886183584686,6.35E-34,7.48891878974276,1.51E-33,7.48879455471463,5.75E-33,7.48886517067782,1.58E-32
,,,,,,,,,,,,7.49356612026701,2.46E-34,7.49360420230897,3.41E-34,7.49366188384724,6.35E-34,7.49371883774315,1.51E-33,7.49359460271513,5.75E-33,7.4936652186784,1.58E-32
,,,,,,,,,,,,7.49836616826759,2.46E-34,7.49840425030936,3.41E-34,7.4984619318478,6.35E-34,7.49851888574356,1.51E-33,7.49839465071564,5.75E-33,7.49846526667881,1.58E-32
,,,,,,,,,,,,7.50316621626805,2.46E-34,7.50320429830993,3.41E-34,7.50326197984827,6.35E-34,7.50331893374419,1.51E-33,7.50319469871607,5.75E-33,7.50326531467929,1.58E-32
,,,,,,,,,,,,7.50796626426845,2.46E-34,7.50800434631039,3.41E-34,7.50806202784868,6.35E-34,7.50811898174458,1.51E-33,7.50799474671658,5.75E-33,7.50806536267981,1.58E-32
,,,,,,,,,,,,7.51276631226907,2.46E-34,7.51280439431079,3.41E-34,7.51286207584927,6.35E-34,7.51291902974502,1.51E-33,7.51279479471706,5.75E-33,7.51286541068025,1.58E-32
,,,,,,,,,,,,7.51756636026946,2.46E-34,7.51760444231141,3.41E-34,7.51766212384968,6.35E-34,7.51771907774561,1.51E-33,7.51759484271749,5.75E-33,7.51766545868075,1.58E-32
,,,,,,,,,,,,7.52236640826993,2.46E-34,7.5224044903118,3.41E-34,7.52246217185014,6.35E-34,7.52251912574602,1.51E-33,7.52239489071805,5.75E-33,7.52246550668124,1.58E-32
,,,,,,,,,,,,7.5271664562705,2.46E-34,7.52720453831227,3.41E-34,7.52726221985072,6.35E-34,7.52731917374651,1.51E-33,7.5271949387185,5.75E-33,7.52726555468166,1.58E-32
,,,,,,,,,,,,7.53196650427088,2.46E-34,7.53200458631284,3.41E-34,7.53206226785112,6.35E-34,7.53211922174702,1.51E-33,7.53199498671891,5.75E-33,7.53206560268222,1.58E-32
,,,,,,,,,,,,7.53676655227137,2.46E-34,7.53680463431322,3.41E-34,7.53686231585157,6.35E-34,7.53691926974745,1.51E-33,7.53679503471953,5.75E-33,7.53686565068268,1.58E-32
,,,,,,,,,,,,7.54156660027193,2.46E-34,7.54160468231372,3.41E-34,7.54166236385216,6.35E-34,7.54171931774797,1.51E-33,7.54159508271993,5.75E-33,7.54166569868308,1.58E-32
,,,,,,,,,,,,7.54636664827231,2.46E-34,7.54640473031428,3.41E-34,7.54646241185255,6.35E-34,7.54651936574845,1.51E-33,7.54639513072032,5.75E-33,7.5464657466837,1.58E-32
,,,,,,,,,,,,7.55116669627283,2.46E-34,7.55120477831466,3.41E-34,7.55126245985302,6.35E-34,7.55131941374887,1.51E-33,7.55119517872099,5.75E-33,7.55126579468411,1.58E-32
,,,,,,,,,,,,7.55596674427337,2.46E-34,7.55600482631517,3.41E-34,7.55606250785359,6.35E-34,7.55611946174943,1.51E-33,7.55599522672137,5.75E-33,7.5560658426845,1.58E-32
,,,,,,,,,,,,7.56076679227375,2.45E-34,7.56080487431571,3.41E-34,7.56086255585398,6.35E-34,7.56091950974988,1.51E-33,7.56079527472179,5.75E-33,7.56086589068514,1.58E-32
,,,,,,,,,,,,7.56556684027428,2.45E-34,7.56560492231609,3.41E-34,7.5656626038545,6.34E-34,7.56571955775028,1.51E-33,7.5655953227224,5.75E-33,7.56566593868555,1.58E-32
,,,,,,,,,,,,7.5703668882748,2.45E-34,7.57040497031663,3.41E-34,7.57046265185501,6.34E-34,7.57051960575091,1.51E-33,7.5703953707228,5.75E-33,7.57046598668596,1.58E-32
,,,,,,,,,,,,7.57516693627518,2.45E-34,7.57520501831714,3.41E-34,7.57526269985542,6.34E-34,7.57531965375131,1.51E-33,7.57519541872327,5.75E-33,7.57526603468656,1.58E-32
,,,,,,,,,,,,7.57996698427574,2.45E-34,7.58000506631752,3.41E-34,7.58006274785595,6.34E-34,7.58011970175171,1.51E-33,7.57999546672381,5.75E-33,7.58006608268698,1.58E-32
,,,,,,,,,,,,7.58476703227621,2.45E-34,7.58480511431808,3.41E-34,7.58486279585642,6.34E-34,7.58491974975237,1.51E-33,7.58479551472424,5.75E-33,7.58486613068744,1.58E-32
,,,,,,,,,,,,7.58956708027661,2.45E-34,7.58960516231856,3.41E-34,7.58966284385685,6.34E-34,7.58971979775275,1.51E-33,7.58959556272473,5.75E-33,7.58966617868799,1.58E-32
,,,,,,,,,,,,7.59436712827721,2.45E-34,7.59440521031896,3.41E-34,7.59446289185742,6.34E-34,7.59451984575317,1.51E-33,7.59439561072524,5.75E-33,7.59446622668841,1.58E-32
,,,,,,,,,,,,7.59916717627762,2.45E-34,7.59920525831955,3.41E-34,7.59926293985785,6.34E-34,7.59931989375378,1.51E-33,7.59919565872566,5.75E-33,7.59926627468889,1.58E-32
,,,,,,,,,,,,7.60396722427808,2.45E-34,7.60400530631997,3.41E-34,7.60406298785827,6.34E-34,7.60411994175418,1.51E-33,7.60399570672619,5.75E-33,7.60406632268942,1.58E-32
,,,,,,,,,,,,7.60876727227866,2.45E-34,7.60880535432042,3.41E-34,7.6088630358589,6.34E-34,7.60891998975465,1.51E-33,7.60879575472668,5.75E-33,7.60886637068982,1.58E-32
,,,,,,,,,,,,7.61356732027904,2.45E-34,7.61360540232101,3.41E-34,7.61366308385928,6.34E-34,7.61372003775519,1.51E-33,7.61359580272707,5.75E-33,7.61366641869036,1.58E-32
,,,,,,,,,,,,7.61836736827953,2.45E-34,7.61840545032139,3.40E-34,7.61846313185972,6.34E-34,7.61852008575562,1.51E-33,7.61839585072767,5.75E-33,7.61846646669085,1.58E-32
,,,,,,,,,,,,7.6231674162801,2.45E-34,7.62320549832187,3.40E-34,7.62326317986034,6.34E-34,7.62332013375612,1.51E-33,7.62319589872811,5.75E-33,7.62326651469123,1.58E-32
,,,,,,,,,,,,7.62796746428048,2.45E-34,7.62800554632244,3.40E-34,7.62806322786071,6.34E-34,7.62812018175661,1.51E-33,7.62799594672849,5.75E-33,7.62806656269184,1.58E-32
,,,,,,,,,,,,7.63276751228097,2.45E-34,7.63280559432282,3.40E-34,7.63286327586116,6.34E-34,7.63292022975705,1.51E-33,7.63279599472913,5.75E-33,7.63286661069229,1.58E-32
,,,,,,,,,,,,7.63756756028153,2.45E-34,7.63760564232332,3.40E-34,7.63766332386177,6.34E-34,7.63772027775758,1.51E-33,7.63759604272954,5.75E-33,7.63766665869267,1.58E-32
,,,,,,,,,,,,7.64236760828191,2.45E-34,7.64240569032388,3.40E-34,7.64246337186215,6.34E-34,7.64252032575805,1.51E-33,7.64239609072994,5.75E-33,7.64246670669328,1.58E-32
,,,,,,,,,,,,7.64716765628243,2.45E-34,7.64720573832426,3.40E-34,7.64726341986264,6.34E-34,7.64732037375846,1.51E-33,7.64719613873055,5.75E-33,7.64726675469372,1.58E-32
,,,,,,,,,,,,7.65196770428297,2.45E-34,7.65200578632477,3.40E-34,7.65206346786318,6.34E-34,7.65212042175906,1.51E-33,7.65199618673098,5.75E-33,7.65206680269411,1.58E-32
,,,,,,,,,,,,7.65676775228336,2.44E-34,7.65680583432531,3.40E-34,7.65686351586358,6.34E-34,7.65692046975948,1.51E-33,7.65679623473142,5.75E-33,7.65686685069472,1.58E-32
,,,,,,,,,,,,7.66156780028388,2.44E-34,7.6616058823257,3.40E-34,7.66166356386411,6.34E-34,7.66172051775987,1.51E-33,7.66159628273197,5.75E-33,7.66166689869515,1.58E-32
,,,,,,,,,,,,7.66636784828438,2.44E-34,7.66640593032623,3.40E-34,7.66646361186459,6.34E-34,7.66652056576052,1.51E-33,7.6663963307324,5.75E-33,7.66646694669559,1.58E-32
,,,,,,,,,,,,7.67116789628479,2.44E-34,7.67120597832672,3.40E-34,7.67126365986503,6.34E-34,7.67132061376091,1.51E-33,7.67119637873289,5.75E-33,7.67126699469615,1.58E-32
,,,,,,,,,,,,7.67596794428535,2.44E-34,7.67600602632713,3.40E-34,7.67606370786556,6.34E-34,7.67612066176132,1.51E-33,7.67599642673341,5.75E-33,7.67606704269657,1.58E-32
,,,,,,,,,,,,7.68076799228579,2.44E-34,7.6808060743277,3.40E-34,7.68086375586601,6.34E-34,7.68092070976194,1.51E-33,7.68079647473381,5.75E-33,7.68086709069706,1.58E-32
,,,,,,,,,,,,7.68556804028622,2.44E-34,7.68560612232813,3.40E-34,7.68566380386645,6.34E-34,7.68572075776236,1.51E-33,7.68559652273435,5.75E-33,7.68566713869759,1.58E-32
,,,,,,,,,,,,7.69036808828683,2.44E-34,7.69040617032857,3.40E-34,7.69046385186704,6.34E-34,7.69052080576279,1.51E-33,7.69039657073484,5.75E-33,7.69046718669798,1.58E-32
,,,,,,,,,,,,7.69516813628722,2.44E-34,7.69520621832917,3.40E-34,7.69526389986745,6.34E-34,7.69532085376336,1.51E-33,7.69519661873523,5.75E-33,7.69526723469852,1.58E-32
,,,,,,,,,,,,7.69996818428767,2.44E-34,7.70000626632956,3.40E-34,7.70006394786787,6.34E-34,7.70012090176379,1.51E-33,7.69999666673583,5.75E-33,7.70006728269902,1.58E-32
,,,,,,,,,,,,7.70476823228826,2.44E-34,7.70480631433001,3.40E-34,7.7048639958685,6.34E-34,7.70492094976426,1.51E-33,7.70479671473627,5.75E-33,7.70486733069941,1.58E-32
,,,,,,,,,,,,7.70956828028865,2.44E-34,7.70960636233061,3.40E-34,7.70966404386888,6.34E-34,7.70972099776479,1.51E-33,7.70959676273666,5.75E-33,7.70966737869998,1.58E-32
,,,,,,,,,,,,7.71436832828911,2.44E-34,7.714406410331,3.40E-34,7.7144640918693,6.34E-34,7.7145210457652,1.51E-33,7.71439681073727,5.75E-33,7.71446742670045,1.58E-32
,,,,,,,,,,,,7.7191683762897,2.44E-34,7.71920645833146,3.40E-34,7.71926413986993,6.34E-34,7.71932109376572,1.51E-33,7.71919685873771,5.75E-33,7.71926747470084,1.58E-32
,,,,,,,,,,,,7.72396842429009,2.44E-34,7.72400650633204,3.40E-34,7.72406418787032,6.34E-34,7.72412114176622,1.51E-33,7.7239969067381,5.75E-33,7.72406752270143,1.58E-32
,,,,,,,,,,,,7.72876847229058,2.44E-34,7.72880655433243,3.40E-34,7.72886423587078,6.34E-34,7.72892118976661,1.51E-33,7.7287969547387,5.75E-33,7.72886757070189,1.58E-32
,,,,,,,,,,,,7.73356852029112,2.44E-34,7.73360660233292,3.40E-34,7.73366428387134,6.34E-34,7.7337212377672,1.51E-33,7.73359700273914,5.75E-33,7.73366761870228,1.58E-32
,,,,,,,,,,,,7.73836856829152,2.44E-34,7.73840665033346,3.40E-34,7.73846433187176,6.34E-34,7.73852128576766,1.51E-33,7.73839705073957,5.75E-33,7.73846766670286,1.58E-32
,,,,,,,,,,,,7.74316861629205,2.44E-34,7.74320669833387,3.40E-34,7.74326437987225,6.34E-34,7.74332133376805,1.51E-33,7.74319709874014,5.75E-33,7.74326771470332,1.58E-32
,,,,,,,,,,,,7.74796866429253,2.44E-34,7.74800674633439,3.40E-34,7.74806442787276,6.34E-34,7.74812138176865,1.51E-33,7.74799714674057,5.75E-33,7.74806776270373,1.58E-32
,,,,,,,,,,,,7.75276871229295,2.44E-34,7.75280679433487,3.40E-34,7.75286447587319,6.34E-34,7.75292142976909,1.51E-33,7.75279719474103,5.75E-33,7.75286781070432,1.58E-32
,,,,,,,,,,,,7.7575687602935,2.43E-34,7.7576068423353,3.40E-34,7.75766452387371,6.34E-34,7.75772147776948,1.51E-33,7.75759724274157,5.75E-33,7.75766785870474,1.58E-32
,,,,,,,,,,,,7.76236880829395,2.43E-34,7.76240689033585,3.39E-34,7.76246457187419,6.34E-34,7.76252152577009,1.51E-33,7.76239729074199,5.75E-33,7.7624679067052,1.58E-32
,,,,,,,,,,,,7.76716885629439,2.43E-34,7.7672069383363,3.39E-34,7.7672646198746,6.34E-34,7.76732157377052,1.51E-33,7.76719733874249,5.75E-33,7.76726795470575,1.58E-32
,,,,,,,,,,,,7.77196890429498,2.43E-34,7.77200698633673,3.39E-34,7.77206466787519,6.34E-34,7.77212162177095,1.51E-33,7.77199738674301,5.75E-33,7.77206800270615,1.58E-32
,,,,,,,,,,,,7.77676895229539,2.43E-34,7.77680703433733,3.39E-34,7.77686471587562,6.34E-34,7.77692166977152,1.51E-33,7.7767974347434,5.75E-33,7.77686805070666,1.58E-32
,,,,,,,,,,,,7.78156900029581,2.43E-34,7.78160708233773,3.39E-34,7.78166476387602,6.34E-34,7.78172171777194,1.51E-33,7.78159748274397,5.75E-33,7.78166809870718,1.58E-32
,,,,,,,,,,,,7.78636904829644,2.43E-34,7.78640713033815,3.39E-34,7.78646481187665,6.34E-34,7.78652176577242,1.51E-33,7.78639753074444,5.75E-33,7.78646814670758,1.58E-32
,,,,,,,,,,,,7.79116909629682,2.43E-34,7.79120717833878,3.39E-34,7.79126485987706,6.34E-34,7.79132181377295,1.51E-33,7.79119757874483,5.75E-33,7.79126819470812,1.58E-32
,,,,,,,,,,,,7.79596914429724,2.43E-34,7.79600722633916,3.39E-34,7.79606490787746,6.34E-34,7.79612186177337,1.51E-33,7.79599762674541,5.75E-33,7.79606824270862,1.58E-32
,,,,,,,,,,,,7.80076919229787,2.43E-34,7.80080727433959,3.39E-34,7.80086495587809,6.34E-34,7.80092190977387,1.51E-33,7.80079767474588,5.75E-33,7.80086829070901,1.58E-32
,,,,,,,,,,,,7.80556924029825,2.43E-34,7.80560732234022,3.39E-34,7.80566500387849,6.34E-34,7.80572195777439,1.51E-33,7.80559772274626,5.75E-33,7.80566833870957,1.58E-32
,,,,,,,,,,,,7.81036928829872,2.43E-34,7.8104073703406,3.39E-34,7.81046505187894,6.34E-34,7.81052200577478,1.51E-33,7.81039777074685,5.75E-33,7.81046838671006,1.58E-32
,,,,,,,,,,,,7.81516933629928,2.43E-34,7.81520741834107,3.39E-34,7.8152650998795,6.34E-34,7.81532205377535,1.51E-33,7.81519781874732,5.75E-33,7.81526843471044,1.58E-32
,,,,,,,,,,,,7.8199693842997,2.43E-34,7.82000746634163,3.39E-34,7.82006514787992,6.34E-34,7.82012210177582,1.51E-33,7.81999786674771,5.75E-33,7.82006848271102,1.58E-32
,,,,,,,,,,,,7.82476943230019,2.43E-34,7.82480751434204,3.39E-34,7.8248651958804,6.33E-34,7.82492214977621,1.51E-33,7.82479791474831,5.75E-33,7.82486853071148,1.58E-32
,,,,,,,,,,,,7.8295694803007,2.43E-34,7.82960756234254,3.39E-34,7.82966524388092,6.33E-34,7.8297221977768,1.51E-33,7.82959796274873,5.75E-33,7.82966857871188,1.58E-32
,,,,,,,,,,,,7.83436952830113,2.43E-34,7.83440761034304,3.39E-34,7.83446529188136,6.33E-34,7.83452224577726,1.51E-33,7.83439801074918,5.75E-33,7.83446862671249,1.58E-32
,,,,,,,,,,,,7.83916957630165,2.43E-34,7.83920765834348,3.39E-34,7.83926533988186,6.33E-34,7.83932229377765,1.51E-33,7.83919805874975,5.75E-33,7.8392686747129,1.58E-32
,,,,,,,,,,,,7.84396962430212,2.43E-34,7.84400770634399,3.39E-34,7.84406538788235,6.33E-34,7.84412234177823,1.51E-33,7.84399810675014,5.75E-33,7.84406872271334,1.58E-32
,,,,,,,,,,,,7.84876967230255,2.43E-34,7.84880775434446,3.39E-34,7.84886543588277,6.33E-34,7.8489223897787,1.51E-33,7.84879815475063,5.75E-33,7.84886877071393,1.58E-32
,,,,,,,,,,,,7.85356972030313,2.43E-34,7.8536078023449,3.39E-34,7.85366548388334,6.33E-34,7.85372243777909,1.51E-33,7.85359820275118,5.75E-33,7.85366881871431,1.58E-32
,,,,,,,,,,,,7.85836976830355,2.43E-34,7.85840785034547,3.39E-34,7.85846553188379,6.33E-34,7.85852248577969,1.51E-33,7.85839825075157,5.75E-33,7.8584688667148,1.58E-32
,,,,,,,,,,,,7.86316981630396,2.42E-34,7.8632078983459,3.39E-34,7.86326557988418,6.33E-34,7.86332253378012,1.51E-33,7.8631982987521,5.75E-33,7.86326891471536,1.58E-32
,,,,,,,,,,,,7.86796986430459,2.42E-34,7.86800794634631,3.39E-34,7.86806562788481,6.33E-34,7.86812258178056,1.51E-33,7.86799834675261,5.75E-33,7.86806896271575,1.58E-32
,,,,,,,,,,,,7.872769912305,2.42E-34,7.87280799434694,3.39E-34,7.87286567588522,6.33E-34,7.87292262978112,1.51E-33,7.87279839475301,5.75E-33,7.87286901071626,1.58E-32
,,,,,,,,,,,,7.87756996030539,2.42E-34,7.87760804234734,3.39E-34,7.87766572388561,6.33E-34,7.87772267778153,1.51E-33,7.87759844275354,5.75E-33,7.87766905871679,1.58E-32
,,,,,,,,,,,,7.88237000830604,2.42E-34,7.88240809034773,3.39E-34,7.88246577188624,6.33E-34,7.88252272578201,1.51E-33,7.88239849075405,5.75E-33,7.88246910671719,1.58E-32
,,,,,,,,,,,,7.88717005630643,2.42E-34,7.88720813834838,3.39E-34,7.88726581988667,6.33E-34,7.88732277378256,1.51E-33,7.88719853875444,5.75E-33,7.8872691547177,1.58E-32
,,,,,,,,,,,,7.89197010430686,2.42E-34,7.89200818634877,3.39E-34,7.89206586788708,6.33E-34,7.89212282178294,1.51E-33,7.89199858675499,5.75E-33,7.89206920271823,1.58E-32
,,,,,,,,,,,,7.89677015230745,2.42E-34,7.89680823434921,3.39E-34,7.89686591588766,6.33E-34,7.89692286978349,1.51E-33,7.89679863475548,5.75E-33,7.89686925071862,1.58E-32
,,,,,,,,,,,,7.90157020030786,2.42E-34,7.90160828234979,3.39E-34,7.9016659638881,6.33E-34,7.901722917784,1.51E-33,7.90159868275587,5.75E-33,7.90166929871916,1.58E-32
,,,,,,,,,,,,7.90637024830833,2.42E-34,7.90640833035021,3.39E-34,7.90646601188855,6.33E-34,7.90652296578438,1.51E-33,7.90639873075647,5.75E-33,7.90646934671965,1.58E-32
,,,,,,,,,,,,7.91117029630886,2.42E-34,7.91120837835068,3.39E-34,7.91126605988909,6.33E-34,7.91132301378494,1.51E-33,7.91119877875689,5.75E-33,7.91126939472005,1.58E-32
,,,,,,,,,,,,7.9159703443093,2.42E-34,7.9160084263512,3.39E-34,7.91606610788952,6.33E-34,7.91612306178543,1.51E-33,7.91599882675733,5.75E-33,7.91606944272064,1.58E-32
,,,,,,,,,,,,7.92077039230979,2.42E-34,7.92080847435164,3.38E-34,7.92086615589,6.33E-34,7.92092310978581,1.51E-33,7.92079887475791,5.75E-33,7.92086949072106,1.58E-32
,,,,,,,,,,,,7.92557044031029,2.42E-34,7.92560852235213,3.38E-34,7.92566620389053,6.33E-34,7.92572315778638,1.51E-33,7.9255989227583,5.75E-33,7.9256695387215,1.58E-32
,,,,,,,,,,,,7.93037048831072,2.42E-34,7.93040857035264,3.38E-34,7.93046625189093,6.33E-34,7.93052320578686,1.51E-33,7.9303989707588,5.75E-33,7.93046958672209,1.58E-32
,,,,,,,,,,,,7.93517053631127,2.42E-34,7.93520861835306,3.38E-34,7.93526629989148,6.33E-34,7.93532325378724,1.51E-33,7.93519901875935,5.75E-33,7.93526963472248,1.58E-32
,,,,,,,,,,,,7.93997058431173,2.42E-34,7.94000866635361,3.38E-34,7.94006634789196,6.33E-34,7.94012330178785,1.51E-33,7.93999906675974,5.75E-33,7.94006968272295,1.58E-32
,,,,,,,,,,,,7.94477063231213,2.42E-34,7.94480871435407,3.38E-34,7.94486639589234,6.33E-34,7.94492334978829,1.51E-33,7.94479911476024,5.75E-33,7.94486973072353,1.58E-32
,,,,,,,,,,,,7.94957068031274,2.42E-34,7.94960876235447,3.38E-34,7.94966644389295,6.33E-34,7.9497233977887,1.51E-33,7.94959916276079,5.75E-33,7.94966977872392,1.58E-32
,,,,,,,,,,,,7.95437072831316,2.42E-34,7.95440881035508,3.38E-34,7.9544664918934,6.33E-34,7.9545234457893,1.51E-33,7.95439921076117,5.75E-33,7.9544698267244,1.58E-32
,,,,,,,,,,,,7.95917077631355,2.42E-34,7.95920885835551,3.38E-34,7.95926653989378,6.33E-34,7.9593234937897,1.51E-33,7.95919925876169,5.75E-33,7.95926987472497,1.58E-32
,,,,,,,,,,,,7.96397082431419,2.42E-34,7.9640089063559,3.38E-34,7.96406658789439,6.33E-34,7.96412354179017,1.51E-33,7.96399930676223,5.75E-33,7.96406992272535,1.58E-32
,,,,,,,,,,,,7.96877087231459,2.42E-34,7.96880895435654,3.38E-34,7.96886663589483,6.33E-34,7.96892358979073,1.51E-33,7.9687993547626,5.75E-33,7.96886997072584,1.58E-32
,,,,,,,,,,,,7.97357092031502,2.41E-34,7.97360900235694,3.38E-34,7.97366668389522,6.33E-34,7.97372363779112,1.51E-33,7.97359940276314,5.75E-33,7.9736700187264,1.58E-32
,,,,,,,,,,,,7.97837096831561,2.41E-34,7.97840905035736,3.38E-34,7.97846673189584,6.33E-34,7.97852368579162,1.51E-33,7.97839945076365,5.75E-33,7.97847006672678,1.58E-32
,,,,,,,,,,,,7.98317101631603,2.41E-34,7.98320909835796,3.38E-34,7.98326677989626,6.33E-34,7.98332373379216,1.51E-33,7.98319949876404,5.75E-33,7.98327011472731,1.58E-32
,,,,,,,,,,,,7.98797106431649,2.41E-34,7.98800914635837,3.38E-34,7.98806682789669,6.33E-34,7.98812378179255,1.51E-33,7.98799954676461,5.75E-33,7.98807016272782,1.58E-32
,,,,,,,,,,,,7.99277111231703,2.41E-34,7.99280919435883,3.38E-34,7.99286687589726,6.33E-34,7.99292382979308,1.51E-33,7.99279959476506,5.75E-33,7.99287021072822,1.58E-32
,,,,,,,,,,,,7.99757116031746,2.41E-34,7.99760924235937,3.38E-34,7.99766692389769,6.33E-34,7.9977238777936,1.51E-33,7.99759964276547,5.75E-33,7.99767025872878,1.58E-32
,,,,,,,,,,,,8.00237120831795,2.41E-34,8.00240929035981,3.38E-34,8.00246697189816,6.33E-34,8.00252392579399,1.51E-33,8.00239969076609,5.75E-33,8.00247030672923,1.58E-32
,,,,,,,,,,,,8.00717125631846,2.41E-34,8.0072093383603,3.38E-34,8.0072670198987,6.33E-34,8.00732397379454,1.51E-33,8.00719973876647,5.75E-33,8.00727035472965,1.58E-32
,,,,,,,,,,,,8.01197130431887,2.41E-34,8.0120093863608,3.38E-34,8.0120670678991,6.33E-34,8.01212402179503,1.51E-33,8.01199978676695,5.75E-33,8.01207040273026,1.58E-32
,,,,,,,,,,,,8.01677135231942,2.41E-34,8.01680943436122,3.38E-34,8.01686711589962,6.33E-34,8.01692406979542,1.51E-33,8.01679983476752,5.75E-33,8.01687045073065,1.58E-32
,,,,,,,,,,,,8.0215714003199,2.41E-34,8.02160948236177,3.38E-34,8.02166716390013,6.33E-34,8.02172411779599,1.51E-33,8.0215998827679,5.75E-33,8.02167049873111,1.58E-32
,,,,,,,,,,,,8.02637144832028,2.41E-34,8.02640953036225,3.38E-34,8.02646721190052,6.33E-34,8.02652416579644,1.51E-33,8.02639993076838,5.75E-33,8.0264705467317,1.58E-32
,,,,,,,,,,,,8.03117149632089,2.41E-34,8.03120957836263,3.38E-34,8.03126725990109,6.33E-34,8.03132421379685,1.51E-33,8.03119997876896,5.75E-33,8.03127059473208,1.58E-32
,,,,,,,,,,,,8.03597154432134,2.41E-34,8.03600962636323,3.38E-34,8.03606730790156,6.33E-34,8.03612426179746,1.51E-33,8.03600002676934,5.75E-33,8.03607064273254,1.58E-32
,,,,,,,,,,,,8.04077159232172,2.41E-34,8.04080967436368,3.38E-34,8.04086735590195,6.33E-34,8.04092430979785,1.51E-33,8.04080007476983,5.75E-33,8.04087069073314,1.58E-32
,,,,,,,,,,,,8.04557164032234,2.41E-34,8.04560972236406,3.38E-34,8.04566740390255,6.33E-34,8.04572435779833,1.51E-33,8.04560012277039,5.75E-33,8.04567073873352,1.58E-32
,,,,,,,,,,,,8.05037168832277,2.41E-34,8.05040977036468,3.38E-34,8.050467451903,6.33E-34,8.05052440579891,1.51E-33,8.05040017077077,5.75E-33,8.050470786734,1.58E-32
,,,,,,,,,,,,8.05517173632316,2.41E-34,8.05520981836512,3.38E-34,8.05526749990339,6.33E-34,8.05532445379929,1.51E-33,8.05520021877131,5.75E-33,8.05527083473456,1.58E-32
,,,,,,,,,,,,8.05997178432377,2.41E-34,8.06000986636551,3.38E-34,8.06006754790398,6.33E-34,8.06012450179977,1.51E-33,8.06000026677181,5.75E-33,8.06007088273495,1.58E-32
,,,,,,,,,,,,8.0647718323242,2.41E-34,8.06480991436611,3.38E-34,8.06486759590443,6.33E-34,8.06492454980034,1.51E-33,8.0648003147722,5.75E-33,8.06487093073548,1.58E-32
,,,,,,,,,,,,8.06957188032463,2.41E-34,8.06960996236655,3.38E-34,8.06966764390484,6.33E-34,8.06972459780072,1.51E-33,8.06960036277277,5.75E-33,8.06967097873598,1.58E-32
,,,,,,,,,,,,8.0743719283252,2.41E-34,8.07441001036697,3.38E-34,8.07446769190543,6.33E-34,8.07452464580121,1.51E-33,8.07440041077322,5.75E-33,8.07447102673638,1.58E-32
,,,,,,,,,,,,8.07917197632563,2.41E-34,8.07921005836755,3.38E-34,8.07926773990584,6.33E-34,8.07932469380177,1.51E-33,8.07920045877364,5.75E-33,8.07927107473693,1.58E-32
,,,,,,,,,,,,8.08397202432611,2.40E-34,8.08401010636797,3.37E-34,8.08406778790632,6.33E-34,8.08412474180215,1.51E-33,8.08400050677423,5.75E-33,8.08407112273739,1.58E-32
,,,,,,,,,,,,8.08877207232664,2.40E-34,8.08881015436845,3.37E-34,8.08886783590687,6.33E-34,8.08892478980268,1.51E-33,8.08880055477465,5.75E-33,8.08887117073782,1.58E-32
,,,,,,,,,,,,8.09357212032704,2.40E-34,8.09361020236898,3.37E-34,8.09366788390725,6.33E-34,8.0937248378032,1.51E-33,8.09360060277508,5.75E-33,8.0936712187384,1.58E-32
,,,,,,,,,,,,8.09837216832756,2.40E-34,8.09841025036938,3.37E-34,8.09846793190778,6.33E-34,8.09852488580359,1.51E-33,8.09840065077569,5.75E-33,8.09847126673883,1.58E-32
,,,,,,,,,,,,8.10317221632807,2.40E-34,8.10321029836991,3.37E-34,8.10326797990831,6.33E-34,8.10332493380415,1.51E-33,8.10320069877608,5.75E-33,8.10327131473924,1.58E-32
,,,,,,,,,,,,8.10797226432845,2.40E-34,8.10801034637041,3.37E-34,8.10806802790869,6.32E-34,8.10812498180461,1.51E-33,8.10800074677653,5.75E-33,8.10807136273987,1.58E-32
,,,,,,,,,,,,8.11277231232903,2.40E-34,8.11281039437079,3.37E-34,8.11286807590922,6.32E-34,8.11292502980502,1.51E-33,8.11280079477712,5.75E-33,8.11287141074026,1.58E-32
,,,,,,,,,,,,8.1175723603295,2.40E-34,8.11761044237138,3.37E-34,8.11766812390974,6.32E-34,8.11772507780562,1.51E-33,8.11760084277751,5.75E-33,8.11767145874068,1.58E-32
,,,,,,,,,,,,8.12237240832988,2.40E-34,8.12241049037185,3.37E-34,8.12246817191012,6.32E-34,8.12252512580602,1.51E-33,8.12240089077797,5.75E-33,8.1224715067413,1.58E-32
,,,,,,,,,,,,8.1271724563305,2.40E-34,8.12721053837223,3.37E-34,8.12726821991068,6.32E-34,8.12732517380648,1.51E-33,8.12720093877856,5.75E-33,8.12727155474169,1.58E-32
,,,,,,,,,,,,8.13197250433094,2.40E-34,8.13201058637284,3.37E-34,8.13206826791117,6.32E-34,8.13212522180707,1.51E-33,8.13200098677895,5.75E-33,8.13207160274214,1.58E-32
,,,,,,,,,,,,8.13677255233131,2.40E-34,8.13681063437328,3.37E-34,8.13686831591155,6.32E-34,8.13692526980745,1.51E-33,8.13680103477945,5.75E-33,8.13687165074272,1.58E-32
,,,,,,,,,,,,8.14157260033193,2.40E-34,8.14161068237366,3.37E-34,8.14166836391214,6.32E-34,8.14172531780791,1.51E-33,8.14160108277997,5.75E-33,8.14167169874313,1.58E-32
,,,,,,,,,,,,8.14637264833237,2.40E-34,8.14641073037428,3.37E-34,8.14646841191259,6.32E-34,8.14652536580851,1.51E-33,8.14640113078038,5.75E-33,8.14647174674362,1.58E-32
,,,,,,,,,,,,8.15117269633277,2.40E-34,8.15121077837471,3.37E-34,8.15126845991299,6.32E-34,8.15132541380888,1.51E-33,8.15120117878091,5.75E-33,8.15127179474413,1.58E-32
,,,,,,,,,,,,8.15597274433337,2.40E-34,8.15601082637512,3.37E-34,8.1560685079136,6.32E-34,8.15612546180937,1.51E-33,8.15600122678138,5.75E-33,8.15607184274456,1.58E-32
,,,,,,,,,,,,8.16077279233379,2.40E-34,8.16081087437571,3.37E-34,8.16086855591401,6.32E-34,8.16092550980994,1.51E-33,8.16080127478181,5.75E-33,8.16087189074508,1.58E-32
,,,,,,,,,,,,8.16557284033425,2.40E-34,8.16561092237614,3.37E-34,8.16566860391446,6.32E-34,8.16572555781032,1.51E-33,8.16560132278239,5.75E-33,8.16567193874556,1.58E-32
,,,,,,,,,,,,8.1703728883348,2.40E-34,8.17041097037659,3.37E-34,8.17046865191504,6.32E-34,8.17052560581083,1.51E-33,8.17040137078281,5.75E-33,8.17047198674598,1.58E-32
,,,,,,,,,,,,8.1751729363352,2.40E-34,8.17521101837715,3.37E-34,8.17526869991542,6.32E-34,8.17532565381136,1.51E-33,8.17520141878322,5.75E-33,8.17527203474655,1.58E-32
,,,,,,,,,,,,8.17997298433572,2.40E-34,8.18001106637755,3.37E-34,8.18006874791592,6.32E-34,8.18012570181175,1.51E-33,8.18000146678387,5.75E-33,8.18007208274699,1.58E-32
,,,,,,,,,,,,8.18477303233623,2.40E-34,8.18481111437806,3.37E-34,8.18486879591647,6.32E-34,8.18492574981229,1.51E-33,8.18480151478425,5.75E-33,8.18487213074739,1.58E-32
,,,,,,,,,,,,8.18957308033663,2.40E-34,8.18961116237858,3.37E-34,8.18966884391685,6.32E-34,8.18972579781277,1.51E-33,8.18960156278466,5.75E-33,8.18967217874803,1.58E-32
,,,,,,,,,,,,8.19437312833718,2.40E-34,8.19441121037897,3.37E-34,8.19446889191738,6.32E-34,8.19452584581318,1.51E-33,8.1944016107853,5.75E-33,8.19447222674842,1.58E-32
,,,,,,,,,,,,8.19917317633767,2.40E-34,8.19921125837952,3.37E-34,8.1992689399179,6.32E-34,8.19932589381376,1.51E-33,8.19920165878568,5.75E-33,8.19927227474881,1.58E-32
,,,,,,,,,,,,8.20397322433806,2.39E-34,8.20401130638001,3.37E-34,8.20406898791828,6.32E-34,8.20412594181419,1.51E-33,8.20400170678612,5.75E-33,8.20407232274948,1.58E-32
,,,,,,,,,,,,8.20877327233863,2.39E-34,8.2088113543804,3.37E-34,8.20886903591883,6.32E-34,8.20892598981462,1.51E-33,8.20880175478672,5.75E-33,8.20887237074986,1.58E-32
,,,,,,,,,,,,8.2135733203391,2.39E-34,8.21361140238098,3.37E-34,8.21366908391934,6.32E-34,8.21372603781524,1.51E-33,8.21360180278711,5.75E-33,8.21367241875028,1.58E-32
,,,,,,,,,,,,8.21837336833949,2.39E-34,8.21841145038145,3.37E-34,8.21846913191972,6.32E-34,8.21852608581563,1.51E-33,8.21840185078761,5.75E-33,8.21847246675089,1.58E-32
,,,,,,,,,,,,8.22317341634007,2.39E-34,8.22321149838184,3.37E-34,8.22326917992028,6.32E-34,8.22332613381605,1.51E-33,8.22320189878813,5.75E-33,8.22327251475129,1.58E-32
,,,,,,,,,,,,8.22797346434054,2.39E-34,8.22801154638241,3.37E-34,8.22806922792076,6.32E-34,8.22812618181667,1.51E-33,8.22800194678854,5.75E-33,8.22807256275177,1.58E-32
,,,,,,,,,,,,8.23277351234093,2.39E-34,8.23281159438288,3.37E-34,8.23286927592115,6.32E-34,8.23292622981706,1.51E-33,8.23280199478906,5.75E-33,8.2328726107523,1.58E-32
,,,,,,,,,,,,8.23757356034154,2.39E-34,8.23761164238327,3.37E-34,8.23766932392175,6.32E-34,8.2377262778175,1.51E-33,8.23760204278954,5.75E-33,8.23767265875272,1.58E-32
,,,,,,,,,,,,8.24237360834195,2.39E-34,8.24241169038389,3.37E-34,8.24246937192217,6.32E-34,8.2425263258181,1.51E-33,8.24240209078998,5.75E-33,8.24247270675323,1.58E-32
,,,,,,,,,,,,8.2471736563424,2.39E-34,8.24721173838429,3.37E-34,8.24726941992262,6.32E-34,8.24732637381849,1.51E-33,8.24720213879053,5.75E-33,8.24727275475372,1.58E-32
,,,,,,,,,,,,8.25197370434298,2.39E-34,8.25201178638475,3.37E-34,8.2520694679232,6.32E-34,8.25212642181899,1.51E-33,8.25200218679098,5.75E-33,8.25207280275415,1.58E-32
,,,,,,,,,,,,8.25677375234336,2.39E-34,8.25681183438532,3.36E-34,8.25686951592359,6.32E-34,8.25692646981951,1.51E-33,8.2568022347914,5.75E-33,8.2568728507547,1.58E-32
,,,,,,,,,,,,8.26157380034386,2.39E-34,8.2616118823857,3.36E-34,8.26166956392406,6.32E-34,8.26172651781993,1.51E-33,8.26160228279201,5.75E-33,8.26167289875516,1.58E-32
,,,,,,,,,,,,8.26637384834441,2.39E-34,8.2664119303862,3.36E-34,8.26646961192464,6.32E-34,8.26652656582046,1.51E-33,8.26640233079241,5.75E-33,8.26647294675557,1.58E-32
,,,,,,,,,,,,8.27117389634479,2.39E-34,8.27121197838676,3.36E-34,8.27126965992503,6.32E-34,8.27132661382092,1.51E-33,8.27120237879282,5.75E-33,8.27127299475618,1.58E-32
,,,,,,,,,,,,8.27597394434531,2.39E-34,8.27601202638714,3.36E-34,8.27606970792551,6.32E-34,8.27612666182136,1.51E-33,8.27600242679346,5.75E-33,8.27607304275659,1.58E-32
,,,,,,,,,,,,8.28077399234584,2.39E-34,8.28081207438765,3.36E-34,8.28086975592607,6.32E-34,8.28092670982191,1.51E-33,8.28080247479384,5.75E-33,8.28087309075698,1.58E-32
,,,,,,,,,,,,8.28557404034622,2.39E-34,8.28561212238819,3.36E-34,8.28566980392646,6.32E-34,8.28572675782236,1.51E-33,8.28560252279427,5.75E-33,8.28567313875764,1.58E-32
,,,,,,,,,,,,8.29037408834677,2.39E-34,8.29041217038857,3.36E-34,8.29046985192698,6.32E-34,8.29052680582277,1.51E-33,8.29040257079489,5.75E-33,8.29047318675802,1.58E-32
,,,,,,,,,,,,8.29517413634728,2.39E-34,8.29521221838912,3.36E-34,8.2952698999275,6.32E-34,8.29532685382339,1.51E-33,8.29520261879528,5.75E-33,8.29527323475844,1.58E-32
,,,,,,,,,,,,8.29997418434766,2.39E-34,8.30001226638962,3.36E-34,8.30006994792789,6.32E-34,8.30012690182379,1.51E-33,8.30000266679575,5.75E-33,8.30007328275905,1.58E-32
,,,,,,,,,,,,8.30477423234822,2.39E-34,8.30481231439,3.36E-34,8.30486999592844,6.32E-34,8.30492694982421,1.51E-33,8.3048027147963,5.75E-33,8.30487333075946,1.58E-32
,,,,,,,,,,,,8.3095742803487,2.39E-34,8.30961236239056,3.36E-34,8.30967004392891,6.32E-34,8.30972699782485,1.51E-33,8.30960276279672,5.75E-33,8.30967337875992,1.58E-32
,,,,,,,,,,,,8.31437432834909,2.39E-34,8.31441241039104,3.36E-34,8.31447009192933,6.32E-34,8.31452704582523,1.51E-33,8.31440281079721,5.75E-33,8.31447342676046,1.58E-32
,,,,,,,,,,,,8.31917437634969,2.39E-34,8.31921245839143,3.36E-34,8.3192701399299,6.32E-34,8.31932709382565,1.51E-33,8.31920285879772,5.75E-33,8.3192734747609,1.58E-32
,,,,,,,,,,,,8.32397442435011,2.39E-34,8.32401250639203,3.36E-34,8.32407018793032,6.32E-34,8.32412714182627,1.51E-33,8.32400290679814,5.75E-33,8.32407352276138,1.58E-32
,,,,,,,,,,,,8.32877447235056,2.38E-34,8.32881255439246,3.36E-34,8.32887023593076,6.32E-34,8.32892718982666,1.51E-33,8.32880295479867,5.75E-33,8.3288735707619,1.58E-32
,,,,,,,,,,,,8.33357452035114,2.38E-34,8.3336126023929,3.36E-34,8.33367028393138,6.32E-34,8.33372723782713,1.51E-33,8.33360300279915,5.75E-33,8.33367361876231,1.58E-32
,,,,,,,,,,,,8.33837456835152,2.38E-34,8.33841265039349,3.36E-34,8.33847033193176,6.32E-34,8.33852728582768,1.51E-33,8.33840305079956,5.75E-33,8.33847366676284,1.58E-32
,,,,,,,,,,,,8.34317461635203,2.38E-34,8.34321269839387,3.36E-34,8.34327037993222,6.32E-34,8.34332733382809,1.51E-33,8.34320309880015,5.75E-33,8.34327371476333,1.58E-32
,,,,,,,,,,,,8.34797466435258,2.38E-34,8.34801274639437,3.36E-34,8.34807042793281,6.32E-34,8.3481273818286,1.51E-33,8.34800314680059,5.75E-33,8.34807376276372,1.58E-32
,,,,,,,,,,,,8.35277471235295,2.38E-34,8.35281279439492,3.36E-34,8.35287047593319,6.32E-34,8.35292742982909,1.51E-33,8.35280319480097,5.75E-33,8.35287381076432,1.58E-32
,,,,,,,,,,,,8.35757476035346,2.38E-34,8.3576128423953,3.36E-34,8.35767052393365,6.32E-34,8.35772747782954,1.51E-33,8.35760324280162,5.75E-33,8.35767385876477,1.58E-32
,,,,,,,,,,,,8.36237480835401,2.38E-34,8.3624128903958,3.36E-34,8.36247057193425,6.32E-34,8.36252752583005,1.51E-33,8.36240329080202,5.75E-33,8.36247390676515,1.58E-32
,,,,,,,,,,,,8.36717485635439,2.38E-34,8.36721293839635,3.36E-34,8.36727061993463,6.32E-34,8.36732757383052,1.51E-33,8.36720333880242,5.75E-33,8.36727395476577,1.58E-32
,,,,,,,,,,,,8.37197490435492,2.38E-34,8.37201298639673,3.36E-34,8.37207066793512,6.32E-34,8.37212762183095,1.51E-33,8.37200338680304,5.75E-33,8.3720740027662,1.58E-32
,,,,,,,,,,,,8.37677495235544,2.38E-34,8.37681303439726,3.36E-34,8.37687071593567,6.32E-34,8.37692766983153,1.51E-33,8.37680343480345,5.75E-33,8.37687405076659,1.58E-32
,,,,,,,,,,,,8.38157500035583,2.38E-34,8.38161308239779,3.36E-34,8.38167076393606,6.32E-34,8.38172771783196,1.51E-33,8.3816034828039,5.75E-33,8.38167409876721,1.58E-32
,,,,,,,,,,,,8.38637504835637,2.38E-34,8.38641313039818,3.36E-34,8.38647081193659,6.32E-34,8.38652776583236,1.51E-33,8.38640353080445,5.75E-33,8.38647414676763,1.58E-32
,,,,,,,,,,,,8.39117509635687,2.38E-34,8.39121317839872,3.36E-34,8.39127085993708,6.32E-34,8.391327813833,1.51E-33,8.39120357880489,5.75E-33,8.39127419476807,1.58E-32
,,,,,,,,,,,,8.39597514435727,2.38E-34,8.39601322639921,3.36E-34,8.3960709079375,6.32E-34,8.39612786183339,1.51E-33,8.39600362680537,5.75E-33,8.39607424276863,1.58E-32
,,,,,,,,,,,,8.40077519235783,2.38E-34,8.40081327439961,3.36E-34,8.40087095593804,6.32E-34,8.40092790983379,1.51E-33,8.40080367480589,5.75E-33,8.40087429076905,1.58E-32
,,,,,,,,,,,,8.40557524035828,2.38E-34,8.40561332240017,3.36E-34,8.40567100393849,6.32E-34,8.40572795783443,1.51E-33,8.4056037228063,5.75E-33,8.40567433876954,1.58E-32
,,,,,,,,,,,,8.4103752883587,2.38E-34,8.41041337040062,3.36E-34,8.41047105193894,6.32E-34,8.41052800583484,1.51E-33,8.41040377080682,5.75E-33,8.41047438677006,1.58E-32
,,,,,,,,,,,,8.41517533635931,2.38E-34,8.41521341840104,3.36E-34,8.41527109993952,6.32E-34,8.41532805383527,1.51E-33,8.41520381880732,5.75E-33,8.41527443477047,1.58E-32
,,,,,,,,,,,,8.4199753843597,2.38E-34,8.42001346640165,3.36E-34,8.42007114793992,6.32E-34,8.42012810183584,1.51E-33,8.42000386680772,5.75E-33,8.42007448277099,1.58E-32
,,,,,,,,,,,,8.42477543236016,2.38E-34,8.42481351440204,3.36E-34,8.42487119594036,6.32E-34,8.42492814983627,1.51E-33,8.4248039148083,5.75E-33,8.4248745307715,1.58E-32
,,,,,,,,,,,,8.42957548036074,2.38E-34,8.4296135624025,3.36E-34,8.42967124394098,6.31E-34,8.42972819783674,1.51E-33,8.42960396280875,5.75E-33,8.42967457877189,1.58E-32
,,,,,,,,,,,,8.43437552836113,2.38E-34,8.43441361040309,3.36E-34,8.43447129194136,6.31E-34,8.43452824583727,1.51E-33,8.43440401080914,5.75E-33,8.43447462677247,1.58E-32
,,,,,,,,,,,,8.4391755763616,2.38E-34,8.43921365840348,3.36E-34,8.43927133994179,6.31E-34,8.43932829383769,1.51E-33,8.43920405880976,5.75E-33,8.43927467477293,1.58E-32
,,,,,,,,,,,,8.44397562436217,2.38E-34,8.44401370640395,3.35E-34,8.44407138794241,6.31E-34,8.4441283418382,1.51E-33,8.44400410681018,5.75E-33,8.44407472277332,1.58E-32
,,,,,,,,,,,,8.44877567236256,2.38E-34,8.44881375440452,3.35E-34,8.4488714359428,6.31E-34,8.4489283898387,1.51E-33,8.44880415481058,5.75E-33,8.44887477077392,1.58E-32
,,,,,,,,,,,,8.45357572036306,2.38E-34,8.45361380240491,3.35E-34,8.45367148394326,6.31E-34,8.4537284378391,1.51E-33,8.45360420281119,5.75E-33,8.45367481877436,1.58E-32
,,,,,,,,,,,,8.45837576836361,2.38E-34,8.4584138504054,3.35E-34,8.45847153194383,6.31E-34,8.45852848583967,1.51E-33,8.45840425081162,5.75E-33,8.45847486677476,1.58E-32
,,,,,,,,,,,,8.463175816364,2.37E-34,8.46321389840595,3.35E-34,8.46327157994423,6.31E-34,8.46332853384013,1.51E-33,8.46320429881204,5.75E-33,8.46327491477535,1.58E-32
,,,,,,,,,,,,8.46797586436453,2.37E-34,8.46801394640634,3.35E-34,8.46807162794473,6.31E-34,8.46812858184052,1.51E-33,8.46800434681262,5.75E-33,8.4680749627758,1.58E-32
,,,,,,,,,,,,8.47277591236502,2.37E-34,8.47281399440687,3.35E-34,8.47287167594524,6.31E-34,8.47292862984114,1.51E-33,8.47280439481306,5.75E-33,8.47287501077621,1.58E-32
,,,,,,,,,,,,8.47757596036543,2.37E-34,8.47761404240736,3.35E-34,8.47767172394567,6.31E-34,8.47772867784157,1.51E-33,8.47760444281351,5.75E-33,8.4776750587768,1.58E-32
,,,,,,,,,,,,8.48237600836598,2.37E-34,8.48241409040778,3.35E-34,8.48247177194618,6.31E-34,8.48252872584196,1.51E-33,8.48240449081405,5.75E-33,8.48247510677723,1.58E-32
,,,,,,,,,,,,8.48717605636644,2.37E-34,8.48721413840833,3.35E-34,8.48727181994667,6.31E-34,8.48732877384258,1.51E-33,8.48720453881447,5.75E-33,8.48727515477768,1.58E-32
,,,,,,,,,,,,8.49197610436687,2.37E-34,8.49201418640879,3.35E-34,8.49207186794709,6.31E-34,8.492128821843,1.51E-33,8.49200458681497,5.75E-33,8.49207520277823,1.58E-32
,,,,,,,,,,,,8.49677615236746,2.37E-34,8.49681423440921,3.35E-34,8.49687191594766,6.31E-34,8.49692886984343,1.51E-33,8.49680463481548,5.75E-33,8.49687525077864,1.58E-32
,,,,,,,,,,,,8.50157620036786,2.37E-34,8.50161428240981,3.35E-34,8.5016719639481,6.31E-34,8.501728917844,1.51E-33,8.50160468281589,5.75E-33,8.50167529877913,1.58E-32
,,,,,,,,,,,,8.5063762483683,2.37E-34,8.50641433041021,3.35E-34,8.50647201194851,6.31E-34,8.50652896584443,1.51E-33,8.50640473081645,5.75E-33,8.50647534677966,1.58E-32
,,,,,,,,,,,,8.51117629636892,2.37E-34,8.51121437841064,3.35E-34,8.51127205994913,6.31E-34,8.51132901384489,1.51E-33,8.51120477881692,5.75E-33,8.51127539478005,1.58E-32
,,,,,,,,,,,,8.5159763443693,2.37E-34,8.51601442641126,3.35E-34,8.51607210794953,6.31E-34,8.51612906184543,1.51E-33,8.51600482681731,5.75E-33,8.51607544278061,1.58E-32
,,,,,,,,,,,,8.52077639236973,2.37E-34,8.52081447441164,3.35E-34,8.52087215594994,6.31E-34,8.52092910984586,1.51E-33,8.5208048748179,5.75E-33,8.5208754907811,1.58E-32
,,,,,,,,,,,,8.52557644037035,2.37E-34,8.52561452241208,3.35E-34,8.52567220395058,6.31E-34,8.52572915784635,1.51E-33,8.52560492281836,5.75E-33,8.52567553878149,1.58E-32
,,,,,,,,,,,,8.53037648837073,2.37E-34,8.53041457041269,3.35E-34,8.53047225195097,6.31E-34,8.53052920584687,1.51E-33,8.53040497081874,5.75E-33,8.53047558678206,1.58E-32
,,,,,,,,,,,,8.5351765363712,2.37E-34,8.53521461841307,3.35E-34,8.53527229995142,6.31E-34,8.53532925384727,1.51E-33,8.53520501881934,5.75E-33,8.53527563478254,1.58E-32
,,,,,,,,,,,,8.53997658437177,2.37E-34,8.54001466641355,3.35E-34,8.54007234795199,6.31E-34,8.54012930184783,1.51E-33,8.54000506681979,5.75E-33,8.54007568278292,1.58E-32
,,,,,,,,,,,,8.54477663237218,2.37E-34,8.54481471441412,3.35E-34,8.5448723959524,6.31E-34,8.5449293498483,1.51E-33,8.54480511482019,5.75E-33,8.54487573078349,1.58E-32
,,,,,,,,,,,,8.54957668037267,2.37E-34,8.54961476241452,3.35E-34,8.54967244395288,6.31E-34,8.54972939784869,1.51E-33,8.54960516282079,5.75E-33,8.54967577878397,1.58E-32
,,,,,,,,,,,,8.55437672837318,2.37E-34,8.55441481041501,3.35E-34,8.55447249195341,6.31E-34,8.55452944584928,1.51E-33,8.55440521082122,5.75E-33,8.55447582678435,1.58E-32
,,,,,,,,,,,,8.55917677637361,2.37E-34,8.55921485841553,3.35E-34,8.55927253995383,6.31E-34,8.55932949384973,1.51E-33,8.55920525882165,5.75E-33,8.55927587478497,1.58E-32
,,,,,,,,,,,,8.56397682437412,2.37E-34,8.56401490641595,3.35E-34,8.56407258795434,6.31E-34,8.56412954185012,1.51E-33,8.56400530682223,5.75E-33,8.56407592278538,1.58E-32
,,,,,,,,,,,,8.56877687237459,2.37E-34,8.56881495441647,3.35E-34,8.56887263595483,6.31E-34,8.56892958985072,1.51E-33,8.56880535482263,5.75E-33,8.56887597078582,1.58E-32
,,,,,,,,,,,,8.57357692037504,2.37E-34,8.57361500241694,3.35E-34,8.57367268395526,6.31E-34,8.57372963785118,1.51E-33,8.57360540282311,5.75E-33,8.57367601878641,1.58E-32
,,,,,,,,,,,,8.5783769683756,2.37E-34,8.57841505041739,3.35E-34,8.57847273195582,6.31E-34,8.57852968585157,1.51E-33,8.57840545082366,5.75E-33,8.5784760667868,1.58E-32
,,,,,,,,,,,,8.58317701637603,2.37E-34,8.58321509841795,3.35E-34,8.58327277995627,6.31E-34,8.58332973385216,1.51E-33,8.58320549882405,5.75E-33,8.58327611478728,1.58E-32
,,,,,,,,,,,,8.58797706437645,2.37E-34,8.58801514641837,3.35E-34,8.58807282795667,6.31E-34,8.58812978185261,1.51E-33,8.58800554682459,5.75E-33,8.58807616278784,1.58E-32
,,,,,,,,,,,,8.59277711237707,2.37E-34,8.5928151944188,3.35E-34,8.59287287595728,6.31E-34,8.59292982985304,1.51E-33,8.59280559482509,5.75E-33,8.59287621078823,1.58E-32
,,,,,,,,,,,,8.59757716037747,2.36E-34,8.59761524241941,3.35E-34,8.5976729239577,6.31E-34,8.5977298778536,1.51E-33,8.59760564282548,5.75E-33,8.59767625878874,1.58E-32
,,,,,,,,,,,,8.60237720837788,2.36E-34,8.60241529041982,3.35E-34,8.60247297195809,6.31E-34,8.60252992585402,1.51E-33,8.60240569082603,5.75E-33,8.60247630678927,1.58E-32
,,,,,,,,,,,,8.60717725637852,2.36E-34,8.60721533842022,3.35E-34,8.60727301995873,6.31E-34,8.6073299738545,1.51E-33,8.60720573882653,5.75E-33,8.60727635478966,1.58E-32
,,,,,,,,,,,,8.61197730437891,2.36E-34,8.61201538642086,3.35E-34,8.61207306795914,6.31E-34,8.61213002185503,1.51E-33,8.61200578682692,5.75E-33,8.61207640279019,1.58E-32
,,,,,,,,,,,,8.61677735237934,2.36E-34,8.61681543442125,3.35E-34,8.61687311595956,6.31E-34,8.61693006985543,1.51E-33,8.61680583482748,5.75E-33,8.61687645079071,1.58E-32
,,,,,,,,,,,,8.62157740037994,2.36E-34,8.62161548242169,3.35E-34,8.62167316396015,6.31E-34,8.62173011785597,1.51E-33,8.62160588282796,5.75E-33,8.6216764987911,1.58E-32
,,,,,,,,,,,,8.62637744838034,2.36E-34,8.62641553042228,3.35E-34,8.62647321196058,6.31E-34,8.62653016585648,1.51E-33,8.62640593082835,5.75E-33,8.62647654679165,1.58E-32
,,,,,,,,,,,,8.63117749638081,2.36E-34,8.63121557842268,3.35E-34,8.63127325996102,6.31E-34,8.63133021385686,1.51E-33,8.63120597882895,5.75E-33,8.63127659479213,1.58E-32
,,,,,,,,,,,,8.63597754438135,2.36E-34,8.63601562642316,3.35E-34,8.63607330796156,6.31E-34,8.63613026185743,1.51E-33,8.63600602682938,5.75E-33,8.63607664279253,1.58E-32
,,,,,,,,,,,,8.64077759238177,2.36E-34,8.64081567442369,3.35E-34,8.64087335596201,6.31E-34,8.64093030985791,1.51E-33,8.64080607482981,5.75E-33,8.64087669079311,1.58E-32
,,,,,,,,,,,,8.64557764038227,2.36E-34,8.64561572242412,3.34E-34,8.64567340396249,6.31E-34,8.64573035785829,1.51E-33,8.64560612283039,5.75E-33,8.64567673879355,1.58E-32
,,,,,,,,,,,,8.65037768838277,2.36E-34,8.65041577042461,3.34E-34,8.650473451963,6.31E-34,8.65053040585888,1.51E-33,8.65040617083079,5.75E-33,8.65047678679397,1.58E-32
,,,,,,,,,,,,8.65517773638321,2.36E-34,8.65521581842512,3.34E-34,8.65527349996342,6.31E-34,8.65533045385934,1.51E-33,8.65520621883129,5.75E-33,8.65527683479457,1.58E-32
,,,,,,,,,,,,8.65997778438375,2.36E-34,8.66001586642555,3.34E-34,8.66007354796396,6.31E-34,8.66013050185972,1.51E-33,8.66000626683182,5.75E-33,8.66007688279496,1.58E-32
,,,,,,,,,,,,8.6647778323842,2.36E-34,8.66481591442609,3.34E-34,8.66487359596444,6.31E-34,8.66493054986033,1.51E-33,8.66480631483222,5.75E-33,8.66487693079545,1.58E-32
,,,,,,,,,,,,8.66957788038462,2.36E-34,8.66961596242655,3.34E-34,8.66967364396483,6.31E-34,8.66973059786078,1.51E-33,8.66960636283273,5.75E-33,8.669676978796,1.58E-32
,,,,,,,,,,,,8.67437792838521,2.36E-34,8.67441601042696,3.34E-34,8.67447369196543,6.31E-34,8.67453064586118,1.51E-33,8.67440641083327,5.75E-33,8.6744770267964,1.58E-32
,,,,,,,,,,,,8.67917797638564,2.36E-34,8.67921605842756,3.34E-34,8.67927373996587,6.31E-34,8.67933069386177,1.51E-33,8.67920645883365,5.75E-33,8.67927707479689,1.58E-32
,,,,,,,,,,,,8.68397802438603,2.36E-34,8.68401610642798,3.34E-34,8.68407378796625,6.31E-34,8.68413074186219,1.51E-33,8.68400650683418,5.75E-33,8.68407712279745,1.58E-32
,,,,,,,,,,,,8.68877807238668,2.36E-34,8.68881615442837,3.34E-34,8.68887383596689,6.31E-34,8.68893078986266,1.51E-33,8.6888065548347,5.75E-33,8.68887717079783,1.58E-32
,,,,,,,,,,,,8.69357812038707,2.36E-34,8.69361620242903,3.34E-34,8.69367388396731,6.31E-34,8.69373083786321,1.51E-33,8.69360660283508,5.75E-33,8.69367721879833,1.58E-32
,,,,,,,,,,,,8.6983781683875,2.36E-34,8.69841625042942,3.34E-34,8.6984739319677,6.31E-34,8.6985308858636,1.51E-33,8.69840665083563,5.75E-33,8.69847726679888,1.58E-32
,,,,,,,,,,,,8.7031782163881,2.36E-34,8.70321629842984,3.34E-34,8.70327397996833,6.31E-34,8.70333093386411,1.51E-33,8.70320669883614,5.75E-33,8.70327731479926,1.58E-32
,,,,,,,,,,,,8.70797826438851,2.36E-34,8.70801634643045,3.34E-34,8.70807402796874,6.31E-34,8.70813098186464,1.51E-33,8.70800674683652,5.75E-33,8.7080773627998,1.58E-32
,,,,,,,,,,,,8.71277831238896,2.36E-34,8.71281639443085,3.34E-34,8.71287407596917,6.31E-34,8.71293102986503,1.51E-33,8.71280679483709,5.75E-33,8.7128774108003,1.58E-32
,,,,,,,,,,,,8.71757836038951,2.36E-34,8.71761644243131,3.34E-34,8.71767412396974,6.31E-34,8.71773107786557,1.51E-33,8.71760684283755,5.75E-33,8.71767745880069,1.58E-32
,,,,,,,,,,,,8.72237840838994,2.36E-34,8.72241649043186,3.34E-34,8.72247417197018,6.31E-34,8.72253112586607,1.51E-33,8.72240689083795,5.75E-33,8.72247750680126,1.58E-32
,,,,,,,,,,,,8.72717845639044,2.36E-34,8.72721653843228,3.34E-34,8.72727421997065,6.31E-34,8.72733117386647,1.51E-33,8.72720693883857,5.75E-33,8.72727755480172,1.58E-32
,,,,,,,,,,,,8.73197850439094,2.36E-34,8.73201658643279,3.34E-34,8.73207426797117,6.31E-34,8.73213122186703,1.51E-33,8.73200698683896,5.75E-33,8.73207760280213,1.58E-32
,,,,,,,,,,,,8.73677855239136,2.36E-34,8.73681663443328,3.34E-34,8.73687431597159,6.31E-34,8.73693126986751,1.51E-33,8.73680703483943,5.75E-33,8.73687765080274,1.58E-32
,,,,,,,,,,,,8.7415786003919,2.35E-34,8.74161668243371,3.34E-34,8.7416743639721,6.31E-34,8.7417313178679,1.51E-33,8.74160708284,5.75E-33,8.74167769880313,1.58E-32
,,,,,,,,,,,,8.74637864839238,2.35E-34,8.74641673043424,3.34E-34,8.74647441197261,6.31E-34,8.74653136586847,1.51E-33,8.74640713084038,5.75E-33,8.7464777468036,1.58E-32
,,,,,,,,,,,,8.75117869639277,2.35E-34,8.75121677843473,3.34E-34,8.751274459973,6.31E-34,8.75133141386893,1.51E-33,8.75120717884087,5.75E-33,8.75127779480418,1.58E-32
,,,,,,,,,,,,8.75597874439337,2.35E-34,8.75601682643512,3.34E-34,8.75607450797358,6.31E-34,8.75613146186933,1.51E-33,8.75600722684143,5.75E-33,8.75607784280456,1.58E-32
,,,,,,,,,,,,8.76077879239381,2.35E-34,8.76081687443571,3.34E-34,8.76087455597404,6.31E-34,8.76093150986994,1.51E-33,8.76080727484181,5.75E-33,8.76087789080503,1.58E-32
,,,,,,,,,,,,8.76557884039419,2.35E-34,8.76561692243616,3.34E-34,8.76567460397443,6.31E-34,8.76573155787034,1.51E-33,8.76560732284232,5.75E-33,8.76567793880561,1.58E-32
,,,,,,,,,,,,8.77037888839484,2.35E-34,8.77041697043654,3.34E-34,8.77047465197504,6.31E-34,8.77053160587081,1.51E-33,8.77040737084287,5.75E-33,8.77047798680599,1.58E-32
,,,,,,,,,,,,8.77517893639525,2.35E-34,8.77521701843718,3.34E-34,8.77527469997547,6.31E-34,8.77533165387138,1.51E-33,8.77520741884325,5.75E-33,8.77527803480648,1.58E-32
,,,,,,,,,,,,8.77997898439564,2.35E-34,8.78001706643759,3.34E-34,8.78007474797586,6.31E-34,8.78013170187176,1.51E-33,8.78000746684379,5.75E-33,8.78007808280705,1.58E-32
,,,,,,,,,,,,8.78477903239626,2.35E-34,8.78481711443798,3.34E-34,8.78487479597647,6.31E-34,8.78493174987226,1.51E-33,8.7848075148443,5.75E-33,8.78487813080743,1.58E-32
,,,,,,,,,,,,8.78957908039668,2.35E-34,8.7896171624386,3.34E-34,8.78967484397691,6.30E-34,8.78973179787282,1.51E-33,8.78960756284468,5.75E-33,8.78967817880795,1.58E-32
,,,,,,,,,,,,8.79437912839711,2.35E-34,8.79441721043903,3.34E-34,8.79447489197732,6.30E-34,8.7945318458732,1.51E-33,8.79440761084524,5.75E-33,8.79447822680847,1.58E-32
,,,,,,,,,,,,8.79917917639768,2.35E-34,8.79921725843945,3.34E-34,8.79927493997791,6.30E-34,8.7993318938737,1.51E-33,8.79920765884571,5.75E-33,8.79927827480886,1.58E-32
,,,,,,,,,,,,8.80397922439812,2.35E-34,8.80401730644002,3.34E-34,8.80407498797833,6.30E-34,8.80413194187425,1.51E-33,8.80400770684611,5.75E-33,8.80407832280941,1.58E-32
,,,,,,,,,,,,8.80877927239859,2.35E-34,8.80881735444046,3.34E-34,8.8088750359788,6.30E-34,8.80893198987463,1.51E-33,8.80880775484671,5.75E-33,8.80887837080988,1.58E-32
,,,,,,,,,,,,8.81357932039911,2.35E-34,8.81361740244093,3.34E-34,8.81367508397935,6.30E-34,8.81373203787516,1.51E-33,8.81360780284712,5.75E-33,8.81367841881029,1.58E-32
,,,,,,,,,,,,8.81837936839953,2.35E-34,8.81841745044146,3.34E-34,8.81847513197974,6.30E-34,8.81853208587568,1.51E-33,8.81840785084757,5.75E-33,8.81847846681088,1.58E-32
,,,,,,,,,,,,8.82317941640004,2.35E-34,8.82321749844187,3.34E-34,8.82327517998026,6.30E-34,8.82333213387606,1.51E-33,8.82320789884817,5.75E-33,8.8232785148113,1.58E-32
,,,,,,,,,,,,8.82797946440055,2.35E-34,8.82801754644239,3.34E-34,8.82807522798078,6.30E-34,8.82813218187663,1.51E-33,8.82800794684856,5.75E-33,8.82807856281173,1.58E-32
,,,,,,,,,,,,8.83277951240094,2.35E-34,8.83281759444289,3.34E-34,8.83287527598116,6.30E-34,8.83293222987709,1.51E-33,8.83280799484902,5.75E-33,8.83287861081235,1.58E-32
,,,,,,,,,,,,8.83757956040151,2.35E-34,8.83761764244328,3.34E-34,8.83767532398171,6.30E-34,8.8377322778775,1.51E-33,8.8376080428496,5.75E-33,8.83767865881274,1.58E-32
,,,,,,,,,,,,8.84237960840198,2.35E-34,8.84241769044385,3.34E-34,8.84247537198222,6.30E-34,8.84253232587809,1.51E-33,8.84240809084999,5.75E-33,8.84247870681317,1.58E-32
,,,,,,,,,,,,8.84717965640236,2.35E-34,8.84721773844432,3.34E-34,8.8472754199826,6.30E-34,8.84733237387851,1.51E-33,8.84720813885046,5.75E-33,8.84727875481378,1.58E-32
,,,,,,,,,,,,8.85197970440299,2.35E-34,8.8520177864447,3.34E-34,8.85207546798317,6.30E-34,8.85213242187895,1.51E-33,8.85200818685103,5.75E-33,8.85207880281417,1.58E-32
,,,,,,,,,,,,8.85677975240341,2.35E-34,8.85681783444533,3.34E-34,8.85687551598365,6.30E-34,8.85693246987955,1.51E-33,8.85680823485142,5.75E-33,8.85687885081462,1.58E-32
,,,,,,,,,,,,8.86157980040379,2.35E-34,8.86161788244576,3.33E-34,8.86167556398403,6.30E-34,8.86173251787993,1.51E-33,8.86160828285193,5.75E-33,8.86167889881521,1.58E-32
,,,,,,,,,,,,8.86637984840442,2.35E-34,8.86641793044614,3.33E-34,8.86647561198461,6.30E-34,8.8665325658804,1.51E-33,8.86640833085246,5.75E-33,8.8664789468156,1.58E-32
,,,,,,,,,,,,8.87117989640485,2.35E-34,8.87121797844677,3.33E-34,8.87127565998508,6.30E-34,8.87133261388098,1.51E-33,8.87120837885286,5.75E-33,8.8712789948161,1.58E-32
,,,,,,,,,,,,8.87597994440525,2.35E-34,8.87601802644719,3.33E-34,8.87607570798546,6.30E-34,8.87613266188136,1.51E-33,8.87600842685338,5.75E-33,8.87607904281662,1.58E-32
,,,,,,,,,,,,8.88077999240584,2.35E-34,8.88081807444759,3.33E-34,8.88087575598608,6.30E-34,8.88093270988185,1.51E-33,8.88080847485387,5.75E-33,8.88087909081704,1.58E-32
,,,,,,,,,,,,8.88558004040628,2.35E-34,8.88561812244819,3.33E-34,8.88567580398649,6.30E-34,8.88573275788241,1.51E-33,8.88560852285429,5.75E-33,8.88567913881755,1.58E-32
,,,,,,,,,,,,8.89038008840673,2.35E-34,8.89041817044863,3.33E-34,8.89047585198694,6.30E-34,8.89053280588279,1.51E-33,8.89040857085486,5.75E-33,8.89047918681803,1.58E-32
,,,,,,,,,,,,8.89518013640728,2.34E-34,8.89521821844907,3.33E-34,8.89527589998751,6.30E-34,8.89533285388331,1.51E-33,8.89520861885529,5.75E-33,8.89527923481847,1.58E-32
,,,,,,,,,,,,8.89998018440769,2.34E-34,8.90001826644962,3.33E-34,8.90007594798791,6.30E-34,8.90013290188385,1.51E-33,8.90000866685571,5.75E-33,8.90007928281903,1.58E-32
,,,,,,,,,,,,8.9047802324082,2.34E-34,8.90481831445004,3.33E-34,8.9048759959884,6.30E-34,8.90493294988423,1.51E-33,8.90480871485634,5.75E-33,8.90487933081947,1.58E-32
,,,,,,,,,,,,8.90958028040871,2.34E-34,8.90961836245054,3.33E-34,8.90967604398895,6.30E-34,8.90973299788477,1.51E-33,8.90960876285672,5.75E-33,8.90967937881988,1.58E-32
,,,,,,,,,,,,8.9143803284091,2.34E-34,8.91441841045106,3.33E-34,8.91447609198933,6.30E-34,8.91453304588526,1.51E-33,8.91440881085715,5.75E-33,8.91447942682051,1.58E-32
,,,,,,,,,,,,8.91918037640966,2.34E-34,8.91921845845145,3.33E-34,8.91927613998987,6.30E-34,8.91933309388566,1.51E-33,8.91920885885778,5.75E-33,8.9192794748209,1.58E-32
,,,,,,,,,,,,8.92398042441015,2.34E-34,8.92401850645201,3.33E-34,8.92407618799038,6.30E-34,8.92413314188623,1.51E-33,8.92400890685815,5.75E-33,8.9240795228213,1.58E-32
,,,,,,,,,,,,8.92878047241054,2.34E-34,8.92881855445249,3.33E-34,8.92887623599076,6.30E-34,8.92893318988667,1.51E-33,8.92880895485859,5.75E-33,8.92887957082195,1.58E-32
,,,,,,,,,,,,8.93358052041112,2.34E-34,8.93361860245288,3.33E-34,8.93367628399132,6.30E-34,8.93373323788711,1.51E-33,8.93360900285921,5.75E-33,8.93367961882233,1.58E-32
,,,,,,,,,,,,8.93838056841158,2.34E-34,8.93841865045346,3.33E-34,8.93847633199181,6.30E-34,8.93853328588771,1.51E-33,8.93840905085959,5.75E-33,8.93847966682276,1.58E-32
,,,,,,,,,,,,8.94318061641197,2.34E-34,8.94321869845392,3.33E-34,8.94327637999219,6.30E-34,8.94333333388811,1.51E-33,8.94320909886008,5.75E-33,8.94327971482338,1.58E-32
,,,,,,,,,,,,8.94798066441255,2.34E-34,8.94801874645431,3.33E-34,8.94807642799276,6.30E-34,8.94813338188855,1.51E-33,8.94800914686062,5.75E-33,8.94807976282377,1.58E-32
,,,,,,,,,,,,8.95278071241301,2.34E-34,8.9528187944549,3.33E-34,8.95287647599325,6.30E-34,8.95293342988915,1.51E-33,8.95280919486102,5.75E-33,8.95287981082425,1.58E-32
,,,,,,,,,,,,8.9575807604134,2.34E-34,8.95761884245536,3.33E-34,8.95767652399363,6.30E-34,8.95773347788954,1.51E-33,8.95760924286155,5.75E-33,8.95767985882479,1.58E-32
,,,,,,,,,,,,8.96238080841402,2.34E-34,8.96241889045575,3.33E-34,8.96247657199422,6.30E-34,8.96253352588999,1.51E-33,8.96240929086203,5.75E-33,8.9624799068252,1.58E-32
,,,,,,,,,,,,8.96718085641443,2.34E-34,8.96721893845637,3.33E-34,8.96727661999466,6.30E-34,8.96733357389058,1.51E-33,8.96720933886246,5.75E-33,8.96727995482572,1.58E-32
,,,,,,,,,,,,8.97198090441488,2.34E-34,8.97201898645678,3.33E-34,8.9720766679951,6.30E-34,8.97213362189097,1.51E-33,8.97200938686301,5.75E-33,8.9720800028262,1.58E-32
,,,,,,,,,,,,8.97678095241545,2.34E-34,8.97681903445723,3.33E-34,8.97687671599568,6.30E-34,8.97693366989145,1.51E-33,8.97680943486345,5.75E-33,8.97688005082664,1.58E-32
,,,,,,,,,,,,8.98158100041584,2.34E-34,8.9816190824578,3.33E-34,8.98167676399607,6.30E-34,8.981733717892,1.51E-33,8.98160948286388,5.75E-33,8.98168009882717,1.58E-32
,,,,,,,,,,,,8.98638104841634,2.34E-34,8.98641913045819,3.33E-34,8.98647681199656,6.30E-34,8.9865337658924,1.51E-33,8.98640953086448,5.75E-33,8.98648014682763,1.58E-32
,,,,,,,,,,,,8.99118109641689,2.34E-34,8.99121917845868,3.33E-34,8.99127685999711,6.30E-34,8.99133381389293,1.51E-33,8.99120957886489,5.75E-33,8.99128019482805,1.58E-32
,,,,,,,,,,,,8.99598114441727,2.34E-34,8.99601922645923,3.33E-34,8.9960769079975,6.30E-34,8.99613386189341,1.51E-33,8.99600962686531,5.75E-33,8.99608024282865,1.58E-32
,,,,,,,,,,,,9.00078119241779,2.34E-34,9.00081927445961,3.33E-34,9.000876955998,6.30E-34,9.00093390989384,1.51E-33,9.00080967486594,5.75E-33,9.00088029082907,1.58E-32
,,,,,,,,,,,,9.00558124041832,2.34E-34,9.00561932246014,3.33E-34,9.00567700399855,6.30E-34,9.00573395789439,1.51E-33,9.00560972286632,5.75E-33,9.00568033882947,1.58E-32
,,,,,,,,,,,,9.0103812884187,2.34E-34,9.01041937046067,3.33E-34,9.01047705199894,6.30E-34,9.01053400589484,1.51E-33,9.01040977086675,5.75E-33,9.01048038683012,1.58E-32
,,,,,,,,,,,,9.01518133641926,2.34E-34,9.01521941846104,3.33E-34,9.01527709999945,6.30E-34,9.01533405389526,1.51E-33,9.01520981886738,5.75E-33,9.0152804348305,1.58E-32
,,,,,,,,,,,,9.01998138441976,2.34E-34,9.02001946646161,3.33E-34,9.02007714799998,6.30E-34,9.02013410189587,1.51E-33,9.02000986686775,5.75E-33,9.02008048283091,1.58E-32
,,,,,,,,,,,,9.02478143242013,2.34E-34,9.0248195144621,3.33E-34,9.02487719600037,6.30E-34,9.02493414989627,1.51E-33,9.02480991486822,5.75E-33,9.02488053083154,1.58E-32
,,,,,,,,,,,,9.02958148042071,2.34E-34,9.02961956246248,3.33E-34,9.02967724400092,6.30E-34,9.02973419789669,1.51E-33,9.02960996286879,5.75E-33,9.02968057883193,1.58E-32
,,,,,,,,,,,,9.03438152842119,2.34E-34,9.03441961046305,3.33E-34,9.0344772920014,6.30E-34,9.03453424589732,1.51E-33,9.0344100108692,5.75E-33,9.03448062683239,1.58E-32
,,,,,,,,,,,,9.03918157642157,2.34E-34,9.03921965846353,3.33E-34,9.0392773400018,6.30E-34,9.0393342938977,1.51E-33,9.03921005886969,5.75E-33,9.03928067483295,1.58E-32
,,,,,,,,,,,,9.04398162442216,2.34E-34,9.04401970646391,3.33E-34,9.04407738800238,6.30E-34,9.04413434189813,1.51E-33,9.0440101068702,5.75E-33,9.04408072283338,1.58E-32
,,,,,,,,,,,,9.0487816724226,2.34E-34,9.04881975446451,3.33E-34,9.04887743600281,6.30E-34,9.04893438989876,1.51E-33,9.04881015487063,5.75E-33,9.04888077083386,1.58E-32
,,,,,,,,,,,,9.05358172042302,2.33E-34,9.05361980246494,3.33E-34,9.05367748400324,6.30E-34,9.05373443789914,1.51E-33,9.05361020287115,5.75E-33,9.05368081883438,1.58E-32
,,,,,,,,,,,,9.05838176842362,2.33E-34,9.05841985046537,3.33E-34,9.05847753200386,6.30E-34,9.05853448589961,1.51E-33,9.05841025087163,5.75E-33,9.0584808668348,1.58E-32
,,,,,,,,,,,,9.06318181642401,2.33E-34,9.06321989846596,3.33E-34,9.06327758000424,6.30E-34,9.06333453390017,1.51E-33,9.06321029887204,5.75E-33,9.06328091483532,1.58E-32
,,,,,,,,,,,,9.0679818644245,2.33E-34,9.06801994646636,3.33E-34,9.06807762800471,6.30E-34,9.06813458190057,1.51E-33,9.06801034687263,5.75E-33,9.06808096283581,1.58E-32
,,,,,,,,,,,,9.07278191242505,2.33E-34,9.07281999446685,3.33E-34,9.07287767600529,6.30E-34,9.07293462990107,1.51E-33,9.07281039487306,5.75E-33,9.07288101083621,1.58E-32
,,,,,,,,,,,,9.07758196042543,2.33E-34,9.0776200424674,3.33E-34,9.07767772400567,6.30E-34,9.07773467790158,1.51E-33,9.07761044287345,5.75E-33,9.07768105883679,1.58E-32
,,,,,,,,,,,,9.08238200842595,2.33E-34,9.08242009046778,3.33E-34,9.08247777200614,6.30E-34,9.08253472590201,1.51E-33,9.0824104908741,5.75E-33,9.08248110683724,1.58E-32
,,,,,,,,,,,,9.08718205642649,2.33E-34,9.08722013846829,3.33E-34,9.08727782000672,6.30E-34,9.08733477390253,1.51E-33,9.0872105388745,5.75E-33,9.08728115483762,1.58E-32
,,,,,,,,,,,,9.09198210442687,2.33E-34,9.09202018646883,3.32E-34,9.0920778680071,6.30E-34,9.092134821903,1.51E-33,9.0920105868749,5.75E-33,9.09208120283826,1.58E-32
,,,,,,,,,,,,9.0967821524274,2.33E-34,9.09682023446921,3.32E-34,9.0968779160076,6.30E-34,9.09693486990344,1.51E-33,9.09681063487553,5.75E-33,9.09688125083868,1.58E-32
,,,,,,,,,,,,9.10158220042792,2.33E-34,9.10162028246975,3.32E-34,9.10167796400816,6.30E-34,9.10173491790401,1.51E-33,9.10161068287593,5.75E-33,9.10168129883907,1.58E-32
,,,,,,,,,,,,9.10638224842831,2.33E-34,9.10642033047026,3.32E-34,9.10647801200854,6.30E-34,9.10653496590443,1.51E-33,9.10641073087638,5.75E-33,9.1064813468397,1.58E-32
,,,,,,,,,,,,9.11118229642885,2.33E-34,9.11122037847065,3.32E-34,9.11127806000906,6.30E-34,9.11133501390485,1.51E-33,9.11121077887694,5.75E-33,9.11128139484011,1.58E-32
,,,,,,,,,,,,9.11598234442935,2.33E-34,9.11602042647119,3.32E-34,9.11607810800957,6.30E-34,9.11613506190548,1.51E-33,9.11601082687736,5.75E-33,9.11608144284055,1.58E-32
,,,,,,,,,,,,9.12078239242975,2.33E-34,9.1208204744717,3.32E-34,9.12087815600998,6.30E-34,9.12093510990587,1.51E-33,9.12081087487785,5.75E-33,9.12088149084111,1.58E-32
,,,,,,,,,,,,9.12558244043031,2.33E-34,9.12562052247209,3.32E-34,9.12567820401052,6.30E-34,9.12573515790627,1.51E-33,9.12561092287836,5.75E-33,9.12568153884154,1.58E-32
,,,,,,,,,,,,9.13038248843076,2.33E-34,9.13042057047265,3.32E-34,9.13047825201098,6.30E-34,9.13053520590692,1.51E-33,9.13041097087879,5.75E-33,9.13048158684201,1.58E-32
,,,,,,,,,,,,9.13518253643118,2.33E-34,9.13522061847311,3.32E-34,9.13527830001141,6.30E-34,9.13533525390731,1.51E-33,9.1352110188793,5.75E-33,9.13528163484254,1.58E-32
,,,,,,,,,,,,9.13998258443178,2.33E-34,9.14002066647352,3.32E-34,9.140078348012,6.30E-34,9.14013530190775,1.51E-33,9.14001106687979,5.75E-33,9.14008168284295,1.58E-32
,,,,,,,,,,,,9.14478263243217,2.33E-34,9.14482071447413,3.32E-34,9.1448783960124,6.30E-34,9.14493534990833,1.51E-33,9.14481111488021,5.75E-33,9.14488173084347,1.58E-32
,,,,,,,,,,,,9.14958268043265,2.33E-34,9.14962076247452,3.32E-34,9.14967844401285,6.30E-34,9.14973539790875,1.51E-33,9.14961116288078,5.75E-33,9.14968177884397,1.58E-32
,,,,,,,,,,,,9.15438272843322,2.33E-34,9.15442081047499,3.32E-34,9.15447849201345,6.30E-34,9.15453544590922,1.51E-33,9.15441121088123,5.75E-33,9.15448182684438,1.58E-32
,,,,,,,,,,,,9.15918277643361,2.33E-34,9.15922085847556,3.32E-34,9.15927854001383,6.30E-34,9.15933549390974,1.51E-33,9.15921125888162,5.75E-33,9.15928187484495,1.58E-32
,,,,,,,,,,,,9.16398282443409,2.33E-34,9.16402090647595,3.32E-34,9.16407858801428,6.30E-34,9.16413554191018,1.51E-33,9.16401130688225,5.75E-33,9.16408192284541,1.58E-32
,,,,,,,,,,,,9.16878287243465,2.33E-34,9.16882095447644,3.32E-34,9.16887863601489,6.30E-34,9.16893558991067,1.51E-33,9.16881135488266,5.75E-33,9.1688819708458,1.58E-32
,,,,,,,,,,,,9.17358292043504,2.33E-34,9.173621002477,3.32E-34,9.17367868401528,6.30E-34,9.17373563791118,1.51E-33,9.17361140288305,5.75E-33,9.17368201884641,1.58E-32
,,,,,,,,,,,,9.17838296843555,2.33E-34,9.17842105047739,3.32E-34,9.17847873201574,6.30E-34,9.17853568591159,1.51E-33,9.17841145088368,5.75E-33,9.17848206684684,1.58E-32
,,,,,,,,,,,,9.18318301643609,2.33E-34,9.18322109847789,3.32E-34,9.18327878001632,6.30E-34,9.18333573391215,1.51E-33,9.1832114988841,5.75E-33,9.18328211484723,1.58E-32
,,,,,,,,,,,,9.18798306443648,2.33E-34,9.18802114647843,3.32E-34,9.18807882801671,6.30E-34,9.18813578191261,1.51E-33,9.18801154688452,5.75E-33,9.18808216284784,1.58E-32
,,,,,,,,,,,,9.192783112437,2.33E-34,9.19282119447882,3.32E-34,9.19287887601721,6.30E-34,9.19293582991301,1.51E-33,9.1928115948851,5.75E-33,9.19288221084827,1.58E-32
,,,,,,,,,,,,9.19758316043751,2.33E-34,9.19762124247935,3.32E-34,9.19767892401773,6.30E-34,9.19773587791362,1.51E-33,9.19761164288554,5.75E-33,9.19768225884869,1.58E-32
,,,,,,,,,,,,9.20238320843791,2.33E-34,9.20242129047985,3.32E-34,9.20247897201815,6.29E-34,9.20253592591404,1.51E-33,9.20241169088599,5.75E-33,9.20248230684927,1.58E-32
,,,,,,,,,,,,9.20718325643846,2.33E-34,9.20722133848025,3.32E-34,9.20727902001866,6.29E-34,9.20733597391444,1.51E-33,9.20721173888653,5.75E-33,9.20728235484972,1.58E-32
,,,,,,,,,,,,9.21198330443893,2.33E-34,9.2120213864808,3.32E-34,9.21207906801914,6.29E-34,9.21213602191506,1.51E-33,9.21201178688696,5.75E-33,9.21208240285016,1.58E-32
,,,,,,,,,,,,9.21678335243934,2.33E-34,9.21682143448127,3.32E-34,9.21687911601958,6.29E-34,9.21693606991548,1.51E-33,9.21681183488744,5.75E-33,9.21688245085071,1.58E-32
,,,,,,,,,,,,9.22158340043994,2.32E-34,9.22162148248169,3.32E-34,9.22167916402014,6.29E-34,9.2217361179159,1.51E-33,9.22161188288796,5.75E-33,9.22168249885113,1.58E-32
,,,,,,,,,,,,9.22638344844034,2.32E-34,9.22642153048228,3.32E-34,9.22647921202058,6.29E-34,9.22653616591649,1.51E-33,9.22641193088837,5.75E-33,9.22648254685161,1.58E-32
,,,,,,,,,,,,9.23118349644079,2.32E-34,9.23122157848268,3.32E-34,9.231279260021,6.29E-34,9.23133621391691,1.51E-33,9.23121197888892,5.75E-33,9.23128259485214,1.58E-32
,,,,,,,,,,,,9.2359835444414,2.32E-34,9.23602162648313,3.32E-34,9.23607930802161,6.29E-34,9.23613626191737,1.51E-33,9.23601202688939,5.75E-33,9.23608264285254,1.58E-32
,,,,,,,,,,,,9.24078359244177,2.32E-34,9.24082167448374,3.32E-34,9.24087935602201,6.29E-34,9.24093630991791,1.51E-33,9.24081207488978,5.75E-33,9.24088269085309,1.58E-32
,,,,,,,,,,,,9.24558364044222,2.32E-34,9.24562172248412,3.32E-34,9.24567940402242,6.29E-34,9.24573635791835,1.51E-33,9.24561212289039,5.75E-33,9.24568273885357,1.58E-32
,,,,,,,,,,,,9.25038368844283,2.32E-34,9.25042177048457,3.32E-34,9.25047945202305,6.29E-34,9.25053640591884,1.51E-33,9.25041217089084,5.75E-33,9.25048278685396,1.58E-32
,,,,,,,,,,,,9.25518373644321,2.32E-34,9.25522181848517,3.32E-34,9.25527950002344,6.29E-34,9.25533645391934,1.51E-33,9.25521221889122,5.75E-33,9.25528283485455,1.58E-32
,,,,,,,,,,,,9.25998378444368,2.32E-34,9.26002186648555,3.32E-34,9.26007954802389,6.29E-34,9.26013650191976,1.51E-33,9.26001226689184,5.75E-33,9.26008288285502,1.58E-32
,,,,,,,,,,,,9.26478383244426,2.32E-34,9.26482191448602,3.32E-34,9.26487959602448,6.29E-34,9.26493654992031,1.51E-33,9.26481231489227,5.75E-33,9.2648829308554,1.58E-32
,,,,,,,,,,,,9.26958388044465,2.32E-34,9.26962196248661,3.32E-34,9.26967964402488,6.29E-34,9.26973659792078,1.51E-33,9.26961236289266,5.75E-33,9.26968297885599,1.58E-32
,,,,,,,,,,,,9.27438392844515,2.32E-34,9.274422010487,3.32E-34,9.27447969202536,6.29E-34,9.27453664592117,1.51E-33,9.27441241089327,5.75E-33,9.27448302685645,1.58E-32
,,,,,,,,,,,,9.27918397644567,2.32E-34,9.27922205848749,3.32E-34,9.2792797400259,6.29E-34,9.27933669392177,1.51E-33,9.27921245889371,5.75E-33,9.27928307485683,1.58E-32
,,,,,,,,,,,,9.28398402444609,2.32E-34,9.28402210648802,3.32E-34,9.28407978802631,6.29E-34,9.28413674192221,1.51E-33,9.28401250689413,5.75E-33,9.28408312285745,1.58E-32
,,,,,,,,,,,,9.2887840724466,2.32E-34,9.28882215448843,3.32E-34,9.28887983602683,6.29E-34,9.2889367899226,1.51E-33,9.2888125548947,5.75E-33,9.28888317085787,1.58E-32
,,,,,,,,,,,,9.29358412044708,2.32E-34,9.29362220248895,3.32E-34,9.29367988402731,6.29E-34,9.29373683792322,1.51E-33,9.29361260289512,5.75E-33,9.2936832188583,1.58E-32
,,,,,,,,,,,,9.29838416844752,2.32E-34,9.29842225048943,3.32E-34,9.29847993202775,6.29E-34,9.29853688592365,1.51E-33,9.2984126508956,5.75E-33,9.29848326685888,1.58E-32
,,,,,,,,,,,,9.30318421644808,2.32E-34,9.30322229848986,3.32E-34,9.30327998002829,6.29E-34,9.30333693392404,1.51E-33,9.30321269889614,5.75E-33,9.30328331485929,1.58E-32
,,,,,,,,,,,,9.30798426444851,2.32E-34,9.30802234649042,3.32E-34,9.30808002802874,6.29E-34,9.30813698192465,1.51E-33,9.30801274689654,5.75E-33,9.30808336285977,1.58E-32
,,,,,,,,,,,,9.31278431244894,2.32E-34,9.31282239449085,3.32E-34,9.31288007602916,6.29E-34,9.31293702992509,1.51E-33,9.31281279489707,5.75E-33,9.31288341086032,1.58E-32
,,,,,,,,,,,,9.31758436044955,2.32E-34,9.31762244249129,3.32E-34,9.31768012402976,6.29E-34,9.31773707792551,1.51E-33,9.31761284289757,5.75E-33,9.31768345886071,1.58E-32
,,,,,,,,,,,,9.32238440844995,2.32E-34,9.32242249049189,3.32E-34,9.32248017203017,6.29E-34,9.32253712592607,1.51E-33,9.32241289089796,5.75E-33,9.32248350686123,1.58E-32
,,,,,,,,,,,,9.32718445645037,2.32E-34,9.32722253849229,3.32E-34,9.32728022003057,6.29E-34,9.32733717392651,1.51E-33,9.32721293889852,5.75E-33,9.32728355486175,1.58E-32
,,,,,,,,,,,,9.33198450445099,2.32E-34,9.33202258649272,3.32E-34,9.33208026803123,6.29E-34,9.33213722192699,1.51E-33,9.332012986899,5.75E-33,9.33208360286214,1.58E-32
,,,,,,,,,,,,9.33678455245138,2.32E-34,9.33682263449334,3.32E-34,9.33688031603162,6.29E-34,9.33693726992751,1.51E-33,9.33681303489939,5.75E-33,9.33688365086268,1.58E-32
,,,,,,,,,,,,9.34158460045182,2.32E-34,9.34162268249373,3.32E-34,9.34168036403203,6.29E-34,9.34173731792792,1.51E-33,9.34161308289998,5.75E-33,9.34168369886318,1.58E-32
,,,,,,,,,,,,9.34638464845243,2.32E-34,9.34642273049416,3.31E-34,9.34648041203264,6.29E-34,9.34653736592845,1.51E-33,9.34641313090044,5.75E-33,9.34648374686357,1.58E-32
,,,,,,,,,,,,9.35118469645282,2.32E-34,9.35122277849477,3.31E-34,9.35128046003305,6.29E-34,9.35133741392895,1.51E-33,9.35121317890083,5.75E-33,9.35128379486414,1.58E-32
,,,,,,,,,,,,9.35598474445329,2.32E-34,9.35602282649516,3.31E-34,9.3560805080335,6.29E-34,9.35613746192933,1.51E-33,9.35601322690142,5.75E-33,9.35608384286462,1.58E-32
,,,,,,,,,,,,9.36078479245384,2.32E-34,9.36082287449563,3.31E-34,9.36088055603405,6.29E-34,9.36093750992992,1.51E-33,9.36081327490187,5.75E-33,9.36088389086501,1.58E-32
,,,,,,,,,,,,9.36558484045425,2.32E-34,9.36562292249618,3.31E-34,9.36568060403449,6.29E-34,9.36573755793039,1.51E-33,9.36561332290228,5.75E-33,9.36568393886559,1.58E-32
,,,,,,,,,,,,9.37038488845476,2.32E-34,9.3704229704966,3.31E-34,9.37048065203498,6.29E-34,9.37053760593077,1.51E-33,9.37041337090287,5.75E-33,9.37048398686604,1.58E-32
,,,,,,,,,,,,9.37518493645526,2.32E-34,9.3752230184971,3.31E-34,9.37528070003547,6.29E-34,9.37533765393137,1.51E-33,9.37521341890328,5.75E-33,9.37528403486645,1.58E-32
,,,,,,,,,,,,9.37998498445568,2.32E-34,9.3800230664976,3.31E-34,9.38008074803591,6.29E-34,9.38013770193182,1.51E-33,9.38001346690376,5.75E-33,9.38008408286705,1.58E-32
,,,,,,,,,,,,9.38478503245622,2.32E-34,9.38482311449803,3.31E-34,9.38488079603644,6.29E-34,9.3849377499322,1.51E-33,9.3848135149043,5.75E-33,9.38488413086745,1.58E-32
,,,,,,,,,,,,9.38958508045668,2.32E-34,9.38962316249857,3.31E-34,9.38968084403692,6.29E-34,9.38973779793281,1.51E-33,9.38961356290469,5.75E-33,9.38968417886793,1.58E-32
,,,,,,,,,,,,9.39438512845711,2.32E-34,9.39442321049903,3.31E-34,9.39448089203732,6.29E-34,9.39453784593325,1.51E-33,9.39441361090522,5.75E-33,9.39448422686848,1.58E-32
,,,,,,,,,,,,9.39918517645769,2.31E-34,9.39922325849945,3.31E-34,9.3992809400379,6.29E-34,9.39933789393365,1.51E-33,9.39921365890574,5.75E-33,9.39928427486887,1.58E-32
,,,,,,,,,,,,9.40398522445812,2.31E-34,9.40402330650004,3.31E-34,9.40408098803835,6.29E-34,9.40413794193425,1.51E-33,9.40401370690613,5.75E-33,9.40408432286938,1.58E-32
,,,,,,,,,,,,9.40878527245853,2.31E-34,9.40882335450046,3.31E-34,9.40888103603873,6.29E-34,9.40893798993468,1.51E-33,9.40881375490666,5.75E-33,9.40888437086991,1.58E-32
,,,,,,,,,,,,9.41358532045916,2.31E-34,9.41362340250087,3.31E-34,9.41368108403938,6.29E-34,9.41373803793513,1.51E-33,9.41361380290718,5.75E-33,9.4136844188703,1.58E-32
,,,,,,,,,,,,9.41838536845955,2.31E-34,9.4184234505015,3.31E-34,9.41848113203979,6.29E-34,9.41853808593568,1.51E-33,9.41841385090756,5.75E-33,9.41848446687082,1.58E-32
,,,,,,,,,,,,9.42318541645997,2.31E-34,9.42322349850189,3.31E-34,9.42328118004018,6.29E-34,9.42333813393609,1.51E-33,9.42321389890812,5.75E-33,9.42328451487136,1.58E-32
,,,,,,,,,,,,9.42798546446059,2.31E-34,9.42802354650232,3.31E-34,9.42808122804081,6.29E-34,9.42813818193659,1.51E-33,9.42801394690861,5.75E-33,9.42808456287174,1.58E-32
,,,,,,,,,,,,9.43278551246098,2.31E-34,9.43282359450294,3.31E-34,9.43288127604122,6.29E-34,9.43293822993712,1.51E-33,9.43281399490899,5.75E-33,9.43288461087228,1.58E-32
,,,,,,,,,,,,9.43758556046144,2.31E-34,9.43762364250333,3.31E-34,9.43768132404164,6.29E-34,9.43773827793751,1.51E-33,9.43761404290957,5.75E-33,9.43768465887279,1.58E-32
,,,,,,,,,,,,9.442385608462,2.31E-34,9.44242369050379,3.31E-34,9.44248137204223,6.29E-34,9.44253832593806,1.51E-33,9.44241409091004,5.75E-33,9.44248470687317,1.58E-32
,,,,,,,,,,,,9.44718565646242,2.31E-34,9.44722373850435,3.31E-34,9.44728142004265,6.29E-34,9.44733837393855,1.51E-33,9.44721413891043,5.75E-33,9.44728475487373,1.58E-32
,,,,,,,,,,,,9.45198570446292,2.31E-34,9.45202378650476,3.31E-34,9.45208146804312,6.29E-34,9.45213842193894,1.51E-33,9.45201418691104,5.75E-33,9.4520848028742,1.58E-32
,,,,,,,,,,,,9.45678575246341,2.31E-34,9.45682383450526,3.31E-34,9.45688151604365,6.29E-34,9.45693846993952,1.51E-33,9.45681423491145,5.75E-33,9.45688485087461,1.58E-32
,,,,,,,,,,,,9.46158580046385,2.31E-34,9.46162388250576,3.31E-34,9.46168156404408,6.29E-34,9.46173851793998,1.51E-33,9.46161428291191,5.75E-33,9.46168489887521,1.58E-32
,,,,,,,,,,,,9.46638584846438,2.31E-34,9.46642393050619,3.31E-34,9.46648161204458,6.29E-34,9.46653856594037,1.51E-33,9.46641433091248,5.75E-33,9.46648494687562,1.58E-32
,,,,,,,,,,,,9.47118589646485,2.31E-34,9.47122397850672,3.31E-34,9.47128166004508,6.29E-34,9.47133861394095,1.51E-33,9.47121437891286,5.75E-33,9.47128499487607,1.58E-32
,,,,,,,,,,,,9.47598594446526,2.31E-34,9.47602402650719,3.31E-34,9.47608170804549,6.29E-34,9.47613866194142,1.51E-33,9.47601442691336,5.75E-33,9.47608504287666,1.58E-32
,,,,,,,,,,,,9.48078599246584,2.31E-34,9.4808240745076,3.31E-34,9.48088175604606,6.29E-34,9.48093870994181,1.51E-33,9.48081447491391,5.75E-33,9.48088509087704,1.58E-32
,,,,,,,,,,,,9.48558604046629,2.31E-34,9.48562412250819,3.31E-34,9.48568180404652,6.29E-34,9.48573875794242,1.51E-33,9.48561452291429,5.75E-33,9.48568513887752,1.58E-32
,,,,,,,,,,,,9.49038608846667,2.31E-34,9.49042417050864,3.31E-34,9.49048185204691,6.29E-34,9.49053880594283,1.51E-33,9.49041457091481,5.75E-33,9.49048518687809,1.58E-32
,,,,,,,,,,,,9.49518613646732,2.31E-34,9.49522421850902,3.31E-34,9.49528190004753,6.29E-34,9.49533885394329,1.51E-33,9.49521461891535,5.75E-33,9.49528523487847,1.58E-32
,,,,,,,,,,,,9.49998618446773,2.31E-34,9.50002426650967,3.31E-34,9.50008194804795,6.29E-34,9.50013890194386,1.51E-33,9.50001466691572,5.75E-33,9.50008528287896,1.58E-32
,,,,,,,,,,,,9.50478623246812,2.31E-34,9.50482431451007,3.31E-34,9.50488199604834,6.29E-34,9.50493894994424,1.51E-33,9.50481471491627,5.75E-33,9.50488533087952,1.58E-32
,,,,,,,,,,,,9.50958628046875,2.31E-34,9.50962436251046,3.31E-34,9.50968204404896,6.29E-34,9.50973899794474,1.51E-33,9.50961476291678,5.75E-33,9.5096853788799,1.58E-32
,,,,,,,,,,,,9.51438632846916,2.31E-34,9.51442441051109,3.31E-34,9.51448209204938,6.29E-34,9.51453904594529,1.51E-33,9.51441481091716,5.75E-33,9.51448542688043,1.58E-32
,,,,,,,,,,,,9.51918637646958,2.31E-34,9.5192244585115,3.31E-34,9.5192821400498,6.29E-34,9.51933909394567,1.51E-33,9.51921485891772,5.75E-33,9.51928547488096,1.58E-32
,,,,,,,,,,,,9.52398642447017,2.31E-34,9.52402450651193,3.31E-34,9.52408218805038,6.29E-34,9.52413914194619,1.51E-33,9.5240149069182,5.75E-33,9.52408552288134,1.58E-32
,,,,,,,,,,,,9.52878647247059,2.31E-34,9.52882455451251,3.31E-34,9.52888223605082,6.29E-34,9.52893918994673,1.51E-33,9.52881495491859,5.75E-33,9.52888557088189,1.58E-32
,,,,,,,,,,,,9.53358652047106,2.31E-34,9.53362460251294,3.31E-34,9.53368228405128,6.29E-34,9.53373923794711,1.51E-33,9.53361500291919,5.75E-33,9.53368561888237,1.58E-32
,,,,,,,,,,,,9.53838656847159,2.31E-34,9.53842465051341,3.31E-34,9.53848233205183,6.29E-34,9.53853928594765,1.51E-33,9.53841505091961,5.75E-33,9.53848566688277,1.58E-32
,,,,,,,,,,,,9.54318661647201,2.31E-34,9.54322469851393,3.31E-34,9.54328238005223,6.29E-34,9.54333933394816,1.51E-33,9.54321509892005,5.75E-33,9.54328571488335,1.58E-32
,,,,,,,,,,,,9.54798666447252,2.31E-34,9.54802474651436,3.31E-34,9.54808242805273,6.29E-34,9.54813938194854,1.51E-33,9.54801514692064,5.75E-33,9.54808576288378,1.58E-32
,,,,,,,,,,,,9.55278671247302,2.31E-34,9.55282479451486,3.31E-34,9.55288247605326,6.29E-34,9.5529394299491,1.51E-33,9.55281519492103,5.75E-33,9.55288581088422,1.58E-32
,,,,,,,,,,,,9.55758676047343,2.31E-34,9.55762484251537,3.31E-34,9.55768252405364,6.29E-34,9.55773947794958,1.51E-33,9.5576152429215,5.75E-33,9.55768585888482,1.58E-32
,,,,,,,,,,,,9.56238680847399,2.31E-34,9.56242489051577,3.31E-34,9.5624825720542,6.29E-34,9.56253952594997,1.51E-33,9.56241529092208,5.75E-33,9.56248590688521,1.58E-32
,,,,,,,,,,,,9.56718685647446,2.31E-34,9.56722493851633,3.31E-34,9.56728262005469,6.29E-34,9.56733957395057,1.51E-33,9.56721533892247,5.75E-33,9.56728595488566,1.58E-32
,,,,,,,,,,,,9.57198690447484,2.31E-34,9.5720249865168,3.31E-34,9.57208266805507,6.29E-34,9.57213962195099,1.51E-33,9.57201538692295,5.75E-33,9.57208600288626,1.58E-32
,,,,,,,,,,,,9.57678695247548,2.31E-34,9.57682503451718,3.31E-34,9.57688271605566,6.29E-34,9.57693966995143,1.51E-33,9.57681543492351,5.75E-33,9.57688605088665,1.58E-32
,,,,,,,,,,,,9.58158700047589,2.31E-34,9.58162508251782,3.31E-34,9.58168276405613,6.29E-34,9.58173971795203,1.51E-33,9.5816154829239,5.75E-33,9.58168609888711,1.58E-32
,,,,,,,,,,,,9.58638704847627,2.31E-34,9.58642513051824,3.31E-34,9.58648281205651,6.29E-34,9.58653976595241,1.51E-33,9.5864155309244,5.75E-33,9.58648614688769,1.58E-32
,,,,,,,,,,,,9.59118709647691,2.30E-34,9.59122517851861,3.31E-34,9.5912828600571,6.29E-34,9.59133981395289,1.51E-33,9.59121557892494,5.75E-33,9.59128619488808,1.58E-32
,,,,,,,,,,,,9.59598714447732,2.30E-34,9.59602522651926,3.31E-34,9.59608290805756,6.29E-34,9.59613986195346,1.51E-33,9.59601562692534,5.75E-33,9.59608624288857,1.58E-32
,,,,,,,,,,,,9.60078719247773,2.30E-34,9.60082527451967,3.31E-34,9.60088295605794,6.29E-34,9.60093990995384,1.51E-33,9.60081567492586,5.75E-33,9.60088629088911,1.58E-32
,,,,,,,,,,,,9.60558724047833,2.30E-34,9.60562532252007,3.31E-34,9.60568300405856,6.29E-34,9.60573995795434,1.51E-33,9.60561572292635,5.75E-33,9.60568633888951,1.58E-32
,,,,,,,,,,,,9.61038728847876,2.30E-34,9.61042537052068,3.31E-34,9.61048305205898,6.29E-34,9.61054000595489,1.51E-33,9.61041577092677,5.75E-33,9.61048638689003,1.58E-32
,,,,,,,,,,,,9.61518733647921,2.30E-34,9.6152254185211,3.31E-34,9.61528310005942,6.29E-34,9.61534005395527,1.51E-33,9.61521581892734,5.75E-33,9.61528643489052,1.58E-32
,,,,,,,,,,,,9.61998738447976,2.30E-34,9.62002546652155,3.30E-34,9.62008314805999,6.29E-34,9.6201401019558,1.51E-33,9.62001586692776,5.75E-33,9.62008648289095,1.58E-32
,,,,,,,,,,,,9.62478743248018,2.30E-34,9.6248255145221,3.30E-34,9.62488319606039,6.29E-34,9.62494014995633,1.51E-33,9.6248159149282,5.75E-33,9.62488653089151,1.58E-32
,,,,,,,,,,,,9.62958748048067,2.30E-34,9.62962556252252,3.30E-34,9.62968324406088,6.29E-34,9.62974019795671,1.51E-33,9.62961596292882,5.75E-33,9.62968657889194,1.58E-32
,,,,,,,,,,,,9.63438752848119,2.30E-34,9.63442561052302,3.30E-34,9.63448329206142,6.29E-34,9.63454024595726,1.51E-33,9.6344160109292,5.75E-33,9.63448662689237,1.58E-32
,,,,,,,,,,,,9.63918757648159,2.30E-34,9.63922565852353,3.30E-34,9.6392833400618,6.29E-34,9.63934029395775,1.51E-33,9.63921605892965,5.75E-33,9.63928667489299,1.58E-32
,,,,,,,,,,,,9.64398762448214,2.30E-34,9.64402570652393,3.30E-34,9.64408338806236,6.29E-34,9.64414034195814,1.51E-33,9.64401610693025,5.75E-33,9.64408672289338,1.58E-32
,,,,,,,,,,,,9.64878767248262,2.30E-34,9.64882575452449,3.30E-34,9.64888343606286,6.29E-34,9.64894038995871,1.51E-33,9.64881615493063,5.75E-33,9.6488867708938,1.58E-32
,,,,,,,,,,,,9.65358772048301,2.30E-34,9.65362580252497,3.30E-34,9.65368348406324,6.29E-34,9.65374043795916,1.51E-33,9.65361620293108,5.75E-33,9.65368681889443,1.58E-32
,,,,,,,,,,,,9.65838776848361,2.30E-34,9.65842585052536,3.30E-34,9.65848353206381,6.29E-34,9.65854048595958,1.51E-33,9.65841625093169,5.75E-33,9.65848686689481,1.58E-32
,,,,,,,,,,,,9.66318781648406,2.30E-34,9.66322589852595,3.30E-34,9.66328358006429,6.29E-34,9.66334053396019,1.51E-33,9.66321629893207,5.75E-33,9.66328691489524,1.58E-32
,,,,,,,,,,,,9.66798786448445,2.30E-34,9.6680259465264,3.30E-34,9.66808362806467,6.29E-34,9.66814058196058,1.51E-33,9.66801634693256,5.75E-33,9.66808696289587,1.58E-32
,,,,,,,,,,,,9.67278791248504,2.30E-34,9.67282599452679,3.30E-34,9.67288367606526,6.29E-34,9.67294062996104,1.51E-33,9.67281639493311,5.75E-33,9.67288701089625,1.58E-32
,,,,,,,,,,,,9.67758796048549,2.30E-34,9.67762604252739,3.30E-34,9.67768372406573,6.28E-34,9.67774067796162,1.51E-33,9.6776164429335,5.75E-33,9.67768705889673,1.58E-32
,,,,,,,,,,,,9.68238800848588,2.30E-34,9.68242609052783,3.30E-34,9.68248377206611,6.28E-34,9.68254072596201,1.51E-33,9.68241649093403,5.75E-33,9.68248710689728,1.58E-32
,,,,,,,,,,,,9.6871880564865,2.30E-34,9.68722613852822,3.30E-34,9.6872838200667,6.28E-34,9.68734077396247,1.51E-33,9.68721653893452,5.75E-33,9.68728715489768,1.58E-32
,,,,,,,,,,,,9.69198810448692,2.30E-34,9.69202618652884,3.30E-34,9.69208386806715,6.28E-34,9.69214082196306,1.51E-33,9.69201658693493,5.75E-33,9.69208720289819,1.58E-32
,,,,,,,,,,,,9.69678815248736,2.30E-34,9.69682623452927,3.30E-34,9.69688391606757,6.28E-34,9.69694086996345,1.51E-33,9.69681663493548,5.75E-33,9.69688725089869,1.58E-32
,,,,,,,,,,,,9.70158820048793,2.30E-34,9.7016262825297,3.30E-34,9.70168396406816,6.28E-34,9.70174091796393,1.51E-33,9.70161668293593,5.75E-33,9.70168729889911,1.58E-32
,,,,,,,,,,,,9.70638824848833,2.30E-34,9.70642633053028,3.30E-34,9.70648401206856,6.28E-34,9.70654096596449,1.51E-33,9.70641673093637,5.75E-33,9.70648734689965,1.58E-32
,,,,,,,,,,,,9.71118829648883,2.30E-34,9.71122637853068,3.30E-34,9.71128406006904,6.28E-34,9.71134101396488,1.51E-33,9.71121677893696,5.75E-33,9.71128739490011,1.58E-32
,,,,,,,,,,,,9.71598834448937,2.30E-34,9.71602642653117,3.30E-34,9.71608410806959,6.28E-34,9.71614106196541,1.51E-33,9.71601682693736,5.75E-33,9.71608744290054,1.58E-32
,,,,,,,,,,,,9.72078839248974,2.30E-34,9.72082647453171,3.30E-34,9.72088415606998,6.28E-34,9.7209411099659,1.51E-33,9.7208168749378,5.75E-33,9.72088749090113,1.58E-32
,,,,,,,,,,,,9.72558844049028,2.30E-34,9.72562652253209,3.30E-34,9.72568420407049,6.28E-34,9.72574115796632,1.51E-33,9.72561692293842,5.75E-33,9.72568753890154,1.58E-32
,,,,,,,,,,,,9.7303884884908,2.30E-34,9.73042657053263,3.30E-34,9.73048425207102,6.28E-34,9.73054120596686,1.51E-33,9.7304169709388,5.75E-33,9.73048758690196,1.58E-32
,,,,,,,,,,,,9.73518853649118,2.30E-34,9.73522661853314,3.30E-34,9.73528430007141,6.28E-34,9.73534125396731,1.51E-33,9.73521701893923,5.75E-33,9.7352876349026,1.58E-32
,,,,,,,,,,,,9.73998858449175,2.30E-34,9.74002666653352,3.30E-34,9.74008434807194,6.28E-34,9.74014130196775,1.51E-33,9.74001706693985,5.75E-33,9.74008768290298,1.58E-32
,,,,,,,,,,,,9.74478863249223,2.30E-34,9.7448267145341,3.30E-34,9.74488439607246,6.28E-34,9.74494134996834,1.51E-33,9.74481711494023,5.75E-33,9.74488773090339,1.58E-32
,,,,,,,,,,,,9.74958868049261,2.30E-34,9.74962676253458,3.30E-34,9.74968444407285,6.28E-34,9.74974139796875,1.51E-33,9.7496171629407,5.75E-33,9.74968777890403,1.58E-32
,,,,,,,,,,,,9.7543887284932,2.30E-34,9.75442681053496,3.30E-34,9.7544844920734,6.28E-34,9.75454144596917,1.51E-33,9.75441721094127,5.75E-33,9.75448782690441,1.58E-32
,,,,,,,,,,,,9.75918877649367,2.30E-34,9.75922685853554,3.30E-34,9.75928454007389,6.28E-34,9.7593414939698,1.51E-33,9.75921725894167,5.75E-33,9.75928787490487,1.58E-32
,,,,,,,,,,,,9.76398882449405,2.30E-34,9.76402690653601,3.30E-34,9.76408458807428,6.28E-34,9.76414154197018,1.51E-33,9.76401730694217,5.75E-33,9.76408792290544,1.58E-32
,,,,,,,,,,,,9.76878887249464,2.30E-34,9.76882695453639,3.30E-34,9.76888463607485,6.28E-34,9.76894158997062,1.51E-33,9.76881735494268,5.75E-33,9.76888797090584,1.58E-32
,,,,,,,,,,,,9.77358892049509,2.30E-34,9.77362700253698,3.30E-34,9.7736846840753,6.28E-34,9.77374163797123,1.51E-33,9.77361740294311,5.75E-33,9.77368801890634,1.58E-32
,,,,,,,,,,,,9.7783889684955,2.30E-34,9.77842705053743,3.30E-34,9.77848473207572,6.28E-34,9.77854168597161,1.51E-33,9.77841745094363,5.75E-33,9.77848806690685,1.58E-32
,,,,,,,,,,,,9.7831890164961,2.30E-34,9.78322709853785,3.30E-34,9.78328478007633,6.28E-34,9.78334173397208,1.51E-33,9.78321749894411,5.75E-33,9.78328811490729,1.58E-32
,,,,,,,,,,,,9.7879890644965,2.30E-34,9.78802714653844,3.30E-34,9.78808482807671,6.28E-34,9.78814178197266,1.51E-33,9.78801754694453,5.75E-33,9.78808816290779,1.58E-32
,,,,,,,,,,,,9.79278911249698,2.29E-34,9.79282719453884,3.30E-34,9.79288487607718,6.28E-34,9.79294182997305,1.51E-33,9.79281759494511,5.75E-33,9.79288821090829,1.58E-32
,,,,,,,,,,,,9.79758916049753,2.29E-34,9.79762724253933,3.30E-34,9.79768492407777,6.28E-34,9.79774187797355,1.51E-33,9.79761764294554,5.75E-33,9.7976882589087,1.58E-32
,,,,,,,,,,,,9.80238920849791,2.29E-34,9.80242729053987,3.30E-34,9.80248497207815,6.28E-34,9.80254192597407,1.51E-33,9.80241769094594,5.75E-33,9.80248830690927,1.58E-32
,,,,,,,,,,,,9.80718925649844,2.29E-34,9.80722733854025,3.30E-34,9.80728502007863,6.28E-34,9.80734197397449,1.51E-33,9.80721773894657,5.75E-33,9.80728835490972,1.58E-32
,,,,,,,,,,,,9.81198930449896,2.29E-34,9.81202738654078,3.30E-34,9.8120850680792,6.28E-34,9.81214202197501,1.51E-33,9.81201778694697,5.75E-33,9.81208840291011,1.58E-32
,,,,,,,,,,,,9.81678935249934,2.29E-34,9.81682743454131,3.30E-34,9.81688511607958,6.28E-34,9.81694206997548,1.51E-33,9.81681783494738,5.75E-33,9.81688845091074,1.58E-32
,,,,,,,,,,,,9.82158940049989,2.29E-34,9.82162748254169,3.30E-34,9.82168516408008,6.28E-34,9.82174211797593,1.51E-33,9.82161788294802,5.75E-33,9.82168849891115,1.58E-32
,,,,,,,,,,,,9.8263894485004,2.29E-34,9.82642753054224,3.30E-34,9.82648521208063,6.28E-34,9.82654216597649,1.51E-33,9.82641793094841,5.75E-33,9.82648854691154,1.58E-32
,,,,,,,,,,,,9.83118949650078,2.29E-34,9.83122757854274,3.30E-34,9.83128526008101,6.28E-34,9.83134221397691,1.51E-33,9.83121797894886,5.75E-33,9.83128859491219,1.58E-32
,,,,,,,,,,,,9.83598954450134,2.29E-34,9.83602762654312,3.30E-34,9.83608530808154,6.28E-34,9.83614226197734,1.51E-33,9.83601802694943,5.75E-33,9.83608864291259,1.58E-32
,,,,,,,,,,,,9.84078959250183,2.29E-34,9.84082767454368,3.30E-34,9.84088535608206,6.28E-34,9.84094230997795,1.51E-33,9.84081807494984,5.75E-33,9.84088869091302,1.58E-32
,,,,,,,,,,,,9.84558964050222,2.29E-34,9.84562772254418,3.30E-34,9.84568540408246,6.28E-34,9.84574235797834,1.51E-33,9.84561812295032,5.75E-33,9.8456887389136,1.58E-32
,,,,,,,,,,,,9.85038968850278,2.29E-34,9.85042777054457,3.30E-34,9.850485452083,6.28E-34,9.85054240597876,1.51E-33,9.85041817095084,5.75E-33,9.85048878691402,1.58E-32
,,,,,,,,,,,,9.85518973650325,2.29E-34,9.85522781854513,3.30E-34,9.85528550008347,6.28E-34,9.8553424539794,1.51E-33,9.85521821895128,5.75E-33,9.85528883491449,1.58E-32
,,,,,,,,,,,,9.85998978450365,2.29E-34,9.8600278665456,3.30E-34,9.86008554808389,6.28E-34,9.86014250197979,1.51E-33,9.86001826695178,5.75E-33,9.86008888291502,1.58E-32
,,,,,,,,,,,,9.86478983250426,2.29E-34,9.864827914546,3.30E-34,9.86488559608448,6.28E-34,9.86494254998023,1.51E-33,9.86481831495227,5.75E-33,9.86488893091544,1.58E-32
,,,,,,,,,,,,9.86958988050466,2.29E-34,9.86962796254661,3.30E-34,9.86968564408488,6.28E-34,9.86974259798082,1.51E-33,9.8696183629527,5.75E-33,9.86968897891595,1.58E-32
,,,,,,,,,,,,9.87438992850512,2.29E-34,9.87442801054701,3.30E-34,9.87448569208534,6.28E-34,9.87454264598122,1.51E-33,9.87441841095326,5.75E-33,9.87448902691645,1.58E-32
,,,,,,,,,,,,9.8791899765057,2.29E-34,9.87922805854747,3.30E-34,9.87928574008593,6.28E-34,9.87934269398169,1.51E-33,9.87921845895371,5.75E-33,9.87928907491687,1.58E-32
,,,,,,,,,,,,9.88399002450609,2.29E-34,9.88402810654804,3.30E-34,9.88408578808631,6.28E-34,9.88414274198223,1.51E-33,9.88401850695411,5.75E-33,9.88408912291743,1.58E-32
,,,,,,,,,,,,9.88879007250658,2.29E-34,9.88882815454843,3.30E-34,9.88888583608677,6.28E-34,9.88894278998266,1.51E-33,9.88881855495473,5.75E-33,9.88888917091788,1.58E-32
,,,,,,,,,,,,9.89359012050713,2.29E-34,9.89362820254892,3.30E-34,9.89368588408737,6.28E-34,9.89374283798315,1.51E-33,9.89361860295514,5.75E-33,9.89368921891828,1.58E-32
,,,,,,,,,,,,9.89839016850752,2.29E-34,9.89842825054947,3.30E-34,9.89848593208776,6.28E-34,9.89854288598365,1.51E-33,9.89841865095553,5.75E-33,9.89848926691889,1.58E-32
,,,,,,,,,,,,9.90319021650804,2.29E-34,9.90322829854986,3.30E-34,9.90328598008823,6.28E-34,9.90334293398408,1.51E-33,9.90321869895617,5.75E-33,9.90328931491932,1.58E-32
,,,,,,,,,,,,9.90799026450856,2.29E-34,9.90802834655038,3.30E-34,9.9080860280888,6.28E-34,9.90814298198463,1.51E-33,9.90801874695657,5.75E-33,9.90808936291971,1.58E-32
,,,,,,,,,,,,9.91279031250895,2.29E-34,9.91282839455091,3.30E-34,9.91288607608919,6.28E-34,9.91294302998509,1.51E-33,9.912818794957,5.75E-33,9.91288941092033,1.58E-32
,,,,,,,,,,,,9.91759036050948,2.29E-34,9.9176284425513,3.29E-34,9.91768612408968,6.28E-34,9.9177430779855,1.51E-33,9.91761884295759,5.75E-33,9.91768945892075,1.58E-32
,,,,,,,,,,,,9.92239040851,2.29E-34,9.92242849055182,3.29E-34,9.92248617209022,6.28E-34,9.9225431259861,1.51E-33,9.92241889095802,5.75E-33,9.92248950692117,1.58E-32
,,,,,,,,,,,,9.92719045651039,2.29E-34,9.92722853855234,3.29E-34,9.92728622009062,6.28E-34,9.92734317398652,1.51E-33,9.92721893895847,5.75E-33,9.92728955492176,1.58E-32
,,,,,,,,,,,,9.93199050451094,2.29E-34,9.93202858655273,3.29E-34,9.93208626809114,6.28E-34,9.93214322198691,1.51E-33,9.932018986959,5.75E-33,9.9320896029222,1.58E-32
,,,,,,,,,,,,9.93679055251142,2.29E-34,9.93682863455328,3.29E-34,9.93688631609163,6.28E-34,9.93694326998757,1.51E-33,9.93681903495945,5.75E-33,9.93688965092263,1.58E-32
,,,,,,,,,,,,9.94159060051182,2.29E-34,9.94162868255376,3.29E-34,9.94168636409206,6.28E-34,9.94174331798796,1.51E-33,9.94161908295993,5.75E-33,9.94168969892318,1.58E-32
,,,,,,,,,,,,9.94639064851242,2.29E-34,9.94642873055417,3.29E-34,9.94648641209262,6.28E-34,9.94654336598838,1.51E-33,9.94641913096044,5.75E-33,9.94648974692362,1.58E-32
,,,,,,,,,,,,9.95119069651283,2.29E-34,9.95122877855476,3.29E-34,9.95128646009305,6.28E-34,9.95134341398898,1.51E-33,9.95121917896086,5.75E-33,9.9512897949241,1.58E-32
,,,,,,,,,,,,9.95599074451326,2.29E-34,9.95602882655517,3.29E-34,9.95608650809349,6.28E-34,9.95614346198939,1.51E-33,9.9560192269614,5.75E-33,9.95608984292462,1.58E-32
,,,,,,,,,,,,9.96079079251387,2.29E-34,9.96082887455561,3.29E-34,9.96088655609409,6.28E-34,9.96094350998985,1.51E-33,9.96081927496187,5.75E-33,9.96088989092503,1.58E-32
,,,,,,,,,,,,9.96559084051425,2.29E-34,9.96562892255622,3.29E-34,9.96568660409449,6.28E-34,9.9657435579904,1.51E-33,9.96561932296227,5.75E-33,9.96568993892557,1.58E-32
,,,,,,,,,,,,9.97039088851471,2.29E-34,9.9704289705566,3.29E-34,9.97048665209492,6.28E-34,9.97054360599082,1.51E-33,9.97041937096287,5.75E-33,9.97048998692605,1.58E-32
,,,,,,,,,,,,9.97519093651531,2.29E-34,9.97522901855705,3.29E-34,9.97528670009553,6.28E-34,9.97534365399133,1.51E-33,9.97521941896332,5.75E-33,9.97529003492644,1.58E-32
,,,,,,,,,,,,9.97999098451569,2.29E-34,9.98002906655765,3.29E-34,9.98008674809592,6.28E-34,9.98014370199182,1.51E-33,9.9800194669637,5.75E-33,9.98009008292704,1.58E-32
,,,,,,,,,,,,9.98479103251617,2.29E-34,9.98482911455803,3.29E-34,9.98488679609637,6.28E-34,9.98494374999224,1.51E-33,9.98481951496434,5.75E-33,9.9848901309275,1.58E-32
,,,,,,,,,,,,9.98959108051674,2.29E-34,9.98962916255851,3.29E-34,9.98968684409696,6.28E-34,9.98974379799278,1.51E-33,9.98961956296475,5.75E-33,9.98969017892787,1.58E-32
,,,,,,,,,,,,9.99439112851713,2.29E-34,9.99442921055908,3.29E-34,9.99448689209736,6.28E-34,9.99454384599325,1.51E-33,9.99441961096514,5.75E-33,9.99449022692849,1.58E-32
